S01,S02,S03,S04,S05,S06,S07,S08,S09,S10,S11,S12
68.40075339,69.00411634,127.2132133,141.2779767,123.4722097,166.4260111,71.10081006,114.8536317,104.7341225,66.20725453,140.7990961,104.8132421
142.5304741,124.611853,143.698183,72.54293629,139.2218582,32.30647396,156.4734239,173.1330621,123.6722393,116.0365513,14.85232684,145.4172719
126.6498756,123.4838444,112.8123023,100.3533636,44.99667033,120.0885748,144.9218511,79.25728686,120.8614855,129.938248,96.10062918,121.2385344
156.5335112,92.90666917,127.3928998,99.95885556,131.1099634,86.11363199,144.4190148,118.0895405,77.79828714,120.4964523,68.75912905,86.96038193
145.4010152,138.7213172,81.55958129,174.3643156,42.66079617,140.4972698,108.3018563,48.54109351,133.2392056,136.8133217,136.8544334,113.3749697
104.8839922,97.10641083,116.1061277,145.5198508,64.20472855,123.6242366,109.5755115,64.48316978,148.7820947,82.86486365,101.7847223,131.8909599
165.5474531,161.1692652,137.8066858,83.84994902,135.4889569,61.36619951,98.82207604,153.3245124,153.969513,148.1525767,40.39029961,131.8689005
172.7716656,107.9978998,71.48056108,131.531621,31.4234835,128.7774527,138.525946,47.99433457,115.2209499,169.9044566,109.7274382,94.30083924
185.0328509,92.46762882,124.5289899,91.36295619,146.2914437,90.33694259,187.554484,128.6228988,59.98117231,206.7592266,87.32566765,73.28402701
190.3885787,87.00126261,160.3462856,91.11476681,127.2011862,65.57993806,162.6746425,107.6337736,81.50483418,152.4566674,55.47676226,119.9325113
93.8176184,115.0391693,131.8713845,140.1239699,97.82309552,89.53246334,104.0356645,130.0429421,84.09056096,92.17242887,78.3201488,91.54360896
187.7817833,76.96259136,133.6559769,131.6402466,103.9462723,156.3410594,169.7635447,82.92957521,74.75440123,133.1552755,117.2768456,45.66932396
212.1665054,171.9145674,99.93348313,70.29224772,65.36283866,88.17532288,126.1191142,73.28205777,168.673319,179.8714971,60.39134072,119.7680945
120.2689772,145.8636566,89.78512396,157.5281902,39.90665207,104.1063606,127.0736056,69.52722945,181.2654048,96.93090432,128.9141699,144.3699013
161.5059349,135.7142022,63.8900155,133.8993384,45.21739694,96.90142312,108.3546759,55.40686393,135.9698913,161.0011817,88.920109,169.5927353
125.1476447,111.7264486,102.6355605,88.9300459,102.2632144,119.1308285,138.4456682,92.64223484,98.05270963,178.6002821,83.34722579,92.06335553
186.0066799,153.8969395,124.9039184,58.36322163,99.92694086,73.60949714,134.5481251,106.76277,111.9962766,155.5069387,53.42474295,134.6515395
108.8907536,94.49870767,94.57138639,109.7595577,79.78935605,109.6661609,85.05678636,104.7987186,88.84321654,91.59985074,120.4838087,95.18027771
142.7672037,124.2770113,150.130509,119.0487651,111.2600443,87.8617121,133.4998919,115.7703861,88.40738897,120.5793721,74.10155942,97.08987365
110.5918624,92.10765163,119.3135781,164.0107153,64.65401445,154.8501823,112.5460162,102.0389721,82.16906899,111.6279007,114.8902474,97.60688065
104.4386539,126.5860524,119.2283749,126.456697,77.01848865,123.1573256,82.30830433,101.2131142,131.0281706,120.1866905,78.38899283,109.3919362
151.7946758,90.50127058,103.8376884,114.4006386,71.98404054,98.99584959,135.3915928,100.6211669,71.43604938,126.7270145,143.0373678,56.01231177
134.4576576,147.2383163,140.8766891,83.31190375,86.30767875,65.8499645,140.5240064,131.1623116,160.4833479,115.0375292,35.59510514,128.5590652
175.8728268,126.580136,135.2878466,61.56566662,105.5325342,78.53914707,158.3915549,103.7268343,127.7335886,158.7866608,62.47606754,150.0431077
146.7732874,108.1556958,105.8470892,104.0321063,126.4346317,55.48847221,99.03650847,89.16441295,136.5759516,144.1027677,44.76741608,154.2142132
92.68033346,148.7373415,130.0605992,131.8057882,77.64552004,108.6388433,111.4679322,109.916987,145.638766,135.5342001,88.14103206,112.8480254
142.0412982,50.98655727,169.0598294,155.0956356,101.1493036,162.3531717,90.83100569,136.7643902,58.37304679,111.429798,154.1025024,51.34178055
181.8873468,119.5912184,85.39277539,151.3646014,60.89688683,156.2086436,145.3968758,70.44406712,94.86594299,113.164334,139.8651951,105.9361078
57.65254695,134.4654619,197.9749273,138.3001831,94.34755832,133.9836006,64.28172494,115.8260402,114.3922913,64.2635107,94.31796499,115.081717
109.7874744,55.48397046,152.5411671,136.1098317,170.0985875,95.88559555,171.4511927,170.2785982,63.38611903,148.3746286,81.17298531,73.54278812
163.9416523,78.40488468,117.9413177,95.84623451,92.8191493,129.5933233,127.5201473,102.2081914,100.3794782,148.4455273,116.4683882,82.40013524
169.3651732,122.1443444,89.43323755,65.33843711,103.8744426,82.35837141,170.3216944,96.78459137,97.2745629,165.4528699,50.73938545,90.562667
188.5362559,107.7015395,116.8998019,103.8964757,114.2690202,128.8061478,178.7659476,100.8314279,90.7626025,145.2666689,106.2660578,71.67874958
105.8570165,87.94335156,105.9559926,127.3525237,94.43616787,101.8710008,98.98317013,96.6871033,118.6804614,106.3732318,94.52915008,87.90175802
149.3222104,83.00198551,197.399575,88.55115745,160.3779312,65.27707098,165.1225363,157.2019429,107.7265122,173.0690289,38.90371979,102.6261901
168.3854959,162.3175714,75.85594252,101.1256023,88.43338221,114.2495382,137.2958966,70.56339964,140.1105655,215.6169087,101.7691529,120.6925335
96.34586193,90.60164062,190.1090952,101.1248763,95.87121241,82.95622277,75.42388754,171.4135941,86.55136318,81.56882145,96.35741009,101.8136575
63.21983336,171.0257754,134.6210684,171.7286367,72.92421499,130.0243185,58.69197186,91.20915176,141.0420608,70.8161648,78.87304585,132.3813992
78.73897263,129.3080367,189.8029203,143.5673532,87.06932506,79.76538893,86.49337838,142.7698386,130.8503887,62.98796419,108.0415234,132.3520176
152.4018007,125.7396629,157.5656098,92.83717981,109.1994796,53.97620725,129.9705671,118.5732733,76.23511724,159.3592155,47.49394347,122.3446024
172.6197439,110.3690593,64.41572606,118.1750296,45.8238287,119.7504249,137.1107191,49.15124168,148.6701556,165.8589034,97.65277104,120.6744315
107.759311,107.7840836,116.0102432,149.2540924,114.1590323,124.5721004,101.4610375,111.6787447,96.00725858,109.592827,114.0535983,79.0642573
152.8201881,139.0952514,185.7663623,80.3086492,148.6111045,50.43198614,103.5284498,150.4187246,95.87837685,142.8426492,50.81080827,108.6403805
155.4248306,89.90889543,178.1865204,91.88294662,155.3210311,57.30239451,142.9712163,139.2170346,104.8379884,115.7658539,41.67592699,136.0877817
111.4041499,139.5686334,92.42308236,143.4892345,61.82249304,137.4166394,70.98352661,114.9898835,111.858146,71.08760322,78.82065541,156.1476817
171.5658932,100.13626,87.20288276,91.15013643,80.82914204,101.9140868,134.0813414,59.25535524,146.692536,194.1040814,75.08789889,130.3301508
206.2841983,82.67873354,145.9737927,125.8606806,151.4446105,103.8670281,136.2367293,157.2201949,78.71518618,176.1401085,96.5503467,96.56449348
168.2550671,108.7787115,182.5652826,51.4386026,150.3592818,30.55750166,158.2248311,114.8180388,125.5295123,182.6883706,20.55721818,179.8088225
85.65037291,113.3190672,115.4362791,125.1917786,62.8778307,140.619463,113.2303746,84.73973312,154.787918,123.814101,99.152155,124.6674174
140.2000314,68.70061939,101.2059677,142.2007787,102.1129838,186.8054896,89.41684849,90.98951674,71.98139352,131.6558422,108.5068555,72.21910208
194.542204,111.2696387,118.8501443,129.5265372,116.3329933,89.79401699,147.9920545,119.9688764,81.89728592,150.0230247,104.6321275,80.59624708
172.8488691,101.804057,87.319448,172.9446837,64.83888321,186.1146777,99.70003483,88.03172602,71.3200375,153.3827381,120.9722312,61.75404311
93.19050264,95.92806191,140.2648504,154.8952211,112.8765163,117.0261745,62.17263105,103.5192038,128.8283967,65.17839882,80.31826455,100.3998738
107.4230506,174.6802483,132.2881594,110.3782543,101.7384082,83.90124466,88.47117564,138.7512877,180.7485639,114.7129564,76.8273744,118.6384498
118.4682878,71.55340817,99.10199744,113.3862809,89.40853115,120.3850455,83.02920296,112.6930385,80.09544213,82.53164423,105.5914315,97.46883571
77.20696037,103.8817362,154.0417725,112.6064079,115.2695158,93.28697112,86.64746459,138.3655719,90.77601334,95.68710791,98.69513791,128.8701607
154.5433614,77.86796347,149.7262915,107.2010412,116.3594917,100.8308744,96.9781146,142.0348823,62.57759189,104.3165402,102.0539482,85.94915528
179.5555499,151.0520412,83.600269,93.80323598,53.04366838,88.42597289,162.7835224,63.95166095,126.3930687,133.5001986,82.98705488,133.9752317
63.36744624,134.0712261,113.8550017,142.447558,111.4205809,120.8482117,74.2587971,113.6418823,145.525392,67.03400973,100.28007,140.5842285
96.46821683,111.9402277,129.2083904,146.1149623,69.76149334,160.2870286,89.62307933,65.83998607,173.6021239,95.64640645,129.9000265,118.8522376
149.1064948,110.7361213,137.2650205,99.05924773,106.2466827,82.33988245,133.0114369,73.73175195,110.7462865,161.9249055,61.48139643,104.3540675
93.0318732,74.87573066,121.4049455,134.911919,88.07875305,121.7310884,117.549287,107.1332828,91.58909721,94.50669765,119.9729212,69.8072795
132.8060115,103.268009,139.8192879,93.20684037,96.49018765,43.03083376,108.5807788,154.094936,83.65442013,128.1986141,36.2476563,140.5175345
173.6132179,128.9517451,132.7874201,71.4933422,90.89989845,76.98709285,130.0824725,88.97792564,90.18018005,159.796383,58.55083695,130.2300903
66.0092365,158.8337031,161.2487513,185.6571324,114.8548144,137.8858062,60.80713174,140.2543906,159.0174693,66.65042724,95.00421056,144.4157622
138.4518129,81.73019927,90.96993928,112.3759528,81.37813381,86.15122125,165.6837595,92.46397155,92.62264523,142.6458489,113.5141648,74.17945879
135.004509,112.1953895,162.5477075,89.88220443,128.4976395,57.693827,104.1353439,144.6725658,112.6427199,91.75742779,40.31968427,105.5585397
133.0353044,113.1323189,90.81386691,116.3116207,75.73122593,125.0017629,149.2548663,95.9553554,84.00473688,150.9797721,117.616139,95.14263618
165.1941044,94.41658673,178.8222405,91.0280282,154.0717115,81.18103816,101.2928391,161.7211225,78.77408252,117.3579701,73.75299455,89.09206296
128.9018075,133.4879822,82.80653865,139.7964081,55.25464295,167.5593944,153.7849353,52.78839131,94.48606702,118.7740649,140.3064153,106.0905609
190.3379962,96.17742292,106.7024448,109.7094655,93.47973358,81.56269323,139.5845628,77.09386197,78.63972748,121.0125703,70.43137823,74.72995031
79.25906378,90.2590706,153.0994568,178.9398473,69.77094199,119.8485041,88.68301554,127.793626,120.8721872,83.88364175,132.2807473,82.93422868
127.9807837,74.18038851,134.9018129,117.7941757,69.90458711,93.44127132,71.9332248,110.8441436,95.67595287,112.8272442,119.5483167,99.0193214
122.1743619,147.4188031,113.616047,100.4773015,66.90784781,84.77278306,109.459956,97.87192538,109.5396267,148.1044546,69.8791161,151.0238602
129.7570442,62.51812059,178.9283962,159.9408344,123.5205995,135.0260797,107.3385945,134.1598267,71.43522392,121.3399925,117.8062684,86.12877991
162.7501874,114.6540105,130.3841956,63.7678659,105.9871854,53.03127904,114.740654,119.6692282,96.45657295,187.0154368,46.70818896,120.2819785
102.1474352,75.62521906,177.4307887,162.0062776,118.2587891,122.6591056,97.44708621,110.6389516,69.13226883,106.3903102,113.66748,69.41490814
122.8667426,63.83144277,145.8163095,130.1360977,117.1385319,98.81710717,117.5963598,135.7741356,93.19112033,112.6468101,92.68525138,91.05142279
123.5541254,87.71246869,155.5892349,95.13451343,84.49258589,69.59391572,112.7968896,115.1386422,137.237676,112.9885451,47.56308925,142.0069029
124.5982824,92.47722386,137.9926333,106.7440455,88.90497603,59.9357114,107.9174651,106.5002799,139.0826107,117.8792766,60.85263509,146.5789688
144.9274013,186.270128,62.09160785,92.39918341,59.83181825,121.3533217,146.3020215,73.14185921,127.8625625,200.4503189,79.74333008,171.3714546
182.6349313,86.70404833,114.288379,121.0752345,79.19833549,103.7418415,154.2258721,101.9987862,99.17207297,113.0611573,63.16258339,126.238842
123.0382722,97.81250557,135.0554132,146.7744633,84.14520216,135.3467112,141.3078779,117.6366935,60.55222295,113.5307304,104.7328784,63.85756138
121.6180821,64.54880709,163.8488606,117.1427456,148.0177138,77.74879243,90.91933446,103.0550489,62.85154272,139.7380327,91.31172811,98.33186382
123.462532,78.51178355,101.7419446,137.7205845,119.3374754,159.6435833,85.02290185,126.2455714,103.0212598,145.7131112,139.1458979,63.90802356
72.89910491,94.21807665,171.3934437,199.4996716,96.07505011,120.5577878,78.55612083,131.0229734,120.4510598,90.46170739,147.6196329,105.5207189
78.15977106,113.0384903,167.8530353,139.1907625,122.6464654,121.3191194,65.85329609,134.4927341,111.0877677,85.55268755,117.9703108,76.60667892
135.7481344,100.9650555,105.3045889,136.5856891,64.12906105,141.0827058,90.67978677,57.86533857,104.8102136,116.9841368,137.0139751,100.4010186
143.9565509,57.19948156,130.0866364,179.9286677,126.1384212,158.908777,101.6721503,91.95256025,67.05962894,143.699614,110.4205636,68.06466186
127.7338914,125.5110244,98.91677004,65.50175189,100.7017688,77.11588695,148.0791631,117.5889957,134.2136215,151.8648542,61.91156689,145.6927559
104.2087599,111.0913365,121.5615344,101.4756308,103.86748,99.45776779,89.66887819,106.0529377,112.1147915,105.5831142,101.7178428,100.2178636
149.0465431,103.1357814,115.4943611,77.29618014,88.41490873,85.7506248,117.091509,75.12731129,120.5812429,193.4331108,82.54415632,94.26751425
196.7170992,66.42821891,136.6505545,101.4294434,90.87442773,121.9584066,143.9368862,110.2309581,63.26935973,196.195789,83.29345547,60.33377385
87.6660206,99.92148774,124.9756994,152.7766712,85.6646356,124.8451142,58.90633601,95.58336552,142.5937647,87.19267992,90.79359414,128.2050578
91.71610742,128.1872031,198.4832034,155.1320592,94.69713534,98.3598597,78.87408921,167.9554509,142.8165604,75.62000653,104.3481177,138.6882257
119.4589445,126.0218658,101.17883,103.6449566,121.1535838,106.3622127,103.7557552,94.41706927,129.3355857,76.11040947,58.41651912,142.822562
110.9773463,70.49787381,147.6762242,167.1323406,86.70736019,150.991974,93.36893059,101.0890398,65.49850148,98.71483813,109.5136758,64.74339401
133.6848202,64.56068411,103.8519541,171.0121686,102.6529572,168.4711205,123.3900742,127.151049,89.45626666,89.44811652,152.0268043,69.17781057
155.3297092,78.3825592,113.8784907,122.123782,94.71638706,88.92001103,120.7953437,104.072317,66.18787698,138.5048268,92.27606471,71.85099461
144.8807089,127.7485331,95.43729849,128.20593,40.41683962,102.1646852,103.4911375,72.33468486,107.5729705,152.2687828,118.7147943,151.274935
158.7798802,159.6842473,87.91055806,79.693328,54.65470742,114.4884191,164.4076827,52.42007667,126.2769023,169.5511105,64.72134556,117.008049
168.153883,143.0041138,126.2189373,108.1886519,69.93252693,88.66991927,110.9325284,102.8326888,126.0599651,165.630821,77.20895892,121.6854818
118.5615232,77.72944699,164.3913003,117.7350645,100.2814534,136.7795403,103.4110755,144.4780759,66.87263295,99.80447471,130.7176673,61.35452122
84.5142301,102.901736,105.3180091,116.392159,126.3752753,101.4380555,100.6428943,144.2923687,80.4680998,84.84909495,83.30528825,96.07455347
129.9076507,135.8118692,131.9089132,70.63613551,120.2443713,40.01607759,123.4516165,149.2876901,135.831781,166.1105554,24.84365026,144.1571746
112.4742519,54.96676374,169.1839451,133.2817634,90.21155973,138.813987,122.5742006,121.5841355,52.23929695,156.3302046,108.3803114,60.61910448
86.18328899,120.1280148,128.4281393,138.8497697,126.0813447,85.39606043,54.59520683,159.8663598,120.3563272,85.83133778,103.922735,176.2396628
124.0982687,143.6759776,96.99947514,115.0319464,66.78474969,112.1700654,93.2137132,107.171156,165.57335,89.34646857,84.42664187,157.2616168
142.2882685,126.8580536,78.56144784,122.6459453,46.17576577,99.71311709,182.3314631,61.14253389,104.2491246,158.3562406,120.188186,99.94715372
120.4611535,155.7310652,61.72908274,90.90038284,54.3100595,105.8192405,139.8900797,46.87690794,165.2846689,191.1242814,82.06937042,122.7814169
168.4681515,106.7995145,125.2042228,100.4321261,82.15849191,98.64038693,109.4009188,127.5998971,77.63493211,110.2737969,83.12726152,65.14701293
175.9104957,135.0923739,146.3435756,81.11502587,78.34293503,60.51547225,161.4013134,91.55335728,133.6680619,118.9118382,60.53225564,108.3520398
117.7321259,104.2733812,97.50212063,147.3905844,89.72092827,109.5873737,117.8206737,101.1510788,84.55396079,138.8326803,112.197576,67.43323442
187.9812476,116.2040148,125.7861596,119.6207316,102.5028505,97.1780802,159.3718482,75.69885705,96.90694634,128.9149978,70.9021694,107.4843249
109.3046057,126.7646578,92.69219129,134.9125124,59.0593279,192.8776444,101.3990037,70.11955684,172.5840232,134.57482,151.0837285,133.3242681
154.2365744,110.549836,132.8804853,112.9869955,104.4595095,67.29610343,127.5733758,111.4046152,74.25645991,130.2672844,57.94197041,122.047956
124.2261402,65.65555055,149.4123245,150.3751838,154.7061239,162.4374955,110.0878531,180.4309424,80.80715176,133.8794247,141.2149572,64.58256629
114.2989706,82.28288951,88.24573023,170.6642572,65.46825351,109.447256,103.7818969,110.2686678,104.8274132,110.3374185,89.15850255,97.58334128
136.745791,128.7600621,91.5712519,102.7169376,78.86496787,62.67077106,92.20687877,103.3351377,108.8299001,102.7674142,63.10746357,155.3475703
129.4360958,66.86638689,126.314355,104.1551463,130.2658118,75.51481044,146.7408505,162.2507266,51.55601945,117.5302118,91.51104711,106.399919
96.07239642,145.7126519,101.9770673,162.0218177,87.11598724,138.5738514,71.67764744,87.48305933,131.1476583,84.64986711,133.6140019,162.2525458
139.5202228,116.1565357,159.8642981,87.57621945,102.8688855,41.06792579,171.9340693,144.948116,107.1510742,113.2461497,29.63158715,168.1065447
157.3415666,106.9964272,119.3631737,131.637373,110.8157347,135.3928116,128.5824596,99.06916754,85.16992264,180.9852557,113.9187557,70.57675811
207.5107394,150.4915458,80.76621195,102.802151,60.85959103,109.7493214,142.7434551,55.38641843,136.680161,142.3814018,122.6821338,118.9300421
124.3861136,142.4811344,83.8024709,134.4013181,47.18419804,105.0581406,148.916657,64.21708732,104.448537,102.6301124,91.76176652,120.5549062
113.6393705,143.936001,86.80615537,101.981426,47.76467271,131.0854475,90.78955868,83.28201577,116.7817843,118.9311709,97.4582105,118.7123714
107.7746856,165.9815123,127.3179469,113.6895718,130.836001,60.40124685,125.119048,141.0910202,127.2661692,106.9496195,59.33938071,183.7120362
178.6171663,83.81278031,136.8817392,114.4633032,117.3232969,96.93298763,132.3539628,110.5004478,68.60420672,167.2089163,67.40910009,76.7678213
99.62767017,134.7921846,92.81352216,148.5850376,40.47610006,110.9283805,83.84165982,55.56871745,126.239859,131.0613725,86.87034011,137.108484
198.9438912,142.9173088,93.17557317,103.0129812,47.56628781,104.7413406,132.5019206,51.46762157,105.1799406,194.1770921,114.8790433,126.0301824
58.5158608,102.4711383,126.9553498,120.2735337,110.4911666,108.8391288,41.40631429,139.5437555,126.6107528,57.75345093,87.4832993,168.9705232
107.0491104,103.7239255,93.99515807,134.5587591,56.16840757,122.8919415,112.4983757,71.8523593,131.9080019,97.65646555,96.34769881,91.36017285
144.6337541,131.7508809,58.60373648,102.3782884,38.69401819,113.2223169,191.348641,58.29538106,108.1629802,174.5761012,97.28163993,136.5787277
142.0974503,120.4864128,153.8166196,68.66770212,103.7961483,64.89854682,140.3689623,115.0760864,109.9964668,160.9536827,45.6176874,102.8745145
108.9276475,77.20047049,113.9082101,183.7201204,66.95624903,162.7380369,96.38939035,74.0428639,96.93417002,136.0350385,153.0591404,68.5865659
112.2755174,62.10899345,195.6083874,191.1871486,127.1607045,142.5878983,92.78373099,152.4133486,71.98165286,83.00034687,136.2389965,94.61054041
199.9772963,115.1873826,66.00091097,96.05487984,67.93942797,97.29204183,121.4618,71.01124407,115.2432354,176.9381266,92.05060973,116.620805
87.73580614,110.802089,141.7081137,146.8026798,83.88725963,78.81706923,90.52323925,135.1201935,97.45134316,81.67432943,94.81321425,132.7455645
141.9873228,97.4410642,99.81590233,136.789907,57.58114421,118.3686337,122.6551851,92.13650497,91.78489948,130.9016409,103.3818353,59.93403277
106.1561947,75.85503327,106.3979694,134.1235102,94.57272306,108.940576,81.73563484,125.1672403,106.0017215,109.5684441,101.6288845,80.82413075
147.5299595,149.6367897,98.96676248,74.83303521,100.0701309,88.21592777,119.6073788,107.8324218,138.1798777,125.7432293,53.88343218,176.6796306
120.5845975,88.08575676,68.12246063,168.7438178,65.35141032,154.6067961,102.2498765,58.06040354,95.43947509,113.5205788,133.5046525,73.77889025
131.1437532,168.4911507,83.38265784,93.75934987,46.9349971,109.9747937,114.8599055,90.16108742,144.6928036,105.7250587,85.4043941,109.0400746
123.4338668,117.8944715,59.35052744,130.5849336,35.72672327,145.8961456,135.5906606,36.37488023,149.070178,116.8855692,143.4709149,106.3414291
84.71857634,150.3842659,123.2294096,141.6017711,101.6281443,141.9685741,50.8322228,144.3697877,129.8662064,60.19451893,143.5167889,149.729683
123.0327942,75.76114285,113.1877581,116.6200847,75.68391271,98.61916287,68.38262995,83.02950232,89.92818122,101.2351766,114.8659302,96.82124516
138.1443517,117.2360086,171.8246083,112.5792363,82.95451027,66.98500241,100.1401749,130.3056102,84.1973919,87.47427295,55.67245751,109.301368
126.1973854,64.19348341,164.4528209,129.4337433,131.5708647,82.67898885,132.2555851,138.0763504,94.53613998,146.5135134,105.6663456,110.0703592
87.86769366,127.5846146,135.7961019,82.26784602,99.49105714,89.77522747,109.5658393,128.897613,120.9454752,110.0658772,74.21784405,105.8118065
166.2923968,88.962839,172.7311135,112.9134862,122.0393377,110.7429628,132.8001388,113.2304992,85.27690067,158.7999387,90.82637232,71.5789811
169.2133202,104.5389116,83.20919765,122.208735,69.69222955,121.4731655,137.2007681,71.41800612,137.3641463,153.7678061,106.0884862,139.7082203
122.1926684,81.2979693,92.22118059,161.811822,91.49967646,202.655739,99.79316028,82.9023487,108.6344185,105.8037789,188.3042361,51.15232384
132.8151813,146.7698113,146.5036712,78.02487206,124.5856974,47.79682848,105.5251357,139.2998093,87.62046228,144.5039706,53.87165512,146.7885867
103.7526192,117.6961394,101.3057039,93.6989333,78.47850674,75.17539357,133.6509782,124.8805903,140.6821412,110.3689467,44.78064149,162.9464748
148.6777014,73.65191178,156.9070733,110.7587146,95.35747544,68.78268456,125.7234933,141.6032579,81.43840669,130.784959,68.52875727,120.2198205
100.1818625,148.8512011,182.6421518,94.09614485,120.2415533,80.10793613,105.9224224,152.3053024,113.5787602,85.49209048,55.02004204,105.0522358
144.6335967,109.3452353,102.3033491,123.5145365,88.21556671,93.91820476,146.1630297,70.73083109,110.5619898,151.3181344,122.1035762,84.5483208
95.33978933,100.5091005,121.7598158,157.8088889,84.53560144,102.312445,94.15947863,123.0854571,135.7031044,96.72141379,103.0740439,139.5727243
179.5445327,80.25225704,138.926355,133.5162634,99.78947768,126.5628224,154.177849,102.2973775,54.08162828,168.9616254,140.2763657,65.52848419
99.76754718,115.300836,141.4821143,128.4110391,104.2103255,180.966315,84.93426773,87.78546635,121.7013376,65.71969354,114.1860817,90.08161051
136.2707768,117.3714634,108.1601213,126.7088102,93.96067694,80.0519753,81.22682377,90.42674429,108.9331674,116.7351564,75.34864698,122.2387181
179.5931073,104.339479,159.9185173,90.5197975,95.17494841,104.6653044,140.6455896,95.93020752,82.89196045,185.9806632,98.44735793,100.8380258
158.975287,114.076008,176.6852016,77.95844365,86.93649132,51.75599246,129.0980304,101.8437627,107.9417652,111.6780216,54.98837047,119.9336166
160.0914044,144.4363557,102.9318368,85.43877667,73.20774638,85.53603522,132.9832599,89.56129892,132.515091,124.0178918,72.97063404,96.17954793
142.7541039,46.91818643,136.7280299,123.2885305,115.9221043,111.8175884,117.0943889,129.3674851,75.8325526,135.0524208,149.5430695,66.46078768
190.989377,115.3740741,111.8081022,130.7885336,78.51624193,114.9337257,151.2238574,71.73313348,109.3430924,134.6914817,136.8426164,95.65153024
193.8085169,151.1716056,71.75283417,107.1945053,68.77474287,118.8017869,161.9945741,81.88401039,110.3833325,162.090832,92.50733062,103.2430723
106.1984293,106.4963072,109.4595842,130.0590286,68.73121049,158.7449992,88.15551391,75.5931518,120.2724538,108.5086946,121.6116341,132.4175271
114.0577192,151.1178419,160.1787228,100.2366379,121.6950289,76.92070894,116.5771175,121.983603,154.5012313,119.3166469,41.46592781,177.6820387
75.93832685,148.9455778,156.8123034,116.1786211,117.8825383,96.4543465,53.00920902,138.8337603,139.3777497,68.8986715,106.9947911,165.6408506
188.3521488,104.1685893,84.23945481,92.64980405,96.5418528,74.87093478,122.4323738,104.8223841,96.82109989,152.7645812,93.83967457,97.27689865
96.34072777,101.0607393,115.3330071,159.3311277,74.47439479,111.6565316,107.3338218,108.7962712,107.349239,113.529682,98.53172624,89.28011597
96.2496763,81.01240091,132.0929236,131.2865899,94.06712428,67.20322849,114.8659339,124.8657262,99.15487171,124.0754858,83.54138678,88.28532972
109.22668,141.0899232,77.69037396,118.0719786,44.757498,83.56102343,135.2142656,76.21553629,102.3049178,143.9030708,70.28959003,118.3889212
106.6545947,156.719239,86.18841416,130.115731,62.08157053,97.26242356,109.3977105,83.57133473,119.9732864,132.901758,73.85896269,146.5717718
126.2848981,74.44833699,175.3175182,138.7902404,132.2355027,120.9220617,106.2832851,155.7601154,65.40962513,118.8510637,68.01048341,89.92275113
139.8465226,112.8913096,98.52872413,116.1899044,94.53684132,78.39349649,125.3959066,92.17746113,103.0962003,102.1853688,83.78465851,88.02582456
109.2028483,67.84190648,118.6511574,104.6556742,74.45457246,122.5687269,108.6153549,81.70401403,64.82070303,108.0131134,92.59078669,96.92283203
151.5631573,190.9025238,74.32585786,140.2541266,28.86922086,133.8493297,140.8740758,44.01593701,167.7319008,136.3341235,122.156115,158.4363769
165.8212841,79.92172184,125.9343501,131.9486258,90.58685453,119.335828,132.309492,94.6280133,83.1909818,189.8116214,102.3255897,71.54412654
70.09045337,150.4526299,174.1463705,167.9564276,113.1400352,126.8249161,73.46358021,126.5596276,175.3569561,78.64641074,89.31347295,143.3771334
158.7224849,128.9721145,68.99508055,153.2581351,34.80352989,114.2739868,96.05350632,61.49437237,149.2631079,100.0823949,100.025618,133.3944298
194.8416423,151.5669009,99.7716107,81.78369133,103.1130063,56.29490856,134.0619926,77.0378795,86.88197371,191.4404084,64.95848297,147.6729071
155.8076634,124.5223452,73.25652862,105.7664691,40.32423516,119.1727489,110.6991122,71.33967226,127.5098297,94.81061012,94.58318298,153.9340582
120.4661111,75.73613016,143.1287699,137.765443,103.8514009,124.8014836,155.9292116,103.3420032,86.08287188,168.6486454,129.1440434,54.37045436
148.4795914,86.14407561,109.3712467,136.5567006,100.3695098,114.5788447,118.2329929,127.4042659,72.1399483,115.6450404,94.55603868,85.76787783
112.2237705,51.81501513,186.3568292,99.68635428,129.0304882,91.03609911,135.3810971,124.7392895,46.86263072,149.2899331,104.5823438,69.20852773
138.6891112,160.8540127,77.75596402,106.7532462,79.06378103,98.45178206,148.9227511,101.9363879,102.4368918,98.74440817,58.77871721,165.7107049
111.2147011,96.09527041,107.666779,84.24739482,67.02706724,82.99990315,103.7164305,70.24674889,107.7755451,143.2694527,82.57383213,138.5217354
188.5407279,125.1633389,90.13818178,119.6910589,52.05673053,126.1293451,159.9388723,63.04068755,140.9018518,115.3306362,98.43766469,96.0108143
124.1182121,132.2753022,139.3777815,95.88797156,85.44256843,70.57769635,97.21385473,103.2471005,103.7787216,106.8003079,45.98224192,116.0619539
74.5672414,173.5175915,169.2901435,103.0682277,98.20913384,85.70172471,82.23432543,140.8183956,141.2741685,86.50042673,89.2694734,144.8981854
115.9819933,164.6995096,81.81037594,93.49609772,83.43133707,87.82290565,147.74352,91.66556376,140.6170588,121.8594443,84.31127808,143.3610375
197.5962018,106.2105211,64.88937626,142.444886,69.63304408,126.1307279,140.0309025,74.53395598,104.2389483,162.0996074,114.4595874,86.48103303
177.6969559,114.926894,85.95096192,115.1243843,83.14543776,153.6818374,125.1513537,83.45149849,116.2066537,123.8846973,105.9220209,71.04273366
121.9883446,153.3697177,90.19276749,84.69425323,74.76096285,90.3830475,105.6746874,82.12155225,132.7937125,119.0466508,65.51691173,103.5049096
210.0386325,108.7075932,97.45293031,72.13825328,88.74849613,91.31549667,133.0098712,109.526359,137.8753398,128.6097132,73.3630557,101.6621056
188.9743738,108.6822459,104.6463737,83.50178976,113.4391837,82.60939983,158.1788852,124.5179626,107.5813292,135.0456735,43.96126143,111.8462314
212.3634715,173.843073,78.18523514,67.76644636,55.77267725,76.34090299,146.2915267,70.4937849,153.9541228,174.1417115,92.61167129,113.8520267
92.69045514,138.2822931,124.9592155,120.2940856,56.99551097,117.3425138,111.7115877,99.9544708,128.3191556,123.5590476,108.375689,105.792666
117.4414793,128.2867748,72.48802145,147.5823392,49.78520234,154.4784081,99.56538431,74.72805114,135.016721,101.8701638,93.61724737,105.5751347
53.60860055,123.37822,154.0648147,154.45262,94.18271653,154.0115894,56.31205143,100.8147781,174.6285877,70.58731484,129.3304395,134.1877659
91.68466684,178.1669664,128.9944848,132.2336088,57.24486078,106.5566425,61.6867544,101.2148515,130.6369318,73.03728381,132.4700649,168.2945383
150.9562744,160.3274789,139.3623016,85.97716742,89.35841951,73.15158706,154.4844831,116.6661937,141.7853905,139.9313639,59.77285341,127.7942724
133.9532948,128.3962928,73.08999086,126.8300772,52.91769928,129.4694576,184.3203814,62.0359529,149.4957577,132.0836318,109.5580111,112.6840563
148.1506614,83.07803275,157.6566863,98.30387408,136.9328186,89.41042274,105.5217609,98.32708622,95.92258661,125.3716587,81.31360421,88.37615349
141.4197907,79.81079043,95.7119982,109.2623067,89.07389971,105.6654017,162.7247731,103.7299656,61.29587755,173.5392148,134.9376812,53.87338901
97.79148409,75.43930116,147.2684818,186.4439948,155.1983119,164.7524823,89.55503573,141.2205966,66.48605039,82.69742607,139.8286337,82.90745059
134.0857095,96.78845695,135.7050517,90.69161727,102.457274,92.18392305,110.4838983,105.8043644,78.65790399,89.60571342,63.81196114,90.0639889
108.4059536,107.5644114,85.7461981,205.7779932,59.22823717,132.3779645,106.264464,84.46196764,149.5977208,138.209238,139.3401472,97.73706017
177.9915253,82.28630826,87.35692225,166.8506207,75.62799507,135.5920112,206.0602796,86.98407745,103.6979524,158.3562891,118.4031154,53.2167795
200.6471003,82.28365227,127.4801903,113.8635051,92.44050918,126.1711381,139.3758703,110.5221785,92.12695072,202.0170372,109.4377622,63.69678098
86.4613667,125.000555,104.1410786,161.9715765,71.81193744,135.842447,108.3073159,75.58004027,120.7516149,126.9217886,114.4986963,132.1353881
69.81115171,178.329528,130.3056792,167.6192998,87.23940072,112.7185008,63.70590876,70.91851789,147.1474967,87.95490105,119.7278514,150.4338782
126.4652281,168.1941958,83.73040119,152.5311694,40.12533635,145.9671149,139.91355,52.82913712,170.9864771,97.18793899,127.7462491,131.7423954
128.7043495,93.94467068,192.1330596,113.9647336,121.2471184,57.47357634,96.42055121,172.2185916,79.76744372,126.0813481,51.20242905,118.2097954
147.973461,112.4916782,104.4579678,84.20602975,80.98309911,72.54837372,142.0495745,121.7615799,130.1358482,137.21317,39.17059861,118.1306691
105.7291953,64.56953926,171.9498846,147.4826842,148.4031847,133.5839537,154.3772268,141.8472321,70.41949773,99.22523386,105.6741937,78.92225703
128.0355967,59.48673049,194.2572015,134.2689127,135.8724954,100.3996658,116.6377262,159.5675547,53.34676409,92.18791755,91.23695129,70.33212799
234.9161077,97.05351588,108.2607849,105.039941,89.93138166,108.177006,145.972386,93.58178873,97.54644782,176.4894626,91.17644314,65.35824087
69.96705895,117.8701816,103.7615353,180.1360422,90.14025327,100.8119918,66.96571738,100.3939196,163.7035627,73.90722679,106.1898205,123.4002379
82.80732397,100.8479552,129.1821419,138.2760008,86.9125625,125.06065,61.31578585,89.49384443,146.6880272,77.00087453,79.51653756,109.3758123
130.1200505,102.3053061,122.4833362,200.2487309,81.95837202,138.8615669,133.7028515,78.80760678,111.87833,119.5629372,187.606916,57.09242895
189.9145572,151.738877,83.00217054,93.47391998,59.88741487,63.4205803,177.6867951,66.51871612,137.2398829,130.2830174,77.87951552,127.147411
142.1852155,115.9273344,114.9483458,84.50900546,86.87411446,88.19355542,194.2683532,118.5990586,71.98946223,123.3213041,109.0296469,93.92439809
72.83943727,132.2356741,126.590528,110.3634344,108.8704776,93.70964338,62.97506523,137.7829743,143.6687774,55.89035094,94.06115414,180.953999
183.757532,94.16121605,81.78153374,118.0261498,71.88877537,133.6424201,160.4542299,68.84870632,69.1201231,187.9895425,130.5158285,58.78931089
173.0347247,74.56864151,137.497948,80.87541557,93.0133821,87.58201292,107.102509,83.29233842,109.126778,166.1690136,68.96150471,102.7224107
145.0789609,114.6751723,71.93535337,181.8530917,30.71775989,158.9853611,103.3604347,56.74092248,154.3609179,126.7004009,116.1875555,125.1984341
161.7259913,70.65760479,160.3861302,75.38597402,127.6731089,79.9906731,129.8113315,125.7965715,75.46726709,129.2652857,78.64594637,88.30000222
134.7378114,88.1893126,111.2615591,108.5202382,76.83375073,120.8544272,143.7384827,112.2935483,71.0439007,153.1427216,116.403066,72.74403763
104.2312517,96.27573099,108.6742619,184.9387725,91.79221082,150.9764066,117.5850568,84.66919045,92.68392185,84.77877606,117.0058163,74.46939545
121.7992883,160.1476384,93.74846122,137.9826297,53.58078224,168.4590632,112.1246441,74.20033736,183.8774128,88.63737259,110.5453711,165.6070712
140.1087224,111.6934791,129.7727497,94.32583143,141.8597953,73.31808177,124.9345851,122.4353657,93.07747218,109.2966543,60.76346832,133.101989
183.4490042,111.3084292,80.85926363,70.32571035,62.7863706,73.7525301,194.6035073,72.95053253,113.8913375,137.9593791,101.8541286,124.9196948
105.0965524,121.9160124,112.6211315,121.7038197,92.76618916,127.7598911,62.080137,112.0290168,151.9797914,111.7282192,72.5318046,155.32716
139.9745444,169.9913109,93.57300767,180.2470126,32.03010981,167.6807947,93.85262467,51.4912948,143.5715221,108.5533034,104.9104637,123.1492528
139.4840592,124.4453456,66.45970244,110.2912056,69.94163845,74.93318801,176.7042684,67.55193574,146.426134,168.598536,63.96960301,170.7559817
141.1491604,105.0594213,75.02879286,99.8288378,70.60511094,106.9273237,119.0117577,95.04858676,76.75352476,178.4785127,89.45989186,93.10508988
161.1438648,52.11444648,109.5543401,110.1135585,138.0437266,131.8582215,109.6342166,154.4950448,77.34962748,122.1371524,117.103743,84.24993259
73.83704318,131.2342202,173.6315805,154.8543445,118.6726792,125.9940911,63.68938923,109.5629689,167.6376163,63.80053643,88.55546851,178.2255945
150.5883104,130.0532377,66.88386077,91.65388761,42.41768329,136.5525004,154.7730302,47.80623726,104.0596586,172.6959714,89.04834414,92.38798032
100.145132,122.4183728,86.93094504,118.5482256,86.24200099,114.0122485,85.44100175,93.76192675,168.5620169,109.3313106,84.85258777,145.4474834
133.9938502,78.16608474,126.245254,136.5430108,125.6523155,95.84904812,111.35157,124.7879787,87.49088343,138.3192652,77.88384288,70.55135697
139.4283441,174.2143374,181.0920931,96.58341651,128.1079551,65.5438041,106.2369353,137.3886047,158.7317996,143.7744822,53.67785506,151.7608508
131.2794225,141.2453546,81.0973808,98.25125118,77.21878356,91.20704039,148.4760612,78.84394347,98.31093359,160.6866429,92.48892872,122.9606012
161.0601185,64.07588327,173.7425113,141.1576358,121.5296146,124.5899067,149.557915,143.4736028,58.79939944,145.338045,92.93745677,64.00118472
86.81176835,148.5586295,113.959907,146.5475751,60.77673307,94.9831852,104.0875162,98.98593357,146.110862,96.0008209,76.17579342,123.7126568
166.861785,83.56313325,102.0616694,108.5874574,85.00856608,107.6278486,116.2558754,93.75338047,86.51635031,103.2187406,95.06791593,55.21577674
94.70714038,66.47692796,114.3162796,109.3627982,84.23136388,147.5152988,121.0727111,108.8670065,79.73889597,141.729158,102.1952398,98.94112241
113.0797241,96.76418268,94.54224236,173.6443526,72.88770893,143.574039,69.28172934,68.85864671,123.9201505,84.10392966,105.027039,81.76320418
117.0197105,78.32936657,193.74883,127.378287,120.9496483,86.40290386,104.8873753,131.877627,56.13554624,157.7406994,76.84927948,84.14853924
160.2183967,100.1389725,127.7233312,86.1872403,129.899372,55.23051271,121.4455923,148.2629632,96.03232664,106.7606319,30.04214086,160.6059826
137.1342047,87.52364361,100.8982865,138.55766,63.29495113,141.4081284,119.1181593,98.58456678,85.40331096,136.4061735,145.9648887,94.01862879
183.0346582,139.5026846,78.31051101,139.9644052,41.03377337,104.8723932,112.2011332,58.76391957,117.4255506,143.9459815,83.53906428,152.4800137
144.9815967,128.5574691,111.7515657,128.0835914,79.75664249,121.9163052,196.4022561,63.56826375,83.6923863,186.5492641,95.13096495,118.1703228
110.7497229,135.3830329,96.77899716,120.3676156,59.96719769,130.3173969,94.66991337,79.14727298,115.5576327,111.4569733,118.928493,166.7370186
144.2162888,85.94950846,191.6021974,64.0095433,127.455923,49.70978423,172.9185526,108.3217635,84.37110127,117.3767652,40.86627661,120.2054041
123.7898048,119.4469207,103.399442,124.6515833,85.73291183,120.7228001,86.36600972,85.3172654,136.3286329,77.28026066,78.48198715,106.9750146
120.3264567,164.4504675,93.95087597,90.94680676,51.64766237,127.0537692,155.940485,59.68083009,108.2725977,160.5409162,104.4220932,132.7950186
121.6070797,147.8856604,92.85832826,109.9684805,38.33661809,122.9378072,100.4638013,60.23750173,139.8708071,100.2930075,134.0727716,148.4362675
106.5981292,87.66151954,77.8723727,184.7526634,81.9447358,149.1459966,117.7024867,94.33728402,129.0329264,113.1647341,167.4065717,108.1371794
153.3286505,86.38431695,114.4198089,198.8455123,117.1799028,136.9363435,140.2095628,124.8735237,102.4212895,135.3170183,153.4620264,65.94675642
147.1922916,135.7134009,98.7803212,87.32344125,65.54824037,65.0010568,146.348714,78.53029131,138.1229729,160.0870209,53.75369101,113.1494194
101.1126447,129.7538422,164.2042216,125.1421776,134.1623994,86.82056237,75.22339384,141.1746923,120.8792087,121.9034376,65.87899941,154.8758878
149.4838333,99.2730299,103.2053767,117.7076691,93.36081691,82.5988697,110.6571166,104.3739517,94.13719662,129.2955188,88.303897,103.9530886
126.9276374,85.20459881,97.06986145,150.0035267,68.3706551,149.7172259,142.0712171,56.03558836,75.64752949,133.8526678,120.2302892,65.22713945
140.4384732,188.8649845,78.18462786,151.2551133,27.66545977,104.0451764,151.4806082,33.78807812,184.2688586,137.4062745,126.8691236,166.4402804
145.1696969,113.919054,70.6168289,129.7240428,71.22709506,97.7491924,111.9958187,66.28467655,126.417255,157.7099865,125.5105242,88.61857248
160.421963,90.738904,109.6050663,123.3679023,96.29886202,149.6635657,154.8606824,117.8233919,67.99668817,133.0443535,102.8286092,64.38264611
127.0697715,99.46857907,76.45013129,167.9038812,29.66549875,157.6966772,141.4472386,59.97018473,127.2890635,106.2977225,139.5769953,116.5478012
121.3635267,69.0334164,130.040177,136.3131498,92.42284379,136.6494047,84.9442615,142.6934936,77.97754392,115.2463478,82.98753176,84.25465199
177.1389393,129.1528771,117.8274103,94.34125541,73.08713881,72.83000899,171.479551,109.9734576,129.660164,113.8866019,66.11096941,120.6829948
143.3354112,106.0239808,96.93614092,101.6982158,55.59169882,108.3380574,110.0628259,61.51534515,132.0619686,86.08366825,123.8785532,138.6862544
136.6935747,152.5601404,106.598057,97.10449777,78.55252725,104.6561845,144.6548431,74.12906359,107.2054074,103.8057911,74.52789967,121.4482605
188.0269279,154.6192231,115.1854897,50.14249982,119.1553797,39.76878084,154.7962334,125.5037435,100.2121856,151.1170017,20.57551882,137.6413117
118.9924343,51.91778363,152.8954266,123.5752788,118.6912508,109.4432338,123.7462502,103.6363375,64.85645757,119.2078817,89.80575997,74.76694828
138.6950041,134.3506713,126.4615413,74.92632427,112.9676721,62.52482104,162.8443163,99.53625316,111.3403376,156.7281115,70.35338444,123.0880067
173.7646578,174.4682041,95.7334295,88.53946696,55.77534223,111.2501774,118.7953775,49.98030432,178.0353108,161.3923146,66.91717803,115.7248766
157.065315,148.0804247,109.2031759,87.47818766,104.9480344,76.08812299,147.211815,122.4346038,109.6441569,129.9032783,55.20125336,152.7912193
72.42349898,140.02533,134.8721003,142.5245355,57.88993799,145.4724333,59.31782894,81.15842665,120.78219,72.86865973,138.3457681,116.0279959
104.5555099,109.3833445,122.5768311,129.0911578,84.82132291,107.7431075,102.1100146,70.7142356,133.0162636,131.3322351,98.38172871,109.0440835
176.9196547,96.18741246,94.79019051,109.3510656,62.79322109,136.1612692,164.4793061,66.0738239,76.34816901,152.7343667,137.7999519,100.744304
146.8966732,71.85569348,100.2616116,111.814452,100.4876697,76.34663673,196.400998,85.23617961,82.94636119,202.9433191,93.01318923,58.57127536
131.5488429,140.206487,99.3793552,139.3688318,50.95095705,134.4258169,98.46395447,74.59504558,120.7546563,114.3298694,93.44681954,151.3854119
72.74447939,114.956614,171.0320337,123.378985,145.6967267,120.3912121,63.81402876,113.7834576,106.5581094,87.38760207,90.16692445,132.7375967
122.5506398,121.2992933,89.25074152,174.8674793,44.8731106,190.6762424,95.44095604,71.98602736,136.5064452,130.0813561,164.2776659,128.3400812
95.68092844,76.31163327,173.0897515,130.6958019,134.5637899,144.5848133,81.86321653,127.2209297,86.64230267,80.63433813,106.1134848,62.26788555
98.13736281,141.2020419,103.2978421,176.78985,50.85337031,147.7210297,105.3374012,78.29801536,122.0111493,144.8334032,156.8587137,89.25814036
140.4760032,160.3176101,152.0628955,65.62624421,126.6476073,49.85868448,147.3703944,135.6796293,158.528033,136.3474342,26.44927749,155.7594865
161.6795096,89.21563068,131.9580891,114.9346575,102.7844888,142.8183518,179.0346947,116.5754119,88.32326784,151.4348012,99.91916679,51.79217844
155.6217555,118.2552776,56.14460378,88.98387945,58.17288943,111.0934339,141.1174116,44.67922549,146.9263155,205.8441353,83.96743332,148.6154119
68.98109494,92.38903233,189.7985145,159.0227558,141.2453506,105.5461462,85.2895216,142.0128683,138.4653358,81.5922659,94.58871177,100.6072821
76.30745161,119.2599709,143.5592372,125.0471149,124.3189027,114.9366152,54.69165592,124.7018956,171.5663393,63.08261007,108.1907752,130.5726352
115.9920545,158.5163274,121.2760739,107.1267625,90.95250745,101.1374389,81.48286692,100.7093544,152.7312456,82.4850487,90.07906025,142.2832996
162.5248873,150.7882288,152.3883879,65.34465664,93.69255822,34.1561393,145.2129623,125.7777208,115.9762326,165.9666907,31.8179348,156.3203764
185.2766443,84.51485876,164.4607359,83.46730375,130.4177539,87.41575666,142.9013631,136.3853526,63.15663258,131.7750096,64.59193474,82.72996195
136.8436033,104.0749196,142.2172447,107.5569585,75.722871,69.28698705,125.5831372,74.45606571,116.5470487,98.11940716,67.76545311,124.9703846
90.04502747,146.4463604,151.797511,107.975761,92.65774924,113.9206151,99.69142764,136.5455904,153.460991,108.8112761,107.2902839,168.5362956
105.8692169,88.96758437,168.7313372,152.3113186,98.30196882,79.50108579,98.52321843,111.4428821,94.06095949,94.08137826,110.6829638,126.9464726
85.99072419,145.5860532,127.851137,133.1022734,114.3220559,81.2268332,81.71971693,127.9212199,133.1561196,103.915831,66.47347582,98.87885832
183.4663218,104.662695,107.7527678,87.62363505,66.5020458,102.3164451,115.8766911,68.06516314,125.6153694,160.590046,73.82177189,91.37569455
180.3135656,72.66111842,138.241802,104.1823484,137.2360949,80.57345411,178.1820087,174.2152246,70.57364734,152.7540929,73.82736858,77.99687586
80.47368769,108.2659054,164.5208767,174.5400843,119.4825801,129.1189734,66.22995274,137.354386,155.7255495,59.61229249,115.068402,164.5052875
137.6757844,103.0037941,142.6427243,102.6439311,139.9237262,60.3804377,126.9263281,138.7560585,106.8821148,108.6638276,71.39478759,85.58016743
117.4344133,117.0887334,102.9469396,196.363982,65.67747451,194.1716128,93.04252461,91.30052689,97.78536415,109.8005472,126.171106,70.00626544
111.6423344,138.0060699,107.3919158,118.3444618,44.89153166,138.1121991,105.2550238,77.28977539,97.56453964,134.8798097,119.3269251,110.5481528
159.7417825,122.6315263,92.27244859,115.6761885,59.00197531,119.7947568,145.0623633,80.75999323,131.3337545,154.1604302,75.19221645,146.6354924
148.3305784,116.1658401,131.262133,99.85572191,78.32536566,91.73783165,126.2924321,77.80852753,83.20468638,133.6601433,81.10111618,72.27182189
123.5987384,79.74963188,91.36286275,111.0799253,77.59240145,75.88856059,116.7841122,89.74621328,95.78717207,124.0920306,58.8966831,106.1876965
116.3041727,185.106771,111.2715457,155.3025553,48.69799307,116.9171822,87.27841527,90.74553018,151.0207686,81.05289544,124.8444548,176.7995716
102.8280061,98.74482004,123.3337203,148.9387009,86.0949755,141.6236942,75.95246711,80.03224353,113.5413806,72.32214279,91.00734737,143.0900029
142.7117216,145.58402,74.31666024,165.7117431,26.99755994,171.9917878,108.202156,50.91007042,175.85767,111.4741356,140.7822798,127.9442396
143.7633101,136.5778384,75.3765937,181.0967596,23.52065406,117.8578033,138.0751656,46.13783787,139.2562045,119.2455889,107.6556669,160.3034702
123.5676787,158.6210503,144.7170018,71.50129417,127.8417044,29.62970658,118.5324164,157.447998,144.6549907,174.1152474,25.89473656,138.503744
133.2293815,55.29495398,163.082164,179.4493826,92.51526611,135.786647,126.2655615,125.1097505,65.77736356,92.45365683,110.5849298,71.43133453
79.84877062,142.1508363,114.1006193,127.4567671,94.22733562,76.4184388,69.74851255,113.4187021,123.2190233,85.22513613,84.10674675,105.6034221
129.7477495,90.0030472,90.05523937,108.6535695,78.20211509,92.56500438,82.90886672,88.21037433,126.2744068,114.8249607,95.98989616,145.8533489
84.38428203,77.06265665,127.3146567,190.2532567,105.9396349,144.4805306,64.25227626,118.7870909,105.3462291,83.33532016,113.6544945,124.5855116
142.1441392,105.4827509,113.1026841,127.0580591,113.8403935,89.82092106,132.2382556,117.2328804,84.95604194,91.11562393,83.61893311,118.2008711
105.6286037,62.49118019,143.2583042,171.2136883,121.8076339,113.4147819,125.6167913,112.8735869,88.70392276,118.3651296,144.5785493,52.53800314
150.5378705,108.1777436,101.8824555,80.74783402,111.3763027,109.0199784,102.7941491,102.0494414,80.28142562,128.7194587,74.85926925,103.7987319
111.8608383,104.920497,185.7378821,94.23831695,140.0247572,69.51338384,91.09802529,153.0666364,89.77264072,124.0986729,57.58325216,151.277892
154.6201177,83.54790685,140.8722714,117.9424081,92.19367745,90.82735709,121.296471,90.56414608,104.8362739,124.9564258,94.10107516,111.9635008
120.1672152,120.450938,83.45885151,129.1156023,62.0181614,146.4218279,88.73934433,83.03028036,83.8857491,83.20732812,97.61489187,89.31045624
77.8470117,100.1909693,111.5118496,124.1778275,104.213037,105.5744964,61.50141567,85.72184006,99.72856285,85.60112418,85.64262266,122.406829
145.8535608,78.51756179,152.3554535,99.04502789,140.945152,96.00995791,173.3605955,144.4226861,76.30626448,172.1272867,84.11208622,87.30852201
125.3173738,157.9546968,89.99807439,157.717005,45.1657396,162.0996644,93.18963841,78.66391013,128.4948024,92.43797979,116.9457107,116.6596978
151.2589195,58.30634332,139.7732454,127.1413446,117.0161465,87.81442874,141.7998029,96.13169937,72.50964042,158.5953677,69.95555069,81.22818205
157.431132,173.7778367,77.25489502,118.1014478,55.59898084,125.2442446,122.3678139,65.20600224,119.5296215,159.3067974,102.1594221,159.8791121
121.0082789,177.6347725,92.75795091,134.3032129,55.34963643,106.2094579,114.6885016,79.24617341,163.9252777,124.9183176,131.992007,146.5726307
210.1786029,94.36051422,110.252772,100.129861,80.54324826,132.0712956,134.6483922,73.68917093,102.049491,165.2290351,79.23351805,93.67780605
73.78660961,143.0675324,125.5849791,137.080832,146.0816471,106.5855131,92.15196869,126.8743065,97.44538149,60.17295261,76.82835305,117.9713276
71.50425782,82.40671352,158.137096,198.7813398,94.39584492,124.3672854,67.74819977,120.2948201,114.585266,65.5367414,106.8136744,92.68408862
141.9307454,91.68101654,78.94822765,136.6581099,64.19097211,148.7605612,157.7848751,53.12838519,93.16302773,128.3720298,153.3907398,105.1890834
113.1561959,115.5115875,109.1661462,134.1350731,40.37599331,120.6553517,112.6194203,74.66658665,92.24565057,97.98283054,105.3935012,85.66251854
169.5630975,80.02817115,93.54553522,157.0309792,54.2855967,113.5079586,143.6957692,59.89336016,102.9380147,151.8129361,124.3208315,102.7399111
121.3697823,113.2070904,131.5562515,89.72025567,111.2782114,50.6982089,105.2184058,143.7201868,117.6507724,134.4769496,53.60700563,173.9854919
171.0615219,96.49391247,156.5454345,86.34430083,150.6934457,102.5095809,121.4904512,120.0426362,84.33127148,166.0734801,90.01713266,78.42368164
121.6923112,98.71046407,104.7865677,100.5742703,77.03450817,98.90856501,151.4441406,79.24653746,107.2807702,133.3678341,101.7112949,96.64573686
153.8092204,175.6328364,140.5492535,77.51916425,115.9024763,69.80148239,140.9356678,112.9573004,142.6179666,140.3408032,49.51173659,191.3566276
169.1448467,86.56774731,144.4930802,99.69041393,143.1110912,100.3765812,128.6591795,129.938852,85.12546482,165.8326443,74.87802419,80.69144165
141.1967033,51.61360054,141.394981,93.84534133,121.5249296,88.48484823,156.2776896,159.0714096,54.93891662,176.8583939,94.40413801,59.0784804
157.2920779,103.9332653,97.77992458,169.1359995,90.54127258,130.0111234,120.7974966,72.11947441,103.4723767,121.731627,119.2100589,55.83940918
156.9712944,120.4246964,73.7978271,109.2882243,44.59503709,143.3723944,105.7993909,54.12670875,109.8586474,103.5757738,140.7269484,133.393583
73.68958165,97.36748559,166.4635253,144.7050101,141.0456727,110.0784755,74.351151,162.2127533,135.6846385,102.9067744,57.05259239,150.4446232
92.84181141,116.5599711,175.6008605,133.6775613,98.53459795,119.6156367,110.8420496,113.0025708,82.04994293,94.89103898,63.62108793,89.13206419
151.7566366,62.55911354,105.6386574,85.42522864,96.27490283,108.1928105,137.1974043,91.35068377,80.33758113,155.2673764,85.38611747,86.14296538
92.82461116,136.4596232,144.4062546,127.5110174,74.52176593,89.52946379,85.72748616,127.7545855,155.7288346,70.05527579,81.4419137,135.6173553
115.0747936,101.6589161,148.7188393,99.0577085,129.085614,64.51346529,103.890512,110.613314,115.8484009,101.0476713,41.38100488,117.5263166
183.0109895,82.91322948,184.0119256,86.56905628,124.4513499,83.92683174,155.8382831,125.2076163,95.55075424,176.4628091,65.37528133,128.6476648
115.3716111,123.344383,121.089198,155.6799448,54.44965209,168.9069337,77.77762961,82.46724966,177.6122325,74.05341303,124.5188005,118.7298023
131.6998835,95.06755593,130.7696666,94.22381701,115.333064,96.6905449,124.8845514,101.6664542,101.0447311,123.4206168,59.01911628,119.1810771
134.5331857,105.1496131,88.64545065,121.8451363,68.60198846,174.0561137,100.0748883,86.71034231,120.8501109,85.31056501,134.9078446,86.2303876
107.1129406,81.71489636,118.7787186,116.4782529,93.13818147,75.70711436,126.566839,117.9136104,123.5858524,106.185027,70.38734444,85.91217608
110.8333134,91.03468495,129.0430397,154.36866,73.78961988,106.389166,82.51112796,93.03700525,96.96904584,137.1912945,133.6725822,69.12453016
112.7893267,109.3483374,127.284445,96.01984774,106.2100756,84.06935756,82.90106088,123.579146,165.4456329,97.97899375,60.87582491,122.9771237
191.0362615,147.7728058,66.12649132,112.2087812,53.68987042,95.47501006,132.0913457,78.02777291,116.1594997,133.5090706,76.75612401,110.9099859
118.2249835,103.1390012,138.3267863,85.74181543,62.78686643,76.74268589,119.5567399,84.80678571,139.6329615,106.724438,89.40880641,130.2092269
157.8717569,115.1868935,157.2720559,56.0612199,129.7593581,59.36975468,152.2937403,150.8359481,128.6261461,119.1965075,34.97463404,104.9047511
153.0966209,116.4994416,71.37975183,121.8738082,70.11025106,119.6772884,124.8947282,73.7885908,104.3417199,202.4194436,77.86361862,121.972885
187.5281511,114.526009,99.97748353,96.00774823,69.58653755,103.785267,145.3026356,58.12060895,113.7856515,143.5970696,123.1160872,114.1323729
124.0605421,120.3717775,163.9609737,72.98681823,101.7945026,50.03397968,118.5889537,149.3928656,100.2308079,141.4629707,40.48993617,171.3660066
112.9649585,60.39656468,202.2375474,161.7343032,144.7702203,180.4185022,109.6486585,136.3581451,64.6247052,98.33580668,132.7442501,106.5136267
104.8467083,158.2475637,99.37698712,145.0423719,48.34681618,115.2035491,83.9069045,64.03164701,167.3024913,111.6533611,139.5838433,119.765941
126.4685494,45.17680241,199.0044933,127.8784558,104.4542631,118.2617799,126.8944228,113.751291,73.00190031,149.7886743,140.2208044,71.27675924
163.9662816,76.89934392,107.890025,123.01164,103.9230696,97.61806348,120.9822978,101.5526577,88.01079761,184.6662969,104.4145227,101.3616244
224.6583951,125.6465175,118.0109412,110.9315768,81.68888967,92.19554936,177.3618771,113.004868,70.03995253,164.0100572,98.95874373,65.29001012
136.1361341,87.50389265,86.47219842,111.9127484,63.44005772,154.726194,182.1709667,70.72559356,82.09723543,192.7618915,133.9317494,69.90265052
125.6759211,121.5484238,67.99803345,174.8114943,57.50786225,159.1244096,110.5854638,63.21803942,142.1350811,134.0167134,110.5701065,93.17244334
143.6567031,144.7138242,91.14595195,129.8818851,91.4112231,91.22365822,100.235323,97.09118406,109.346798,133.1402876,61.97190937,118.3517777
171.8195592,78.18223748,126.9449671,94.74068556,119.6843979,95.40794396,141.9965615,144.7420181,73.48920417,144.4324606,89.36370923,90.7634576
109.2390928,71.48470435,177.4597745,167.3855585,88.11679049,125.8387684,93.20027798,157.3362181,69.39911392,107.6954013,117.513045,89.00637023
141.8425331,141.3759819,53.09454046,122.7033006,38.85169678,90.89867218,146.1431548,43.84705616,157.0698623,144.2850125,81.47736341,171.6611985
136.1937414,82.46984463,161.2440411,137.8805908,112.0708096,78.15892541,109.4615129,100.5672707,86.57936084,86.4084998,94.30868224,74.54307842
187.5291581,129.1171411,71.03416508,118.0933479,50.66067005,91.47893627,158.4254417,61.35317689,131.9699268,148.4274751,76.38042245,105.3282336
108.5794787,78.53821948,137.8228346,123.4362253,75.29793141,129.7467121,90.74293237,90.04681586,92.55305119,121.4587587,123.8839209,86.42688285
118.1833844,122.4451889,71.83005408,122.9432273,73.39098043,81.57460387,152.477689,66.8913087,166.5411499,144.9718862,87.00002696,150.4201774
143.0903945,102.3406453,134.6123644,76.93227781,79.37848467,72.68040509,140.7792914,99.68610248,74.10728248,145.683895,56.96606113,87.49979765
94.81361205,105.6976749,164.5669953,110.6291829,131.7537159,75.82694389,97.62479583,153.1709248,119.4398595,74.64836515,73.126056,154.0720606
131.2678496,149.5576814,72.16591764,145.8799125,46.35754331,120.4992716,108.2645634,45.9875751,106.9180512,184.0543862,102.4278451,102.0972852
148.5055368,177.6453555,68.31696568,110.9758211,38.75024298,128.3719233,134.7625154,47.13312926,127.5953373,151.3144549,142.7411596,187.6539014
89.93782536,114.7627246,95.0588859,112.6759015,77.54361608,123.8225068,91.61033634,120.2506675,98.83092378,100.9828,99.22772646,136.6328811
112.668402,85.40794352,139.3325903,164.5715776,99.02687205,102.277795,93.42726831,105.4077126,101.7502884,78.54049821,138.4864971,107.991319
119.8293532,105.0133388,80.01298863,190.9126407,75.78078466,135.0998383,118.7990501,81.00454725,103.5611983,138.0418255,125.9308703,94.06278231
86.66020566,140.6743563,172.0884698,124.6088977,137.9228986,96.8911342,67.60285567,156.046604,116.6865376,81.98538092,82.09608478,169.6340289
153.3183145,107.7642943,114.9416472,59.10674876,87.78061937,55.55066017,167.2800986,103.8921679,129.084148,164.9280623,38.19489912,149.2648153
111.9330838,179.1875313,71.73762081,137.5353051,39.69244865,141.3820343,86.90146459,62.05736077,121.5185755,146.0994342,142.9485453,167.8170098
160.0500985,103.3843023,106.316407,90.62121076,61.87096137,87.55985501,164.5475272,78.54205874,134.7436863,121.1295844,77.24075978,119.8935734
130.8520435,73.99255831,111.7063461,162.9140609,86.87382891,104.3516523,116.2960225,145.8293488,75.58588319,137.2485387,133.8604603,55.0342259
152.254677,78.60032659,134.2218659,198.541219,106.0265299,118.4971593,114.536104,120.5089747,77.52899902,116.5527609,107.7151773,52.17050643
170.8036224,72.72168646,99.55474066,123.5476229,98.02801771,94.45432945,175.9947765,136.6527039,72.74843796,148.4410928,91.96361249,62.9165157
138.3447087,113.3282062,122.8137534,164.1335533,70.13199088,151.1985052,125.6808447,72.87732466,94.60630637,140.4253643,127.841823,112.1219629
79.07085823,164.5606332,196.5261902,97.68189169,104.7924549,97.98428921,115.1211232,103.7690857,122.386057,114.899364,78.8927393,124.0993776
160.0542484,70.09062915,126.0842255,124.1719261,87.64264746,124.9181146,167.9919569,88.09588931,67.31807313,130.1562103,102.8857984,58.06095343
117.0782341,134.361685,125.871601,118.2665604,70.4416582,94.11159578,104.0954162,95.6949845,110.6270813,135.1945347,90.83845088,98.30958637
169.059021,97.90826868,76.97281735,101.9498026,40.2955204,129.62694,160.0019793,53.6914903,135.8173234,138.9067714,91.12614874,84.47128497
88.52127338,99.03466337,125.7743875,126.7383925,67.53160153,118.8737434,57.66643926,120.8378771,117.1021744,76.27831111,134.2682613,118.5161117
200.8132773,84.61543953,110.6540189,121.3772943,112.429694,166.324796,163.4597956,87.69208765,75.78817422,185.8266549,132.1499378,55.34697315
180.8741338,108.4861997,95.19069965,75.24126573,88.59744737,69.39575786,166.8913969,135.0835535,69.44662451,148.6210951,73.31801554,104.9704417
117.6503749,88.69182602,185.4963333,116.319572,96.249624,111.1955252,87.40229489,167.0012465,81.78956645,85.42454154,82.67683712,80.98422402
70.186023,181.1933726,151.4138588,147.9442113,102.5602478,100.819343,59.29166187,140.2165219,128.7434483,56.93586686,127.2608488,161.8044129
105.5324484,81.71906027,134.428965,144.4564635,87.93974652,81.87560562,75.35445586,102.9688399,95.81231173,72.89931775,76.52615331,140.0390377
96.5668659,163.532229,120.4849332,118.0163511,94.73727127,98.91710349,97.20432901,85.24859648,148.1669662,99.39650954,74.22059877,133.4456426
78.0127395,80.17956717,178.1103352,160.5758538,168.1957335,125.6106353,56.10398167,177.7125925,89.53355723,87.98791625,103.673775,99.18749293
181.2729354,120.2613304,91.62143404,71.46527648,81.58501494,86.01547401,121.7274699,68.59482186,146.875817,185.7852803,56.13503828,151.3549635
85.45151329,164.9700857,115.8717219,123.8813385,95.35530781,69.14976008,107.1058318,145.4986474,174.2419591,99.97056241,88.40922076,176.5592681
155.6204359,89.39957469,81.26243067,132.224435,81.79930072,157.9375129,141.4339803,77.13344013,84.51912353,142.2492618,92.80176344,74.64945969
170.8567757,145.7100084,72.78870265,107.523217,47.04518716,137.372583,167.2397991,48.85902037,135.8092875,177.2876449,82.98241837,121.0487115
142.425498,133.3096201,172.7762291,87.49936179,113.3814386,74.99847422,123.7040743,157.007489,109.1352591,146.1606934,50.10388322,121.2636925
116.4341671,82.03078986,110.7819526,143.2862891,101.1081417,129.1940149,113.4594254,97.47068008,125.5918279,92.762432,165.407152,105.4742659
159.2497664,115.2466997,75.02105182,115.9056726,63.54162056,121.2617399,100.9575074,93.8794852,97.37783782,136.0255932,84.21329033,100.9110927
147.9929905,143.883333,92.00514174,141.0231075,46.22615971,111.8253626,101.0500115,48.8626671,172.3210953,137.9974175,117.2744662,115.403581
145.8842348,128.3997328,90.82156942,90.45785602,79.16832996,93.95952564,85.4317488,94.33877777,91.3640758,128.2420249,70.97792194,120.3010605
126.628785,134.2920492,96.5595842,97.15247196,110.5639782,81.24426738,91.73297524,90.88755696,102.6553333,120.3612809,78.03883004,125.2864779
80.08972024,102.5388212,137.0786293,199.3247528,80.10659411,141.2123849,85.35709106,92.04244172,118.1449087,89.11335153,128.8292708,76.20202889
129.1563855,92.26211633,142.6996136,119.2313903,124.6866499,84.41306663,138.1527186,135.6580582,94.3686599,145.5340498,68.46079926,96.06408349
144.6146323,125.7982308,57.06998033,122.5952642,41.9767104,143.0306578,121.1874489,36.47980366,104.8133595,115.0947547,98.09204248,136.8150098
86.27110698,178.7923673,172.070749,113.8430613,111.8874132,66.91668724,81.05053954,110.130443,168.0907204,87.65937578,59.20071494,173.6312967
175.942338,108.1263682,83.28939868,125.9512498,50.62609332,145.7957349,149.3568213,49.95050006,135.9125112,110.1439672,101.9442599,93.70180707
108.3159642,63.36363493,125.6103862,149.1577478,112.3230349,140.0820391,119.0131547,116.8185792,74.09747066,114.9164186,108.9913401,80.9652865
108.498824,89.83291038,149.6009305,109.1892898,120.5341209,120.5330686,108.8771413,86.5234518,70.16726358,91.96317331,82.856911,105.4083345
73.56786456,96.77295019,193.4268048,128.1353774,142.5411359,95.85659182,53.06458995,168.9474376,113.0442167,79.23553081,113.0839614,121.9864767
144.9082352,109.0279108,104.5083499,110.6587746,109.2005669,104.2418889,169.2530963,112.5561993,67.2969843,218.8228914,149.7372946,74.22045771
148.7927048,180.5532775,122.2261567,91.31137634,89.40186816,56.93401854,114.9464373,113.3859248,139.4936499,121.5024343,53.5241476,159.7225828
124.6597414,123.0047785,120.9021341,102.6668986,131.628484,54.0990262,105.7584827,122.7323762,113.0644629,91.33628448,58.81471837,162.437001
97.42877726,57.35162304,155.9182593,173.76355,131.0377702,113.4875483,117.122524,149.6699567,87.80582612,95.35273755,126.3079442,74.04933289
123.5130683,85.78524737,122.0065454,201.0657453,70.30415017,140.9687851,89.07661262,89.95196754,83.95159908,93.02149938,163.7422766,100.7065548
186.9502188,68.57934652,92.46501973,149.7479209,103.5701145,118.2681477,120.7114637,111.2403631,80.70404344,183.6177859,112.5869556,57.65789799
99.15324029,88.37786867,125.37723,174.5900043,102.1906058,169.0947792,114.4850153,121.3902717,88.86722754,122.6853518,128.5655148,81.31106399
186.6829962,100.1052437,136.8113278,81.06111365,116.7279799,85.66663572,151.9664873,133.9521632,85.53845316,191.8105854,85.58262256,86.90874143
81.36698999,150.0590852,123.4143269,117.7031128,117.4297915,95.49190503,104.5489454,124.5289674,143.7457558,104.7681005,63.51773896,182.2722702
193.5619077,192.0435069,102.0789978,86.4932452,83.30274,74.88982468,116.7462404,95.54946329,149.33152,144.5641337,82.87453104,142.1179485
82.41413237,146.6826995,152.4687832,194.7894658,79.75195193,145.3320709,63.48546452,88.13867842,166.3612091,87.77185227,106.1254226,161.3939723
115.906308,63.1936307,132.919673,148.4063539,128.0041072,114.190037,134.8685445,130.6595091,69.56403514,149.2274869,87.12685625,47.66595274
90.69889383,98.37165977,181.2086403,108.2447407,114.2347424,81.99366575,82.45371549,112.0493815,101.0370054,79.30309563,87.96470181,120.0634853
161.2865876,131.702804,181.99672,70.86881784,121.8263238,51.38783124,101.5569543,169.043494,124.651532,160.0636699,35.55617957,123.5217054
64.55477731,135.4017523,142.0664734,160.9045635,113.7939589,85.56980132,76.88058465,137.4802368,133.4963939,56.48733243,112.3118706,136.8100937
98.74288619,80.71049174,96.85351782,134.9139564,78.61300961,152.6691887,114.7017568,97.34568376,77.95914895,102.7690678,119.7231781,91.21822252
79.25543541,137.0025117,90.11257905,169.6427099,87.58229864,150.4785666,93.6657164,84.84357123,111.1447339,88.71631045,105.2536517,104.9844799
110.452341,117.7458682,155.3823817,87.68615533,106.5430389,92.98469742,123.7153186,121.0378107,115.5359984,137.6167286,60.92309231,82.24507351
95.39626704,111.8008965,133.847936,177.9927628,105.3265972,136.5582363,82.44050001,105.3965527,126.21701,57.11975853,121.8048811,86.9320722
139.3527175,98.31412591,86.82319647,210.7767033,86.09945401,138.0325323,101.2075911,95.92282609,90.12012792,134.4949288,133.6676313,68.96839198
134.9251852,139.9867191,97.6344047,104.025883,99.2454741,79.12689245,114.8432407,84.12694727,165.8787867,120.8101848,61.89169383,147.0805828
154.7535428,82.10290463,135.3173496,92.31710865,121.5697313,86.54592498,137.0016243,104.7447232,57.65331195,178.6858666,99.67663984,78.15832141
118.8026128,129.8738788,78.21000524,145.7567288,44.23076217,124.54189,133.1036799,45.81190018,191.5105708,113.3513313,136.5173892,151.7769469
140.6705778,69.73023597,113.3333894,171.5192921,130.6377015,155.3506933,132.7005425,137.3810674,78.47493937,117.6101595,172.2330158,75.2396991
110.4774597,152.8207935,96.12904696,146.6967515,55.00649477,107.261925,126.445722,79.2326327,169.2688145,123.8155448,87.82297119,121.5583224
140.5063046,117.0040594,102.3875908,74.87704989,68.83900488,86.22346883,133.6892636,73.74092796,127.1249013,185.5643929,78.76990597,138.4952223
101.7584127,94.94108066,117.0689592,167.1000835,73.13270355,102.8502996,103.6845064,78.00981243,96.45998144,91.23097968,117.1379026,137.0192288
141.9889388,77.1497952,99.15152027,183.2602971,61.57503995,147.7743283,105.5948322,98.8190327,98.38234915,149.3064635,172.1885955,64.03195364
91.82977984,122.478105,110.167356,154.7025242,51.069479,109.8411195,92.60766677,98.68853166,124.7676668,131.6176393,93.13471347,98.49053955
154.9232404,72.02191776,97.45232128,163.4258379,68.28810681,163.1693231,177.1813488,77.08846421,73.64306801,166.1234131,104.0501058,60.75980693
74.91657205,119.468625,145.260119,99.43165136,144.0816169,71.47973047,70.67672153,132.8469277,106.328071,82.1449678,94.3318319,148.5291721
126.5985803,128.9226791,125.9317305,68.17639032,99.82390912,57.30275312,92.85365914,112.4945286,107.3948279,128.4312763,47.8273848,175.8980742
125.0010469,124.4550821,93.62856009,165.6470218,53.24739496,184.1406514,93.03746191,72.5301683,112.3280185,122.0311369,158.179359,117.419363
118.205999,90.44047591,158.3625772,133.4934292,109.8354765,109.7322602,90.04107099,147.0939672,95.08577258,119.8184873,71.86671779,87.02659135
155.3499961,131.7073997,120.051587,87.61480741,98.72953899,60.15216877,131.8767949,156.4957485,183.0611588,134.0987471,34.63533172,146.6065426
127.3130342,57.87647375,111.8620725,136.1050824,109.6367252,176.7734022,90.67286926,110.288485,63.04588932,114.1611814,103.33172,45.06131532
97.67065339,59.84358066,159.0984043,152.593324,126.2761967,111.6409356,104.0679212,162.5349702,104.8460609,78.08712613,99.21324191,88.45796413
114.432768,126.6807332,117.7584449,115.6302649,78.44828095,75.24438883,87.97977577,92.79268835,127.3354553,118.7841639,52.96490619,167.9357501
181.7605952,66.9889769,176.6861466,89.40593894,138.4670962,70.94758449,166.4611754,110.1869371,50.95496415,176.2772202,67.51103627,76.33753541
132.7893492,60.90843381,168.6411156,106.7789618,136.6445458,103.3908206,121.9458131,116.6174545,56.15991393,151.7992608,104.2011751,62.29660744
124.242537,150.0153768,158.7427833,85.22564252,126.1943246,60.56762605,132.4323609,114.8332428,146.5481919,140.0613761,35.90636652,143.0654967
125.5405158,109.4791572,95.95962877,78.43929345,75.59388504,125.7064738,143.182101,87.56735767,83.43930516,191.2699396,73.65191672,104.1385944
148.8111825,99.06533592,120.9976003,119.5335417,71.7180192,67.80881307,100.5153368,92.29164048,112.13321,136.5224199,57.8786001,120.5204491
73.43777011,159.6152937,164.3033043,124.9856042,106.5256482,143.9207758,66.63677052,138.0730664,188.0473362,59.44889938,104.5847222,191.3090371
200.7769985,89.80903309,140.2736394,97.25053071,117.6365821,74.89993889,142.4881406,103.8230156,63.2339369,192.3439563,94.18029285,106.362414
94.29998156,131.7497222,96.93797899,129.4551145,50.31795372,107.7101543,123.0566591,47.91387777,126.0325179,142.2137647,112.4601758,156.455271
163.7597672,119.8223328,92.01102383,97.75718416,71.27735163,106.9406593,186.319391,106.4433815,99.75589507,135.7388066,90.08977086,112.975967
128.7253642,62.17684721,116.0632067,114.0926925,90.53582579,132.0089885,163.8684798,109.3556053,65.28202459,140.5502365,143.0727806,69.74870054
80.32680564,135.5869109,174.8805536,143.9566099,107.4194871,110.5484739,89.00677766,97.76083447,116.9291066,74.28105711,95.73638171,106.7430211
121.957645,129.034378,135.0448028,64.68099165,109.7741746,66.57914066,114.6851379,121.6885346,104.5306361,141.4920382,53.10548819,162.2642676
167.0023199,87.48371196,99.85491418,118.1737092,79.6067664,148.4792413,158.0793436,56.43344304,93.20250396,140.3103716,128.3485248,70.17511591
148.1436361,75.60026069,136.7519949,97.39118149,114.2171407,119.8725464,168.5124222,162.4505794,64.92721334,151.3815728,69.9249464,65.87193201
150.947711,99.82913246,130.9033888,106.2539492,121.5788684,105.9335729,147.384891,93.92520367,86.4673091,165.5553421,85.66709574,83.28538415
171.7499773,44.94821422,149.1398634,157.005885,119.7027434,109.8317241,113.5880933,127.1232086,51.98886561,113.1099256,77.83342585,86.13488747
150.6894877,98.31871212,98.39235061,183.3183936,67.72606626,139.0389483,117.1774799,74.61756499,122.4824788,146.1748525,134.3300828,95.78968124
123.5848267,73.11436576,102.5180631,140.0817412,81.17666841,128.3531169,134.7993262,97.6520894,65.59111309,119.0043663,93.73855806,82.9158588
149.2512168,80.23802461,77.17867032,140.1393986,68.0325699,104.9207636,130.9051513,95.30831154,70.15728188,148.6286552,126.8863983,58.29551352
145.0214583,93.76741134,155.8165118,80.61184422,83.12036558,64.67290844,98.15301386,139.4800078,73.77162452,155.0187402,55.65006384,107.0988553
100.4827312,116.4170283,140.596102,133.7308249,86.21057096,170.4254859,86.87233647,104.9055214,89.90877065,69.07685796,99.41810116,90.01246765
132.7050137,111.8455792,103.0951566,114.0370118,74.52167667,102.1810901,109.2527609,83.61974667,107.0484385,122.7703625,98.68383677,138.4822295
124.1694786,108.3111982,125.8340105,215.9574463,67.28650396,207.1321168,110.1991632,75.90973588,118.2329637,129.0146137,189.2605051,91.62978451
107.9703703,59.67833759,186.9195135,152.8572421,104.0772197,129.1529111,106.9950531,151.3863103,96.38202742,90.28950111,103.5219119,75.45587392
154.4037087,93.4137432,120.0502841,125.1835726,91.00969236,104.4390929,103.88516,89.58803567,83.7928114,145.2059714,101.6106102,78.19829532
104.694366,138.5915239,101.9228781,169.743963,40.5898801,117.0348623,113.5956774,57.12876409,158.0913318,95.62993462,139.8880736,118.9915976
207.8416486,85.42773708,127.8521919,70.47412414,108.837694,90.58995025,173.8251977,75.38448052,83.13625697,125.3578452,68.50442814,97.53573082
124.4999726,120.7970413,103.9225072,71.70237955,104.0462402,78.65447838,91.6942534,98.4480113,129.0993365,124.1479663,68.18620574,85.34841591
192.7729725,122.3214744,80.16063816,103.2194251,98.83311127,138.0615955,137.1458212,81.89417075,70.40261837,145.5585698,125.3839446,103.4404909
179.6605622,145.31109,85.13172085,79.75710664,51.98993213,85.58850578,106.5373691,53.16928741,136.315925,133.5918629,65.43473745,132.622361
103.3020664,71.64498523,155.8153737,170.6118336,130.4215094,107.4304103,71.43878612,160.727999,88.77181669,102.0533912,101.9127524,104.3092168
135.2861583,108.9622274,77.44997188,130.7212822,76.13891993,143.1235285,121.9101306,86.67259925,120.2099286,166.1087985,127.8088974,89.87227812
154.879641,129.5188507,147.7283924,93.45514833,99.99237836,71.73008245,134.6397845,109.4248386,124.208428,109.938537,42.82548852,174.3985364
180.8072702,63.12302744,111.6879034,114.827789,129.799876,76.58012709,153.3412839,135.3626941,56.42495182,174.7322528,69.76191375,74.96762564
153.5655563,118.4737677,97.71115217,121.2430101,65.72557152,96.01288164,171.0520449,61.37828173,89.24701299,122.3595678,92.05304485,101.8918475
140.4885078,120.4576522,116.2631837,114.0905209,77.08903602,114.9303878,146.1891747,89.16654397,137.0572978,157.9265118,82.62280826,116.5257434
111.3893669,124.2202698,122.7258854,187.2835322,65.15104759,123.0424922,65.48984826,79.8692836,170.9486522,69.21268749,99.76352715,123.2951578
70.74853583,139.3241752,152.8995075,161.2649269,71.62823405,129.8861484,70.42220944,123.7325307,124.5720054,77.9853653,75.87811816,146.2810114
149.2201277,75.89738398,102.010383,138.4512117,83.92521546,120.4943994,135.9494746,74.42193094,118.4946882,153.3866846,151.7137917,63.59289438
169.9740213,102.2660318,81.97492298,130.6446878,76.36221854,121.3267517,124.7100545,104.068278,97.09049869,143.6793782,91.20561078,80.18772477
141.2129899,112.0435438,103.9099952,92.16032066,72.60375867,88.72799044,139.6653808,61.95216966,154.6872231,186.5888529,64.90160681,154.3627092
154.7681503,112.5103029,65.76742601,114.733324,52.22234883,117.4401677,126.7365203,44.02011147,161.496079,123.9386872,76.48280922,141.4575777
104.9094219,103.1276407,78.68789014,193.0527183,67.14125545,200.7705577,93.51155021,75.99754018,125.1269501,133.7388886,162.4866545,114.9978119
140.6203601,60.90660372,133.0579283,189.0675756,90.56483539,151.1560519,125.9883132,117.8263423,76.27300453,100.8844383,153.163856,82.35872622
138.526513,84.58574423,91.52039551,148.5297082,111.9509802,97.44849174,159.1337767,103.4051377,75.43594693,203.2364946,103.0627515,68.53738899
101.901716,137.2983119,106.2258482,75.59189664,100.717795,74.09015772,96.46490819,107.1390917,95.88074714,120.9728709,59.36179713,94.182838
162.3161915,147.1265226,70.81212954,118.9375064,43.36365078,123.172515,112.2004901,65.45149226,116.5005863,151.0722028,114.5357787,113.5524314
182.8817936,71.21784721,136.468247,94.03565578,138.3470792,101.5961813,149.8294451,141.7644412,71.47932286,144.8014394,73.78148553,65.11706081
85.30327872,148.4024186,116.4463084,119.8999271,96.38117353,153.217467,59.53892582,119.6967634,153.021029,63.89613972,124.1832833,145.4897107
120.6806071,69.23101692,131.77018,105.0570782,99.85237537,107.1765199,120.335616,108.713191,92.71270523,151.6038983,77.41992519,113.173863
117.906427,116.6969833,86.16202299,118.3546592,83.97111148,98.38454775,144.4356509,73.20718963,168.7694122,105.829573,58.20811663,155.1809805
169.3433321,72.92979553,125.7584634,85.94452058,106.0542574,76.46691762,135.9173022,100.5775359,58.13558072,178.389524,93.33876657,90.94148894
143.9753769,205.7350104,68.58027604,87.49628433,34.44697153,136.8391666,153.5503204,41.50178486,179.3668799,154.8385318,97.0712451,182.170543
61.05486456,166.3580781,163.4460836,128.925913,84.91849587,104.8529552,57.92528675,130.926815,149.0018681,58.26831082,94.32269736,113.6576504
125.1406421,89.25074999,102.2429762,149.2415852,62.96921416,141.6451532,75.61718179,80.34892264,135.4425486,108.3714602,124.0545133,100.7411785
118.0944839,133.5856622,90.78824297,142.7268841,62.96608911,104.529807,100.6582872,82.34721673,113.1187089,130.5173503,95.68238155,77.78645756
78.93460692,122.879584,150.2260581,142.7144864,96.7655696,105.8337245,73.6605425,115.2090176,121.449196,68.87330092,92.85274302,150.974773
153.922166,78.50247096,175.8986881,132.169584,97.81752907,73.48905414,104.7697377,128.8243335,87.74085125,106.2236556,60.42271733,89.67047365
133.7646359,66.44822116,158.5519321,123.6462286,122.2472358,132.5143439,119.4001606,106.835345,61.21262343,102.0589274,130.1477897,71.08778958
109.8006375,79.47017142,164.5260927,137.0895374,100.8185827,76.86734684,112.7144656,148.9822489,76.45483649,107.5827184,100.672396,123.7908827
127.6056347,89.08810625,105.0619742,185.9554579,63.77043739,142.778365,175.9220473,90.66170634,78.43027246,132.4172298,158.4394758,63.65259116
124.3017593,122.9656654,82.68340468,79.78519077,77.43026842,66.02233963,164.5687797,83.26750432,139.0004182,116.6082,84.92147285,121.0651695
201.8711609,190.9519567,56.98821455,116.2524482,42.37182892,120.5190373,133.3538174,53.72062159,135.7015428,162.8163068,80.01041004,184.8953541
137.9805789,140.4080102,80.90469967,160.2866054,39.01991951,163.0141962,85.7222843,44.03517186,168.969112,133.0286341,127.4880212,109.9237481
124.1201215,156.1906154,124.8138764,118.7542735,79.6622384,79.63050854,126.0506591,65.51023763,174.3524774,99.3664071,75.39793537,172.0252979
116.2352151,108.674126,123.8804925,74.5744214,93.83789972,78.52357736,146.6726375,103.6321601,114.5235045,151.4374704,59.65069457,117.883035
108.8842525,108.4519939,70.1244824,136.5471559,40.64852488,172.2887159,86.10453883,50.64816545,114.4080385,132.6056545,150.1069571,98.57738353
109.8200493,75.09195535,110.9340029,104.3142473,85.31247058,94.20920479,113.1776373,114.851778,112.6495508,97.50680492,74.35274177,113.5631287
106.3560364,158.2623147,129.9143376,98.78598674,56.44657116,100.8871486,111.2236375,91.79453095,116.6572314,91.80924852,82.69009752,156.6009022
83.4011783,125.1486055,152.3003621,136.6640119,106.332672,115.1813943,86.06405141,115.5518034,91.8561293,91.56242694,93.65799229,123.6367208
132.3762386,141.8178794,95.96506042,86.3712871,80.35307624,76.14979167,116.4000297,90.73787331,141.1065909,160.9413289,61.18752247,161.568594
104.767777,58.294503,177.3108309,169.0903513,117.3642547,113.3100552,94.93867167,151.242546,72.76921287,75.64236011,98.4991476,108.358459
115.732253,97.91871613,95.89662515,91.74874521,61.47550412,118.4251102,146.6564505,77.07962354,99.61341053,159.0660343,82.53588064,85.38159216
68.30455537,102.7696919,140.4109349,191.1529423,108.6949826,116.2675878,44.7713459,139.9682188,99.80520318,83.23942333,120.2064813,96.41510572
145.5949096,91.49576871,81.63843551,150.0875363,60.58988765,172.1324873,126.2820712,60.81789212,88.82046713,172.5709332,157.4715951,99.70579452
126.858515,136.6607181,74.47157335,157.7855497,74.77083301,97.72569746,102.2495636,90.51611799,170.7045693,83.42399191,121.553015,143.741448
190.1710465,98.38749105,124.3950298,159.3789859,70.84018294,130.8149933,186.7730447,66.53881231,64.08209559,125.9400746,110.5962647,56.70917638
102.8033488,162.3819201,165.8292595,108.3146533,116.217126,111.9978899,79.43882116,105.6258108,131.9897621,61.43929119,81.12627527,114.713892
91.13252064,78.69597117,128.5417865,104.2707014,79.52598498,115.6931804,93.90037535,90.107354,112.8213125,112.8191092,85.25670834,125.6288675
84.44840233,62.05637562,135.7894278,193.0515204,102.4017123,162.0118836,100.9900842,126.8586485,91.48422186,95.09335612,135.1902409,69.68736095
87.40985372,55.29889877,126.6712889,195.9318333,114.2522479,180.3111209,93.99211726,131.2697391,82.74874289,107.8178708,105.0202542,73.47823882
89.48742523,162.3942328,142.0662917,141.0326166,77.04018006,92.49335901,76.68096388,83.46698095,148.1847981,84.24833967,83.2480331,125.4049041
153.1427295,112.5272763,192.1943608,106.3255669,146.9943274,72.43794861,129.1800787,138.6659335,91.42526262,120.8761565,42.28903165,133.897899
124.5196132,99.06564299,101.6786018,140.2437285,62.49324661,120.0221661,100.9528233,94.39202526,101.6228069,126.6588111,107.7583387,68.21767178
123.8979617,58.1894349,117.6090334,172.1529851,117.9172237,149.2839952,127.4794186,126.3332457,61.39801149,82.80375067,149.8890541,67.89749935
154.7032219,113.2403197,137.7050663,108.1349652,81.58983237,70.13817641,123.0964991,99.55893374,80.08104707,128.5844999,72.35614893,104.3684601
144.6440428,112.2139397,128.9509474,105.9912209,60.77240145,93.64790442,104.6412618,86.16379463,115.6078073,138.4499749,102.3544139,80.31817092
105.8411778,142.1987621,81.62576534,185.11628,60.93370494,132.7123265,85.20123769,72.7737036,130.203896,85.55839404,98.29470161,89.78808128
146.0697539,131.6981744,87.43194917,141.9023896,39.25366851,115.0126574,122.9204405,54.89561712,106.3151128,136.8041295,126.494246,100.3567897
108.8446274,57.82991227,179.3438791,134.3532282,124.2204692,89.8744631,107.7264048,167.4984523,56.50280437,130.9042406,120.4212652,105.8396891
97.48832111,175.0792004,135.0965675,96.32367783,98.49108497,45.14889187,128.4205344,118.175028,125.6650839,97.70735872,48.22395073,128.0983381
113.678749,109.1376906,102.8343854,195.646422,59.90459636,125.5787776,108.8697294,70.28171507,106.2826815,123.9741547,120.2927894,88.60732203
69.03677969,106.7696818,141.5358776,181.2024633,142.5408212,146.7042091,49.18518994,157.4752331,140.7420191,59.8140166,100.074027,161.0591827
108.5792225,158.5032686,75.57659763,112.8212847,23.77688928,105.353188,122.0649211,49.2421101,174.7923492,145.19217,92.78051533,107.5930256
134.9836591,111.989977,76.75971889,102.1345074,63.51939182,81.52891847,168.0345112,49.89663919,121.844519,169.6289186,69.08354954,146.8131547
95.08880712,131.9267473,134.9236422,121.2122678,86.53472956,78.61425578,102.0454555,91.55527523,149.8204035,122.5265722,74.46296417,125.1159651
163.1691943,118.7445307,93.93836579,123.4413519,75.02984933,99.45062657,166.0527787,79.27050679,107.4151983,127.5048942,125.3745199,68.50647506
132.2753199,167.0347413,87.37792661,139.6266775,32.74119974,138.2151505,121.2007118,44.57498209,148.6357853,145.7854282,124.584342,145.0265934
118.4302998,125.6897659,99.42791014,95.5985839,82.7181548,101.872959,106.2581881,104.8250557,124.3828102,111.1160268,65.2099618,139.6794017
71.74696855,125.3391191,135.1237697,125.0561646,153.2665718,100.1964388,73.51947889,114.5034477,130.0962247,52.13924481,120.2171598,162.2198073
98.09594542,100.6891856,193.6695267,157.1006613,136.2081504,95.64150586,71.96516376,133.2368554,109.1595474,77.83167754,113.0880062,129.9570647
82.70700783,155.9894881,142.8002416,139.2659508,98.69810248,161.0262321,44.65657741,127.3060572,125.0272046,55.57993675,114.0349224,121.9154945
130.0971674,167.0553162,107.0958779,134.3100939,47.7906523,134.4812768,87.93037111,83.07114922,169.4302699,80.55194381,131.350369,103.761456
85.62855257,132.6465036,111.9856433,139.4865576,115.7016708,96.32697186,91.83659291,109.4952171,124.4483348,97.42338778,59.5625978,113.4889564
92.76198786,96.62669089,102.2620585,139.5341957,105.6990452,101.1748956,127.9343113,107.8528665,108.2028178,116.0633053,84.51592783,97.07469304
132.7644891,127.1444066,96.43367506,107.9560357,83.18511745,97.32171125,169.4825081,94.11787322,126.8355987,149.2929571,73.37074333,121.6869626
107.3388723,119.9221054,91.45140293,188.8752216,54.33646515,173.5801842,85.13877475,95.56748528,131.2753777,98.05755708,154.2233164,89.13368785
140.2085673,123.2472554,92.9433325,103.5971048,58.64808131,95.2395452,149.8755733,52.96344263,97.90651566,145.1939193,102.463326,94.12908481
102.8313038,137.0711756,135.6438995,144.8531965,76.68386047,79.73385145,101.8670416,106.7640151,89.02211136,80.03406056,104.5189583,131.2337817
99.97429306,86.93845151,91.64679128,132.2137389,70.92221459,143.5705724,92.5774969,102.0804098,79.10912654,126.3268848,183.18735,65.52858426
129.3820031,160.8991623,104.3844818,97.32581899,53.04121471,76.52878539,144.1741956,57.37641275,130.8177397,150.2368254,77.11552521,131.779479
192.9282572,194.6093321,104.7377064,94.52982485,78.39761888,92.41943169,157.9318233,68.23673894,160.6454084,145.0963846,77.26553546,154.6111956
109.4991528,105.9012047,113.2020501,169.3034067,41.40461806,131.3408369,109.4703511,78.57548796,154.3851295,94.80331013,142.1672965,117.4611079
124.8555836,109.337022,112.1150482,144.8175261,72.62534359,100.0920399,68.56648757,95.69442273,129.7589228,115.09405,86.23386006,113.0234899
114.3688425,84.2340194,153.5865174,210.2315589,110.2680191,190.2572016,87.40400077,132.62494,83.78261751,128.0098074,171.4994595,56.8687437
111.5206888,153.2454293,104.1120126,169.6245184,96.51136525,97.14959986,82.7065131,84.69196148,138.4013052,109.5370531,101.0465551,181.9036072
167.0267133,96.50623437,133.2735665,61.19592168,106.3715607,71.83172483,176.180269,124.1403154,132.4539507,173.4840706,61.20205418,112.1125214
153.8308185,78.79620556,113.306297,157.9830921,72.38478283,126.2411589,131.9371924,90.53501172,100.0676996,127.6715199,120.5029184,93.8661634
159.3893045,70.94522502,128.0935408,88.55261987,88.62652517,113.1561897,119.937914,82.45414973,56.11336665,119.9930235,79.55331218,62.91562677
151.798403,74.25475265,137.003668,146.6576463,132.349353,121.7780783,108.0875223,105.0605591,75.83056817,152.6073445,95.78615717,83.3311955
157.7111,162.289689,82.21778508,117.4857839,38.66507063,105.5600488,106.5826617,45.99301355,97.47440934,132.8248389,101.358356,93.46077196
131.7570397,127.2343257,111.5308487,164.2730866,62.79612015,106.1384634,86.10570607,81.7199558,198.1956155,120.5886869,141.0946092,175.803329
89.2035535,128.9101839,128.3811045,98.30098999,87.36503088,97.48529138,65.2675404,106.1358211,157.6073777,94.3331167,89.24815742,115.790151
89.13845403,150.7942893,135.2710315,107.2126557,87.94053815,88.86457404,81.50991331,97.57253384,137.8298925,75.50813414,116.4278851,132.9547103
177.0244078,107.7606205,70.30390716,127.7109197,49.84656379,148.1478987,131.5480298,59.30194765,97.55439486,141.5448303,114.7208588,97.41065866
120.9322447,137.1322465,112.1522482,88.39062961,81.09308216,78.61266897,155.310721,68.86640235,114.0416902,140.8363255,64.10924901,127.70518
136.8620487,56.49636115,151.2835888,93.49680067,123.2811605,106.3494795,173.4474843,151.5564061,63.73682437,131.0287194,88.71644633,91.0443902
92.1442935,141.1727594,98.60761218,116.2143989,62.06754914,162.3134082,98.92484465,51.79019115,129.2391444,110.4864917,112.7016089,85.37153957
71.35655864,72.09320022,146.3703174,187.3111644,111.3801153,97.43244933,72.30373897,110.660109,96.24358857,98.39703719,99.62412002,109.4445894
142.122254,54.79257006,172.4708253,142.2144615,128.6112033,123.2745049,114.2260015,112.6805249,69.97746258,149.7813917,150.8388874,59.24174088
150.416514,95.83048411,133.4843279,103.9276,97.06675306,63.06023739,94.82692659,99.97123204,75.44139418,124.0181819,73.85049624,98.22587642
118.5313504,96.09764147,98.48922714,69.98330769,81.56403264,63.02676989,122.6744434,111.6873464,91.37948667,158.367425,55.08376691,138.1891924
162.3549766,82.62834879,202.5041693,89.39476852,112.2665499,68.16552098,146.7494963,125.1361363,69.47463135,126.8935257,77.93247441,69.59129
145.2792261,79.48011674,98.77404468,111.2647946,77.10145916,91.65822878,124.9670857,103.3161853,85.37537205,158.1596402,77.71396192,98.00107071
109.6823963,82.22213921,140.5469111,155.4361276,110.1372941,172.3452517,119.4985602,101.0775768,115.3453431,130.7420912,145.743844,96.90531125
165.9720916,121.9363442,66.3512932,107.6050484,44.87904025,105.6237323,148.3121254,66.40097015,90.83927897,143.871427,95.420731,68.94823009
162.3231575,107.3980582,204.0682932,101.0346148,146.5260228,59.02557855,173.5131929,197.2051534,86.46489994,126.3951587,87.15694415,82.68477227
128.5471166,122.1432722,92.07659557,84.35303594,74.62745951,120.3059094,117.8508791,95.52605663,113.45059,112.025963,72.13012112,125.5366311
138.4355247,141.333129,84.51726258,107.3603893,60.46815494,89.57283523,118.0809924,69.29221088,174.8871903,109.5680882,100.7415825,175.9833331
132.6571309,96.57727426,92.66426091,194.2891688,63.17015688,135.4563315,146.8922326,57.39775997,94.81469867,151.7041169,113.6081859,79.42994836
175.8401473,94.30846327,155.9976813,65.85695065,98.47494945,64.25600548,118.5891174,136.8528122,99.52321265,135.1659829,35.87180542,127.8484439
205.6519635,156.8545086,70.13642775,128.8762542,59.94878564,133.6262559,198.5034794,62.8132951,90.14191151,184.0166769,102.7502535,97.27381464
143.0077943,130.3231285,94.05349995,74.54265655,79.10771448,88.8392126,152.8143791,75.68561753,134.2984951,139.4165501,69.50150129,139.415469
141.8164537,66.66033674,114.5714831,114.5765789,102.7643532,86.14704567,119.4069607,103.9451022,93.36623608,159.5813317,66.66256249,87.99785157
153.2323202,120.0820933,70.87170762,143.5483061,57.28553453,110.0664314,116.5572372,53.23735734,98.82141186,171.2642401,105.30357,87.3830362
177.218073,96.4491587,81.64951066,89.31179698,68.31734463,116.9459435,181.1404812,69.72865705,117.4523968,166.8313728,75.42370637,94.78954782
144.9605283,62.21113029,131.2700794,139.3665576,102.5194869,104.1565786,130.7472573,126.0882977,93.51322409,133.3589581,83.60551445,70.70775579
117.860193,81.03081317,99.57738207,95.60414677,86.48637084,84.59050048,135.390326,78.31202832,82.80981009,131.2298026,112.1686662,97.11469544
121.0866031,93.77624465,108.763072,99.1293048,83.22301379,94.68264068,110.8465737,110.9002954,86.76545972,81.48418906,76.63484189,124.8773608
206.2556352,99.56801688,66.91524698,117.0994204,79.81484341,120.767128,163.6147774,53.08415113,128.9290563,128.3759384,118.7173961,76.49419454
107.5333441,189.4166512,64.17937027,164.2397537,39.04424849,98.62863231,115.9301773,47.14592324,186.1232053,110.2432566,139.6722311,181.0827615
68.44714906,171.9018706,119.1868406,133.3506101,100.2297729,122.0451336,81.05070466,144.251812,179.9915754,61.69702667,108.4718947,131.993759
73.44649683,101.0845265,131.82136,126.4453753,73.40544129,175.9651628,75.45560805,103.8561799,130.4543863,73.14874647,96.02166295,118.3801483
140.6205712,120.7528577,129.5481939,78.46452704,112.7720083,54.12544276,140.6149029,136.6949767,81.46246288,202.7087697,49.15362693,105.0089274
113.5284874,88.9821407,90.58824153,132.3065916,76.3903433,138.3514961,138.1240408,96.14443418,71.47689186,134.61624,113.6850035,80.76431733
158.1047033,84.87242964,87.51913811,154.2914023,75.38508261,142.6394516,122.161225,71.9166485,93.3289283,124.6283438,121.5444586,51.89746798
166.6001489,135.8512264,126.3170876,103.6911682,91.63069387,99.61433344,132.4849035,114.0305335,120.6276493,127.7705675,88.62213721,82.7591609
65.23497155,145.930552,140.3310567,116.0411097,88.23802458,126.976229,75.16233694,154.1467769,171.2175541,67.16580217,81.84695373,120.027623
146.6031228,68.60584744,132.9891631,82.047647,131.0740675,89.63166532,191.2293026,140.3662843,63.79964908,168.0208993,74.3896015,71.24537802
161.7499471,112.6478469,69.2532659,107.3830084,33.81705143,148.4857464,106.9531724,55.76495113,163.0048754,134.8958271,100.4735566,143.4516409
110.8607912,112.1514696,102.2572991,74.12704515,74.37635567,106.1123367,116.0269033,70.81698241,99.28573054,121.2671538,71.68407558,118.9218644
99.89520652,81.57701139,129.1721563,135.7171836,118.1196229,162.3375835,87.57107078,120.6442001,77.32945534,84.9235616,143.9616626,89.4586904
187.251419,196.273474,69.11419794,96.61299356,44.52480059,96.70174152,128.9525368,34.24448082,170.2758138,123.5744899,85.21088926,139.1149953
126.1715509,141.5013034,109.7497936,83.01625857,96.23885068,70.64642522,161.4407959,91.81413511,112.1764639,170.1802849,44.1766176,146.6575369
106.7770158,139.542468,64.68819539,116.0051704,43.71352543,158.000934,140.9090777,58.76753764,144.3467682,153.7542517,86.482624,103.5985264
153.4537531,47.45412697,146.4706704,103.2573778,122.7358081,133.6747378,122.1233311,125.6234712,61.86282444,134.6269254,96.76194941,55.20676807
156.2157897,77.30061525,152.7329339,117.7516586,144.0849945,93.45531094,122.610079,124.24748,57.4925969,172.1673309,74.71576433,97.342466
88.95056391,142.3673365,120.3446153,185.838105,67.75886806,137.4607246,91.17363091,72.35986098,142.571592,74.01244378,95.20874934,124.7064675
130.1649,62.86919577,124.3737671,179.0199411,87.54248462,133.4498369,174.9385203,98.11815488,87.9332669,189.1375272,100.5649238,45.93704034
123.9016637,54.57993668,152.7106965,132.132523,77.3091909,145.6160907,90.58527118,110.1418186,71.28986213,91.00649831,133.2070971,62.83433689
126.8490308,143.8460012,101.5773165,70.2989848,74.90989049,89.66529297,107.1862198,80.73149097,115.0307163,163.8385455,69.64087435,89.39267775
70.46986184,152.5159774,154.62535,146.3155138,126.0971403,123.307912,64.24361037,135.5310605,111.273869,71.98797281,74.92285047,128.1602679
163.7278767,175.8480143,108.5234834,78.13614489,79.62027334,96.81907918,142.497311,83.14728342,147.8360334,133.7928114,70.33874257,153.8406096
101.0842485,136.8592974,110.3404552,133.9139312,57.9143195,131.0985131,113.4218914,65.26144389,157.1205498,102.9951583,110.2413205,103.3615249
85.54827091,87.05453637,121.9192408,153.0005098,133.8410897,105.5417644,57.33455713,157.4630679,97.96849358,74.36190793,107.6691217,103.1047099
102.2482091,131.7994525,108.1647119,165.0307931,56.72685713,138.6155616,80.67362558,74.12620523,135.388687,78.4198826,97.89386843,125.1830116
145.0972197,168.358924,109.9415067,79.03495642,65.67134036,81.76399894,168.2893528,82.52100756,150.0937615,140.2327166,83.11449408,160.5253421
117.8293802,143.5860071,79.55876739,168.0193237,39.7101038,125.9855363,114.7937987,62.12642719,144.8819018,107.1091544,172.61044,108.1100214
152.8044597,132.2249435,183.3805165,66.13454885,139.663646,44.18938442,103.5724973,132.2621803,102.7125949,135.4303142,36.14400289,105.484312
113.5764032,79.33704164,169.9895418,113.1518862,118.7897966,72.56197518,90.80726209,113.5945651,111.7699302,86.41372352,65.4438358,140.3452502
138.0376486,160.4141786,112.9119169,82.57724826,116.419388,76.95234333,91.53953085,88.03981783,139.5924899,109.8293113,66.70111005,163.9112474
186.6421895,65.61760938,138.8981031,118.2503797,118.9306008,79.1608022,164.9277641,173.4815803,48.80512006,174.4467208,76.01049008,91.590973
111.079026,89.5604279,76.12995946,124.875079,72.04306959,144.7542288,121.8593181,89.15031535,100.2806157,138.5439789,140.3164123,89.50662118
75.27285566,126.6446481,113.0726588,126.8290456,61.93998706,125.5403908,53.04730161,108.7915912,157.6551497,78.84815561,125.5206939,121.4791406
114.0041835,68.64197205,117.261315,186.8911539,69.88455416,149.3712903,162.3484005,87.04609351,71.83253098,110.3092341,119.1889158,53.81095369
111.0331826,53.13389747,155.0269793,138.1046115,144.4493408,117.2202865,129.044025,149.9582715,53.2704748,118.7297212,102.7488033,106.2679053
105.6033126,85.79572125,129.9255545,118.196056,98.7608561,119.2582641,85.06076424,106.9749312,107.7908597,100.1562125,102.2998705,107.8189587
124.7207066,78.77842147,121.7156828,127.3781102,149.346319,90.68647244,164.7888756,128.6378054,69.27356593,130.9461758,83.19192423,106.7154273
195.1051894,57.35770828,121.4066666,87.66327933,129.4979005,80.28359417,139.1393323,116.4940984,67.70607519,163.2948349,94.36450721,61.63471705
190.142005,137.8033956,97.06979254,119.7243381,53.53944851,117.8947993,165.020982,58.25034995,156.856505,182.3997919,103.0866834,173.100041
158.0513357,185.4921287,54.41505246,152.5169329,31.47761556,126.2425832,110.4475184,39.70949897,195.1467628,115.7066042,134.9266278,130.5924225
122.8612364,127.798406,83.42462534,129.84462,38.61720268,129.5019331,120.9967384,67.2893027,129.1388451,144.1704063,109.3654257,123.1999684
123.4139309,135.1902665,91.66186321,86.55588006,84.40674614,91.82560392,141.0096341,83.01590412,134.2086086,120.8104523,88.55252344,113.472277
99.31106378,143.0836212,155.6820648,160.8876043,102.212003,116.6514265,80.00840246,132.8398806,143.7908305,93.70508415,83.00052601,132.664953
146.6725199,190.990044,66.04338814,96.52657127,40.67403405,137.9456053,189.0916467,56.74618626,173.1001424,185.1827755,80.85951681,165.2940936
149.0565989,104.2954095,91.28460356,89.85336578,97.58497362,75.13946277,196.8901576,87.22184219,112.6962915,202.7142614,70.81848027,91.72527321
156.9447359,75.82142042,111.1122592,141.9139033,77.70543227,172.0689015,163.7531966,87.70531149,58.49020573,176.4670274,114.8964897,69.27280321
104.6029199,62.09463041,104.1292908,140.2109489,81.2255078,144.8441719,127.9692966,110.5169255,82.11724543,109.7199901,105.7561081,70.17744605
100.1714679,127.048592,79.71495081,151.052349,37.95048248,100.3238333,136.2478247,61.44699985,130.5708815,105.1019296,100.1945678,100.2941156
114.1482385,123.2854556,135.1700305,140.5395951,59.57133423,96.01042085,87.80107586,110.6248157,116.5245713,107.7084776,102.5992384,150.2514517
93.23273071,120.9911983,80.40356094,151.7152976,56.98399849,99.81576278,84.19270331,90.79827,126.8381903,110.2982014,103.172331,104.2960477
153.9543201,119.9003296,97.26781898,137.9965624,70.73584953,194.707169,94.36072404,85.88012635,136.774145,105.0694517,145.8275273,72.21198908
106.5196949,95.98954414,98.48446088,155.2426099,73.71090408,140.9351289,91.34468316,106.0572117,65.45719622,100.5121793,112.9291294,84.15623182
176.8411983,159.0479969,162.7392037,52.88312929,116.0035832,38.05793053,170.6266026,156.9728999,101.9296626,164.1448477,22.13033274,126.0246294
128.0091111,90.69720135,133.7719472,181.8525033,87.46432844,108.2184654,106.7112617,97.89820755,98.93046943,81.30459489,145.9732266,115.3816672
123.2943607,142.7997735,69.08067148,72.80056983,65.64829824,107.7740481,124.6210221,64.17999819,130.9270376,145.9740861,71.75519515,135.649632
132.0469941,91.36958125,117.3031246,117.9037839,91.16476256,123.2004402,118.15854,90.56537371,90.99057124,143.2592397,97.36000682,65.10730411
182.6375696,140.1873277,129.8258351,60.31155407,66.07151353,67.00571054,163.9125745,73.55491865,119.4600681,160.6638087,56.08354926,189.0643345
111.6651372,99.7157766,146.6195154,118.3817495,106.6574928,78.70021295,100.4298731,128.0243492,102.1502265,78.58306427,68.80192565,120.4303793
149.2099092,68.71325211,120.4083086,135.0217318,97.50361301,107.449501,150.0759591,125.4813398,61.48574795,180.1023454,105.4925122,68.8701057
192.6515591,97.20885684,85.34541182,141.5932671,81.37452317,101.6981749,127.1422819,80.28981878,108.1389476,171.1095509,119.9444798,62.81121714
155.3924838,121.5530305,102.327303,68.99462598,71.64810435,96.07263649,164.0297665,123.3642925,96.92181507,138.3663808,61.67160682,91.95190067
149.2318784,71.55925739,96.98025412,89.6728725,103.2434064,77.33269608,147.8675631,98.78219413,70.64714697,140.335573,77.18604442,111.1650085
147.695218,155.083564,79.29117051,154.9956018,48.32496516,129.6366084,114.8947365,53.62088632,139.5835424,116.7993454,97.11463791,136.9701893
99.80303915,185.5232456,106.6255823,131.6105559,74.81619982,87.98306168,76.90484081,109.6183488,172.428618,80.25980049,63.8653636,169.3573995
165.93834,137.0065741,61.71643654,123.6094923,32.16690432,121.8381005,137.1316847,59.71105515,102.4113316,149.0226814,123.2122923,112.4186929
174.1537579,126.1293037,87.14261202,135.6858541,85.39548616,127.7869881,182.5812438,80.56709475,94.87749025,162.7294767,129.7917542,91.22804187
132.413941,68.80371121,204.589848,133.8436508,145.0983188,105.7308754,122.8737518,180.055967,96.90240158,119.8297094,110.7282575,72.96406986
56.758014,114.2974687,164.1353173,174.4365488,139.0763992,96.82213886,46.88102464,131.331316,150.8660312,59.10930805,121.1266031,187.8416516
217.9352408,74.73605854,142.5844262,97.48140121,130.0169463,95.77366218,164.103841,133.3779884,58.955204,209.2930801,88.53878745,101.3558716
95.64226016,148.0989268,111.911149,132.6280875,57.89511468,130.8794354,72.82031923,75.95586549,151.8140574,112.6528946,108.3265556,93.9144644
128.249029,158.5145858,88.44010457,118.2061043,41.42277126,123.6595469,104.3041184,58.72373841,138.2776697,112.4640891,77.70194783,114.6276953
159.1825815,168.8433787,104.744648,75.15385643,94.34309661,79.66459964,105.4853176,107.3690514,177.8923167,97.85425424,56.91210236,161.6308128
91.00481774,82.7715636,132.6956594,113.2185693,119.5247713,117.0783377,64.78118034,122.9459764,108.0320222,93.03764961,116.0283438,117.1148489
115.1388653,120.9093691,103.1080218,121.8086609,86.56926569,105.1544754,107.2488853,106.3907273,127.9798525,108.2905366,92.05366193,121.276156
148.748177,99.29755688,120.589644,131.3587226,83.52301572,88.91050612,124.8990594,131.4446289,96.08647474,101.3817764,90.7113531,102.348505
138.6734168,175.5208492,74.59298602,174.2294103,55.53870837,172.934946,122.1624944,79.50612208,173.0698335,129.6799537,127.8607968,180.3103268
112.4426273,108.8625926,171.1168992,83.41438981,82.8013555,80.13687917,117.2567127,106.2513129,136.7188661,143.2336549,60.09707771,115.9096738
136.2763027,94.67677087,110.7742558,169.946348,81.0787083,171.2477266,132.701541,109.8497428,96.27219878,162.3615692,100.3575415,79.82520377
133.6674309,110.3061551,79.98165077,85.9484378,63.41283273,108.8994659,154.3459653,71.69531852,140.0031572,152.9587029,83.65720574,139.6651815
131.5926208,103.1305624,91.84283918,136.3914401,86.34210018,177.7699977,111.6819719,108.5364249,121.202758,111.075405,152.4143114,81.87291151
127.9368701,77.09566576,134.561974,112.9672315,82.33504773,124.6320306,120.5997232,98.23640212,77.96169249,182.9392606,84.21517868,77.71468985
149.2168018,119.7278255,97.2784363,119.6801188,50.70248418,101.722382,91.48772511,49.00308433,152.3508893,108.598038,122.0546401,88.94237719
70.22857592,106.4036892,101.0067573,185.5083827,91.28288989,143.2281836,80.95830549,76.39398681,110.6289774,83.77101245,93.65746703,107.1845047
81.24187086,95.90804243,130.2023911,121.9450567,106.993135,110.6293428,96.67183026,128.8120101,144.9375307,80.86898344,76.95499757,138.761262
92.28674929,48.18584853,188.9374477,120.7249121,128.3621127,97.72484356,83.24356334,134.8653283,57.26462938,113.0089116,128.423631,99.13873666
61.10044518,106.8898433,166.3279115,144.7703899,99.66645358,129.8045719,63.2477409,157.7440905,129.1815363,56.54139183,85.45631476,125.6377734
96.78107155,51.43966482,124.1238097,161.6328842,107.9590988,109.5171713,96.02250708,123.7344853,83.50950527,99.70654259,98.74219651,62.14212104
117.7847979,140.6971642,76.02498172,120.3701221,58.89923304,107.7396255,146.0369321,74.4638916,137.5069209,154.9451312,73.42612699,140.6155222
110.1882139,158.0218973,75.70798562,129.3259052,46.82094786,85.5319531,125.2659618,69.11705754,133.0944235,147.9125265,89.1872013,126.8125933
135.3597353,152.4261753,67.36674192,95.92155308,42.08037493,96.06402592,95.89456633,78.30221336,119.2349897,152.6886498,80.27978572,117.9941532
116.519049,112.5357311,132.6122484,81.01419796,102.7829941,75.24503728,150.5933347,123.1743663,113.653839,137.9911383,61.51820952,98.88882502
98.78061965,107.1213987,153.340911,107.4371835,115.6427457,112.7302311,68.25451276,119.2045075,141.7072303,87.28533826,99.89159928,107.6366255
171.0806481,131.7265354,76.92386321,121.9788595,39.57437379,108.1564723,161.423355,49.16456647,123.8638097,168.1811917,84.21262466,138.376568
170.8283945,67.06514926,106.539659,93.65462911,85.96190451,102.6120688,205.0700783,84.72257539,88.07059045,193.8888823,105.8295,88.63599
148.134062,133.5931523,126.3927562,119.6446692,115.3860833,88.99034504,124.1559287,132.0718322,84.35762676,123.6167595,58.98353792,85.90509671
88.60963242,108.8457318,118.2225189,128.3370321,76.69306556,152.5208308,82.6246348,77.88669976,117.0530764,89.33083273,155.1109908,99.95887423
128.1399762,76.7351976,125.7805225,139.2981234,99.25149783,95.59044428,126.0801036,139.4348665,78.59179035,160.2275351,110.2269806,72.0819443
110.2865227,83.18608739,137.5203811,99.63687472,68.13229052,80.31158237,117.0491767,110.2530716,118.0850196,158.2163727,59.79524786,109.8057483
151.040698,77.43556098,91.91548579,190.6622277,84.4834881,173.7705991,142.5644107,65.35978171,96.48088613,120.4100508,164.0950002,70.32631244
134.3623681,92.41606835,85.68427765,137.0605788,80.4475684,116.5011842,85.35328599,83.23761031,110.9761158,84.55183518,85.40551241,119.6289199
134.2125439,128.5921638,76.08162638,109.9509637,28.93566633,114.5997687,105.619372,51.40783357,109.3519665,115.2354916,105.2987786,115.1404896
123.5770977,122.9652114,62.5921463,124.4641339,43.41086116,113.5694975,135.1623603,52.07517229,157.7406992,137.2678536,84.45898286,130.5333
131.4206067,52.50789125,119.7135607,162.6006403,119.0883144,100.926716,153.3669281,120.8398828,55.26263444,153.6993752,102.9035318,57.80403311
98.23271395,105.3308607,115.3457063,148.5186517,117.2789457,142.7932353,87.29488364,124.2838841,95.13398448,90.4312176,111.1359328,77.10637986
101.7763933,130.3476735,93.96057938,162.9913352,64.97100326,141.2711238,85.46617114,81.42686225,106.9390057,95.99563798,107.4326498,95.28458916
70.88063961,81.07999591,187.5126468,166.6193869,134.0775159,134.5826917,62.16910165,105.7767784,124.2267723,60.86525592,134.1686625,120.7918614
168.9448225,83.08939188,131.3499287,114.8908763,97.46396988,98.22469941,148.6943327,112.3162618,92.88663237,164.6380036,83.20455885,80.80967175
172.3450694,71.4041611,167.0236044,147.3008729,96.44164197,139.4486083,145.1552516,143.4834657,60.97444514,113.4794359,97.39705137,62.35686205
148.9963067,55.08512438,161.3438704,173.5229445,134.8766003,108.7082984,141.6704088,131.777011,56.87360147,145.0159051,110.6076051,66.84357584
152.005715,111.6676701,78.40704319,98.27146044,85.94716918,115.0192408,186.3109562,85.65534903,117.9117441,137.4298647,68.15192346,121.9358612
145.7960619,84.2009827,139.6075716,114.1477585,93.32315347,75.66835719,122.2343311,121.582312,64.51904379,164.6462383,75.56288338,91.11011298
132.9070008,73.29947514,138.882538,181.0261806,89.7837229,177.2310411,99.83369199,141.5614259,101.3261994,107.1129685,145.1520365,52.68960008
116.5029382,124.3704622,133.3907172,68.79436539,112.2511694,54.72369605,148.9586928,104.2641653,157.309555,154.1878458,42.96306088,147.4171465
104.6611976,111.2854639,137.1040855,143.8526437,95.34032824,125.5244678,99.97272849,134.2607842,116.4945729,117.4353481,82.33150948,77.76697284
106.8761637,66.85326716,132.4719388,159.0302219,98.42486625,101.2418938,75.98840037,92.13892146,83.53219962,104.4803716,115.2150899,98.50318812
145.3468908,91.551972,101.2533974,115.9991043,107.9315651,89.0614649,133.3010194,107.9418907,95.69490743,189.1494858,88.38085033,97.61471726
148.0791217,172.314946,159.299336,78.7160917,89.7704998,41.01902852,137.3086676,96.04118807,156.436351,145.2723769,40.93602164,144.5155909
142.2728393,155.8689136,74.07239673,148.1680606,31.50083036,130.6417244,111.0423026,41.68723169,127.6111281,110.0338817,126.7702812,114.9310878
84.34377586,139.9620438,135.6407585,127.9414514,127.9489835,114.7234075,54.06561908,149.2246684,102.8000118,75.89059995,87.7691683,142.4765933
124.2818033,99.7670106,121.8178918,116.4938963,62.28355679,89.994413,151.0709122,68.86581731,124.768127,154.3582311,80.07631169,88.51709065
135.0166368,153.7128204,73.05043529,145.5602759,43.73209051,162.5961019,94.13241534,57.20023571,172.2872787,103.1681346,126.8397937,122.104749
102.3702762,134.4159042,81.52642019,164.8719658,52.47097748,131.3117348,78.63263529,54.76376626,139.70046,84.2937135,115.9068833,129.8156873
65.17199761,99.86853172,199.1129738,168.3764034,97.06046902,118.6524382,66.98798779,132.6307062,132.8173162,62.02833193,86.66314981,135.9268104
152.8830472,63.26427096,155.349782,180.0892844,106.0201021,132.9356743,86.62379127,123.1605967,93.06238915,145.9221055,139.1977469,66.21544327
158.8876101,50.54401641,161.4099844,133.4569916,108.8185977,133.5561426,133.0600225,188.0435251,73.63918321,159.1260709,109.8325702,92.85909838
182.5073917,94.34328656,99.22803103,87.03405373,101.079767,90.30342605,160.1027826,123.6980025,119.5365944,137.830527,47.49428183,135.1834488
166.1947941,73.33578991,119.1918805,142.6673643,65.26322808,129.5437716,151.7969486,110.3677189,108.4350835,110.0691344,154.1086863,72.50356685
65.18339064,164.6445469,123.281511,117.1591758,150.6059791,99.90142847,47.30360919,128.617689,120.2641981,68.37847409,74.59673778,119.0529988
133.8210867,40.29377927,175.6519799,188.9870963,97.13962026,121.471586,112.4423065,128.5316649,52.14949078,92.02099579,116.0611387,79.09526652
187.0085574,110.5584347,69.73314538,114.5963397,46.17789395,112.6035365,167.2604434,50.95247603,108.2985271,129.9833184,125.1911538,90.89691282
125.4507607,81.35382643,139.7838606,78.35947751,148.7680271,59.82722567,149.5616423,102.8630683,61.76928875,182.1571386,54.20039345,76.09484245
160.2994977,98.99469645,68.28252437,127.2656013,36.61478015,126.1020024,106.4550048,40.64814737,120.854572,138.5311231,106.1489575,96.21063021
150.3635083,84.35573227,176.2130729,97.16421819,121.1162693,44.75316881,117.0864817,178.9529644,77.54793733,171.4283353,37.34154344,147.2130428
131.9513031,139.4331625,134.8333789,66.88372176,73.63098303,86.8781351,159.2413012,104.9558584,90.44379476,157.4259841,57.67679706,109.3202441
151.5122808,100.3690263,110.5321394,107.4737838,87.02624446,82.22036047,156.518149,111.5794956,78.64995394,130.8528426,90.1479277,94.67980326
106.2419223,88.83929145,111.2730509,149.4461108,82.27152937,128.4824388,119.7684734,80.25439499,99.99838565,105.4352666,89.21065465,70.03215977
71.21032268,84.75324738,139.4327565,155.4278319,115.2282436,88.50985166,60.56949839,129.1623989,102.9607061,61.52734638,111.3515618,145.7435754
195.8822149,78.18055001,109.1232961,124.6241326,89.64245582,114.1333299,173.5710707,71.3840008,69.72701994,131.973629,80.8999905,98.49318557
114.4807407,131.7523121,128.8661811,80.45632771,98.06407834,64.32960308,104.7141662,109.9049298,124.6779013,105.849074,38.59570812,164.849944
139.3824916,135.6047361,98.69694225,116.2931036,55.6223455,106.3386569,169.5791696,74.07382908,93.20798748,147.5050473,74.12303049,119.5882888
88.03643905,122.6605912,116.7839893,129.8965424,102.8173317,142.184399,57.65631073,88.84023529,142.9408652,61.10836605,112.1696438,126.769586
149.398424,66.3928571,122.3585345,123.4997303,92.55509566,90.19758399,158.894028,122.0316267,49.91223538,145.780511,101.8498317,53.66882115
154.1525495,98.03506026,144.8529076,81.56564442,105.156198,67.54544479,121.693563,133.1158442,67.05396512,107.7775253,80.46888706,105.555097
123.0008435,62.20112991,135.5606152,142.0253425,139.1614057,125.3575726,104.0503266,159.3072061,68.73330982,84.04859689,97.82062471,92.79743295
84.18383711,141.9737599,185.0131608,139.6794623,109.2354026,87.4667383,85.47673034,153.9511902,132.1738679,69.56306663,63.90468226,179.8774407
86.70184168,121.4432406,163.2418233,116.0476398,90.85086965,133.2770201,83.68719622,114.6032503,135.5007138,90.57919432,115.2899729,110.0068695
126.779343,56.28717836,187.541421,102.4044595,136.647148,85.08328601,125.7014855,123.525016,46.88572983,160.0356093,71.97892312,66.55387827
104.9153804,105.7953703,139.2276612,130.1016838,120.38963,92.44211241,107.6061827,102.0661082,93.46121581,92.65802813,70.48785757,139.7805706
194.4131235,105.1976018,102.590988,66.14805944,89.02087492,97.02603315,194.4104977,94.03438384,146.9860386,158.9303316,79.78177996,120.4466385
187.0602132,97.25372404,92.16152993,97.95121601,96.93568765,110.7166866,168.0456716,99.47440831,80.14476902,172.2654212,89.36027061,86.85886547
137.4693834,136.7876205,93.3452397,117.193398,43.19641223,101.7805252,142.7981719,74.45231834,108.0926714,124.9026222,82.19263155,110.2158535
119.5030146,99.50969995,131.396314,129.7844404,100.997938,117.8327396,116.0012183,97.36572704,101.2110442,128.3646507,71.13357155,87.83726028
155.7934302,101.4663756,207.582898,120.4577192,163.7469351,74.31747126,113.7025062,122.414842,61.55395917,140.4212824,84.75972629,76.70017206
179.3905295,59.07795921,134.2932741,120.5184291,110.3907606,125.7546301,112.3384796,91.00896379,74.80880663,171.7649514,133.0006255,48.64140321
125.7218095,138.6186925,90.46233056,179.1941969,40.85033854,165.7126353,140.436043,77.11510945,108.4425251,132.8037291,149.6083197,80.98212098
128.6752722,154.8709119,134.4059452,98.91224014,86.02872331,84.18516033,144.4962024,83.25748385,143.630975,127.6671267,70.07141979,123.4686253
116.1047571,158.8994928,99.34329575,120.3913904,61.36481455,107.7139532,73.84056092,77.29916303,168.1224583,78.22587127,85.37657771,118.1765707
163.2313368,115.1819046,132.4039437,107.7132061,80.5222944,89.33881179,146.2716508,107.4289264,78.1672361,158.2895847,58.28251517,95.71458365
148.3904696,131.4896276,129.3293226,60.61657463,63.18477937,83.98002053,107.6887707,85.00115609,146.4177884,136.2072415,73.73882041,121.6625115
202.1350398,98.06203985,72.78143882,112.6883843,72.31798276,134.0968996,162.4508305,96.11337039,67.43343726,149.5590897,101.1357779,91.86403229
166.5264172,91.82262104,111.2310467,107.7378732,63.84080456,81.09531591,106.7407942,81.892942,89.15419163,110.7801855,105.2897882,101.9622507
109.4775936,100.4673353,141.9435013,124.8094444,107.0218224,89.5071998,101.5642471,103.4939904,118.9731746,112.9739408,69.76940337,139.2581139
123.0486248,90.39895996,106.0800407,156.2044356,76.12204905,99.34663492,166.4507805,80.25743321,71.88760111,140.4087854,111.4457213,98.72161374
127.1225936,130.1102267,132.6991218,75.91508251,80.37635349,68.04926178,121.1456938,75.27741543,90.73176429,122.7693207,70.49834164,110.5964515
97.17585193,148.855131,94.75523007,138.4041966,61.64044925,125.8786682,113.2961305,63.75595883,165.2016596,138.8709231,90.06950468,131.8244484
122.5071926,67.59008454,141.251523,136.6350771,108.2329555,122.2401332,116.6632646,98.19026058,88.16637685,160.5878871,102.1492681,64.08063535
159.1542786,107.784996,87.02964378,101.6164999,51.22844429,124.1119196,159.3315771,85.88995124,134.4568052,151.2494075,67.79835781,110.7486441
189.306231,103.3135623,132.9256167,89.78606459,128.5647396,77.04869512,112.547542,94.13305132,84.03889321,151.2239974,57.68955796,99.20457162
132.9825408,138.9190728,93.81140493,81.28334411,87.57675149,69.19276389,147.2283134,88.01755819,94.96413806,123.0759162,60.81119258,111.2469002
231.0080508,93.32231956,83.53525789,123.0814199,80.40120887,85.36141294,200.0155732,90.74691356,104.6945245,140.5403934,95.2094229,124.3120727
132.6810801,101.6359671,112.3745678,109.3873815,98.90880769,66.83845859,139.5551306,101.9612046,80.67335835,122.8686246,54.56206814,99.17060669
156.5259407,123.2273803,78.41372408,122.0645243,61.6303654,93.200665,181.9284198,57.87869013,107.2045116,136.2418595,107.6040389,83.62462254
89.06314123,78.57350643,116.6412903,169.8500285,128.4578991,106.8702218,81.4011664,103.1128833,71.98663141,100.8296062,101.845331,91.8948576
127.2791213,105.4278963,63.11186797,126.9760411,54.76434888,140.769657,103.5416112,73.53330854,124.1404576,160.0463099,108.6681051,77.66486238
131.4218191,133.9157242,66.65699555,129.7005743,58.89867056,197.04645,107.8296328,80.4126922,118.4810511,115.587734,151.7051254,138.2347563
127.9162847,86.11430673,127.3977619,108.8637209,89.89694177,157.0036671,187.8197597,97.16716126,72.44064855,160.0116946,148.3885252,46.74525942
88.4189566,107.0089401,83.2101839,174.5922961,55.00050899,122.1174565,89.85981744,69.67149263,147.1537961,93.08559675,129.5741199,115.361532
167.7222067,87.48898712,105.7015943,102.8198887,56.03324994,106.7780215,171.5816568,62.97502114,98.6128145,122.9620766,87.47090438,106.3213518
60.51007835,145.9080813,137.6916246,146.0714697,126.183696,108.7887388,39.49509938,98.94164227,154.3020929,49.10595991,121.4825065,129.9982023
68.6900905,115.8562288,165.4813617,118.1259367,114.085754,123.1753111,53.59509477,118.5186062,149.4778135,66.74160512,127.6552344,105.178188
100.9915957,98.91991794,120.3072185,143.0646431,113.1066074,100.964183,71.49716467,134.9297937,137.8829578,87.63244352,89.32762665,129.550583
189.9806779,114.6702111,83.19288523,96.73247298,64.97380926,104.1989978,170.3219412,101.995015,77.7812547,155.9380785,85.43057291,114.6488427
97.7200869,60.29489607,168.0040214,169.2773873,108.0513336,178.9226365,109.814094,152.6176127,62.9868358,118.2809196,110.448793,51.48790657
184.2003264,75.68540456,180.3825724,103.5438265,101.391446,92.06176151,150.198393,144.8744733,60.67442749,143.7736297,84.73796471,87.65866795
108.7511251,63.57291002,135.2048597,138.6656332,86.17650845,98.04228813,120.8237325,92.90402708,87.02541848,113.6940373,95.49872864,61.89684235
181.0091437,116.2865792,77.84592486,81.03856819,64.11403654,80.2630949,168.7763638,94.82705406,124.6483031,209.1293548,95.16595292,122.9602073
152.4652435,114.5822027,93.15032384,126.5912564,59.89052094,104.8274625,136.1750528,89.119588,120.5963431,112.4563457,66.61317424,120.0082986
136.6533299,132.7844288,79.36843017,130.386064,62.73562407,105.7340764,93.60402095,75.40536312,155.7504764,92.61519764,106.346521,144.415101
113.1153649,102.4815544,129.52762,135.8455764,86.83963789,147.1180715,121.1842107,89.78056599,84.64668716,141.5392854,171.4344835,83.94103971
94.7024061,120.2161434,96.482462,162.8474905,62.28742649,133.2075355,75.0423874,62.72984104,175.869822,81.60910826,121.9152355,105.7115723
174.6184274,156.9798365,67.51201793,91.06902839,48.76151455,119.6940641,130.9701056,62.89954969,176.9416399,187.052783,84.1490367,158.8334251
152.5952855,141.8459657,167.6364357,75.60014796,136.7066465,69.56168958,111.721496,130.1746014,95.78340327,156.053233,41.81352446,143.0814486
193.5369198,125.2137744,103.5672112,81.00288612,74.71239466,71.64413244,142.1780678,126.1156275,94.38372284,143.0779436,56.60558854,109.9255185
177.1176662,117.9684306,109.1416521,59.0999328,68.7383161,77.21065121,108.5086422,103.9289553,144.0748473,162.0177082,58.66795787,151.6365431
162.8656351,154.0102107,116.6170645,72.39438577,85.21775142,57.15916873,140.897528,102.3274985,126.0084308,166.7191915,44.69817517,141.5755521
130.8534549,123.7515995,125.2362024,104.6915736,66.53732834,74.471581,130.8661096,80.2678629,106.6332997,103.8850503,77.96471742,155.7112705
108.5034759,80.93374114,137.0499144,146.1162406,87.20168019,158.8524415,113.8369691,96.20739971,99.87681106,106.5567961,146.6275625,65.1529056
107.7175556,70.18296156,130.6105241,176.6247775,142.1099979,148.2315492,85.61676237,133.9013538,70.68718478,116.2900239,102.3119785,110.0016995
101.6317462,139.177907,87.20153657,193.9748422,68.38079323,111.6736578,100.2752901,70.58374056,130.9761237,82.84935533,153.2509817,114.3536684
81.53388332,132.5970773,128.0982067,116.3284834,107.4216979,93.74145188,71.13464767,135.1069022,158.9021057,69.63346328,91.26718665,184.9067808
165.9020198,85.64219953,188.5227414,83.62616844,112.9479125,74.41259465,118.2340422,144.212604,63.3848015,165.99925,100.5499997,92.67323337
170.3804807,125.6200716,162.3332286,78.15467232,126.1327121,62.75225616,102.667696,109.6679145,133.1298079,131.4833584,38.73328985,146.9661697
140.1258417,155.4125,72.98569308,141.700077,33.65367489,134.7820013,100.2595515,53.41934202,171.8521523,146.1008507,132.0302293,135.3057262
144.431733,107.5087821,137.4400353,82.70095885,141.5128803,60.84804601,107.9888603,130.3920838,82.36522133,138.4589929,57.10376747,98.89623614
182.0189684,122.4783398,129.5445185,81.8934969,117.0058449,57.23480178,171.6831217,122.6390133,110.3186569,113.0228553,51.41364591,123.627962
140.779029,129.9997874,80.39182338,165.9210602,44.37151942,144.3068864,115.7225078,53.46547814,133.9903447,112.0868332,157.1426886,137.2198836
106.6736389,92.68302226,153.2811142,150.2261346,131.162103,112.7650351,68.9574785,159.5789896,102.681929,68.50781239,88.39082006,122.6472807
144.1366017,104.6944892,94.83824031,96.96791792,49.72428492,93.85016699,127.4216249,71.76658051,135.7044677,103.5961953,95.96122821,116.6668636
129.6064655,50.71166402,187.6950702,113.6963091,126.5742431,125.7603599,98.71781732,156.5782303,76.2851246,98.18978834,125.4618978,80.93979873
142.8771496,170.7210147,82.7961733,94.50875459,72.19262958,85.85380248,97.5118801,79.45333111,161.5133207,126.2160351,83.68995038,128.0312465
109.82222,124.706431,113.5123723,77.76427537,99.1120693,66.66939946,110.3883924,128.055661,90.38053063,149.0215368,64.86528395,92.65999001
106.5199205,78.9490169,177.091939,125.3536276,128.5201533,67.1371252,89.379236,137.2763939,80.06674262,146.3601727,68.77514372,119.5562291
87.91157029,82.92636514,147.110627,181.7945747,109.2010713,128.7724893,85.96619638,141.9675757,127.9055319,85.74408004,84.53021433,102.7742256
143.1776765,86.61800661,84.81951274,103.6456269,71.2424118,121.5948778,130.0401674,54.50688843,94.00431352,142.0367503,107.4636845,86.62348702
140.7579647,113.2762636,92.24443474,73.44037488,79.28690995,68.22687936,118.2908256,79.90136269,123.5576052,187.9587627,64.14245724,123.6110649
192.7908155,114.3055279,63.43706198,95.85989488,45.44353262,98.01406241,149.6299705,38.88462608,158.3525031,178.3971991,122.6629946,144.7077966
88.63699279,61.9569151,145.7908295,192.4739631,109.0685947,140.6836872,79.73646464,140.0139428,66.92639987,98.57368329,123.483028,67.43109614
97.57603893,72.97160436,109.0618281,121.0065607,100.4368761,118.1857404,114.4002343,150.750239,82.49726046,89.03585927,80.68692566,99.21982044
218.3672945,75.92821973,140.7093874,139.4261495,81.53658666,114.7320905,171.9050569,122.9798679,53.02457889,206.5952992,128.5108392,81.43711329
96.20500454,102.4133078,106.8126578,142.3540223,59.86757695,117.1679622,86.3520341,73.39655275,111.4870882,86.94949211,137.190453,103.9511258
126.212514,113.7279246,148.0884127,85.8577079,137.0920739,99.41505308,103.9868067,168.3780555,89.13089743,111.1455846,58.4125635,115.1078842
123.8837725,129.4097366,119.8301226,95.3938281,127.545921,67.00149631,107.3194301,117.7747067,119.3922355,87.67599967,73.13972421,143.6238595
139.2219906,102.9958469,163.9392166,84.55518016,135.8261258,53.76013434,102.8011675,102.3661987,102.4658808,113.3442869,33.17847844,125.2354779
123.3719696,56.97463247,147.5048321,99.51761977,112.1388597,101.1437289,137.4014692,141.5304169,56.06699094,113.3601796,120.2315198,75.56867304
120.5513099,152.1109041,142.1436805,87.45666503,76.77648881,57.40351939,151.4572273,89.140959,128.7218712,178.2267438,41.06412183,132.8226463
85.22209365,103.9488566,125.6756465,149.9110794,77.24136252,107.9371083,89.51608253,66.18682199,101.9867782,93.30343137,117.6692079,129.6666568
127.6175992,103.9305362,75.55702475,170.7708849,38.76970096,128.7862291,107.4428006,72.638416,95.56754325,100.9643447,95.35241789,95.8403728
165.2144067,141.0318786,116.7874185,110.9535493,58.58812064,110.9700319,115.2213717,91.3981405,105.9578755,119.0819212,76.52369856,93.35881078
104.7417602,88.93725983,94.30350652,149.1145078,49.40075896,171.3381375,124.654746,66.84358738,90.82226098,123.7693506,161.3365059,113.790913
93.21129238,91.88627917,108.3485344,121.6725302,115.9109325,129.7658731,78.83435256,124.4897333,101.3357672,71.07905799,131.4922937,102.389675
76.3811722,53.8500448,138.2397627,162.410589,175.7414335,154.7686897,89.51778935,154.639505,66.4354802,75.41340064,136.3969079,109.5350664
70.17000363,125.2719913,99.33982453,181.2862017,83.05231034,111.4487945,80.48049617,111.7154326,115.8515013,76.24005906,115.7685396,106.2413219
149.0300417,104.3497463,75.58290404,160.6087335,45.85047226,181.0972227,91.05253244,58.75270308,133.7911701,105.6201786,111.687999,124.1563801
156.4625566,75.75109388,127.0411025,148.8844595,71.96934846,181.9385455,91.91522136,101.9244674,86.50784589,122.0233642,149.6268144,75.14104745
179.2602106,58.95122881,134.816781,144.712761,107.9506674,87.38732557,138.3620143,110.9823378,64.44126252,116.8413003,101.5682074,62.71045696
80.49224518,138.880903,144.7510318,150.7768619,91.4677647,135.3825889,61.86009173,116.5371518,134.9662309,63.61094815,106.3669031,116.0971465
133.2479507,96.28510965,89.05227695,135.2404569,80.35247634,161.06915,112.1227315,91.58356687,121.084272,188.427496,118.4795799,67.52406988
157.4246559,74.68654545,161.8944596,84.04157301,134.9484893,71.11113966,158.2760006,154.8266541,105.0602806,157.4494934,56.41076156,93.48874986
83.35173842,107.4114701,191.5521871,92.97637598,146.540389,98.84287409,93.43146659,100.3445866,126.5943263,93.25354107,85.33419396,147.6801252
124.3456988,134.6130995,99.239235,75.94875135,101.5493603,64.921709,172.6412413,118.7775599,84.80618075,132.8258274,56.19154939,118.6302867
123.688494,71.72371533,175.87093,84.31237673,109.3849541,79.84967249,118.6720266,135.621696,63.47101093,155.4389385,84.78801391,118.6121465
91.5860959,92.39584254,128.3188771,92.90630411,92.140019,106.2329065,125.7906111,104.7847832,91.19286299,127.8844333,59.71517714,143.3014287
207.8941685,103.0787926,102.8383168,86.41801595,105.9960737,121.4885892,200.6313798,87.49642615,101.5624205,163.2690029,81.98025646,74.52973678
153.1286617,82.39549267,91.12909338,77.70819568,87.14651324,84.80521691,189.4815268,112.1423893,80.92823499,184.4992189,96.66056613,110.4882055
127.291475,129.1916562,117.8472809,107.3376846,77.24831616,87.28388329,92.73295846,72.14960952,121.3850485,120.7121929,90.75937085,114.803726
114.5007849,154.3571168,67.47062862,197.7965372,45.82895577,188.4353079,97.44547746,52.8787719,166.5793714,95.63782399,156.8394321,142.1491337
188.1855039,172.4036213,145.6794484,65.98848033,89.87474394,45.309888,133.2349229,132.7335082,163.1312186,156.1565639,41.33326292,178.3493116
118.7785678,160.0587554,133.1139054,73.3522189,141.5511955,39.1603225,143.3446516,147.2306394,149.7686612,151.0701346,22.75737096,200.2733339
217.8096192,122.6201354,60.10034191,91.73166633,70.45980962,84.0446213,140.9509439,68.76959881,132.2548965,188.0215902,81.87171043,104.9389741
108.9596643,65.57570233,138.2500908,145.7405863,98.6371363,156.5297507,94.58327138,118.8118375,86.22926526,122.8235665,171.8905008,67.12731119
106.9236342,72.92598842,186.2997289,147.4236842,135.8705132,129.8821048,71.84321469,123.7612896,96.92122293,86.68462155,119.827725,126.0606119
78.08872172,131.3169364,192.2158998,119.3130147,87.86153841,104.4446574,68.38388607,102.7491545,98.84368859,63.95877264,137.198771,148.2744173
177.9152872,155.683041,108.7111273,109.557325,54.55522427,100.4486784,139.1935986,81.25308062,183.0424361,145.2288712,86.03132498,153.8775373
179.5928363,139.7641353,137.7638082,62.96817139,88.91966317,52.30023299,156.4570718,85.94831581,134.124252,182.5405153,50.03599684,128.0166606
133.2111396,149.0072598,93.62179902,111.3403625,72.35689061,85.77120282,93.28672783,73.13104323,147.6056146,117.5175711,62.80257491,127.653167
185.2283474,74.73278961,145.7605819,73.8420552,109.7491437,65.06521492,169.4949308,154.6665622,73.75655043,136.1740379,71.38293972,95.32194144
81.79272756,102.9859204,145.1348483,150.9117009,94.77041379,131.0778044,76.61448326,88.29103204,126.4448888,90.6302879,99.40568052,120.379833
130.9125424,108.1394139,103.4401115,201.5162167,45.44139241,178.8646602,100.6005494,57.4211408,102.5158436,98.01687878,108.6674657,121.4325011
118.6593293,119.3716025,127.9344743,136.4347955,61.05984853,166.9368736,89.28155078,66.93623413,129.7251437,102.7295103,134.3128255,106.9055441
131.1014383,104.904765,109.8229486,91.6211803,93.74637321,78.98793599,152.3058084,97.63207689,82.31924775,151.5285397,73.91297239,106.5208771
155.8492025,87.94374407,122.9748187,157.0355419,95.08212441,134.773572,150.9584169,115.1194571,95.50780289,164.4624112,120.158744,77.28268442
170.4164282,50.10566438,135.1843784,136.2238619,90.37395483,109.1525297,127.5149445,94.59312511,54.46713552,163.8028735,99.03981558,45.92678542
196.5972503,67.54551152,120.4835004,128.6504727,73.69922815,101.5936029,115.8345133,94.31553118,96.69863951,132.6483621,117.6866718,70.6669509
148.8178173,92.36995596,136.3300047,97.33393831,88.78480429,104.8065548,96.26646145,89.48154918,84.32576653,145.0646063,110.4392301,78.6219121
138.0087944,87.4328958,106.7116269,100.8779742,109.3787672,70.25617624,115.7179571,95.51073081,91.94213092,114.9520473,53.87706966,112.1657236
108.8524012,97.48376656,164.4797168,134.0374746,120.0049293,123.3846379,74.39862599,129.2478814,126.3233352,96.27156166,125.6903444,88.1906998
102.1176754,119.3689179,176.0676598,102.1120521,93.67675791,102.2402395,105.2023248,156.7242186,100.3170302,94.15439176,81.9781657,126.5568049
164.8157967,106.1361014,128.1110119,106.1286035,132.4249859,55.66057191,151.8727743,154.3606139,126.3873511,137.3467519,42.45160132,141.6361517
93.97461747,103.1094393,134.7859618,166.5387463,90.73873144,127.6366616,90.18526489,134.1599258,105.2478543,72.90071222,128.244349,108.6144764
103.8147056,129.2492173,79.80407953,183.1043765,50.8804067,117.7901601,93.2001586,70.80307398,125.9577665,156.2101632,162.2302014,104.1490004
79.88711075,140.4076672,149.834977,107.1501097,114.4180353,74.16812589,108.291726,108.0089833,125.7376482,112.3400382,78.52058406,169.1084952
141.3940654,117.7662997,99.11607366,91.33251526,75.22312112,84.06192506,100.1346661,66.61557505,115.0362914,108.506426,62.63431653,125.3079146
137.3045979,147.0399626,106.3868159,86.87298577,86.762921,95.07473823,101.5871111,99.28890432,140.2362694,141.6575949,82.30032577,166.7299416
128.1230669,107.7538107,94.2769576,122.6291677,80.93817737,155.9236346,162.1702425,89.71267566,84.74761317,153.9300202,126.5737514,61.1295729
129.9665356,139.6239854,81.26781102,114.1726387,56.36422461,114.0798755,115.1381694,91.50948858,110.8912184,127.3170535,103.401221,128.5869105
96.30785359,158.542961,150.6801115,116.7743738,94.78234623,74.012378,109.3485869,105.4333704,148.3900428,109.898065,69.20721813,129.7246148
157.0041739,139.8154356,58.03220317,85.96500431,55.98239309,110.4780227,143.0141521,53.56900298,151.7228964,153.3247914,79.5731542,127.27463
127.1706462,112.2427805,85.90038196,127.1928274,33.35636059,98.88190369,106.8729947,53.47174917,118.1493485,140.671126,106.900706,119.3944571
170.9346268,61.66963177,102.4993253,177.7413797,102.3574543,183.586917,141.4969229,129.7266583,85.01723446,159.8941236,151.4921892,65.05281518
132.5521797,89.13211983,111.1775522,134.047627,87.95831204,92.2689843,120.4366422,78.2325444,73.35003539,120.4326746,86.18659286,82.79546849
187.1864156,136.610381,163.5482751,73.05885264,142.513961,41.29101234,121.7167422,119.1709373,90.42172562,156.3977092,29.47552826,167.4277514
133.1224734,110.3733785,142.1501363,94.42445702,108.1467278,75.41335117,118.4280087,125.8466478,142.5910687,158.258329,41.87305063,162.5065484
122.422245,111.5790149,105.1712518,156.9134219,43.32327297,132.6745987,79.61145118,63.37718641,130.7261448,90.5887755,115.0013877,118.0544065
162.2332838,134.0466337,58.59611007,156.0906849,23.40249105,144.302251,109.6577065,42.14223315,146.4574889,130.9316261,119.9637688,111.7201977
106.1012817,89.06740233,105.4990101,160.2927013,108.2857656,147.3184605,133.6082732,119.9258872,63.7647519,131.305866,108.6490555,54.84547397
209.4856827,127.390027,90.23841454,84.88012444,51.8025286,80.90579422,175.9299845,59.57408717,128.0756281,197.9481761,90.40354716,165.9979553
171.0057267,113.0363186,129.4065349,103.2165524,76.12967373,62.86186708,164.034723,94.77462501,75.06037379,128.4656759,79.28373681,80.06518683
171.125771,119.5482693,115.82839,82.19608777,92.67979475,45.85098532,110.2200303,118.5523213,138.239308,134.2589003,53.20795402,126.6989325
111.4234729,94.58833312,170.7041315,102.9034679,99.06825546,89.7377314,111.0803653,148.8825322,60.40823504,102.1499196,75.66517655,88.30480105
143.4099388,136.3549422,82.75982206,78.96080189,64.36143083,78.35211669,155.5604072,68.0308748,139.3367162,129.3827759,55.99138889,138.6088228
143.2860195,89.8095894,85.07672301,155.800058,77.30361128,150.624536,139.2022071,80.17141465,84.78913371,162.154332,138.360325,63.45856078
72.71686175,144.0601583,98.87990407,174.493893,85.93493078,109.0327563,52.26287212,86.11470852,126.1794457,66.87470215,96.26127462,110.4402207
157.3112288,57.57854532,111.965028,126.5871194,85.97386016,96.83058516,119.3085041,127.2360559,55.14076733,142.7298317,79.54415107,66.10695841
185.0971111,141.9192316,61.28271214,120.0134336,37.76739356,126.0246549,146.878152,60.47450177,128.3379285,154.9706974,84.75225494,90.82801687
144.7672407,80.67052531,121.1422006,142.4196705,84.49332309,163.0326673,132.3422288,92.48786406,77.01761209,114.5269823,149.0479876,106.6844789
124.3786777,176.2175692,92.87646048,99.28177949,103.3708477,89.12811207,162.9900044,77.55455866,141.658055,143.6257956,49.12360092,172.3578455
108.4907982,82.6184229,132.7417062,106.7390103,72.21637948,110.1731832,112.785566,74.59339854,84.78289042,100.7043506,134.5522704,92.98800884
89.18203066,158.8939913,122.8199634,106.9315301,88.79668487,87.19757273,81.60877713,129.3683289,161.7714296,71.74978245,101.3065926,150.5661704
148.8142227,53.20978573,148.3943494,92.38467118,150.9323937,76.91343043,132.8920535,113.8396956,80.10728205,127.8580202,105.577696,67.06617255
91.1286447,170.5625011,119.4374228,93.38250946,125.497304,77.8742436,130.396038,141.4174144,153.4261575,115.3636205,53.35972385,174.5245086
150.0830874,153.9732931,48.74401242,118.2235106,40.6817453,149.7697326,132.1240916,50.59280621,168.5087761,141.9311406,84.48900008,156.5917931
98.84354631,114.3867826,97.77621243,146.3573505,75.91342642,125.1158338,97.99861613,113.0426878,96.42919922,102.972154,100.2641928,91.23558406
120.2636641,108.8567095,159.265922,73.41500861,123.2878318,49.82893326,120.4951076,103.057252,102.0540195,103.2079803,35.34277246,157.6175674
89.04712877,184.2946759,70.48550185,186.5373776,55.55719263,172.7814229,72.04766899,67.38019544,119.972778,99.55078162,135.5739064,111.4431471
119.9393055,120.5085896,132.253203,87.07700394,109.5817923,102.3046622,101.3460118,147.1721152,86.36411624,124.509058,71.02672373,110.6556303
79.33406694,175.2360807,110.9957944,138.9146762,131.110929,81.19272195,75.47408219,134.3891299,119.3353767,70.4000886,99.96242426,117.9164416
122.3251121,77.42633426,139.0692713,131.9601106,88.28776,100.3908489,139.4657238,92.35018819,98.41570576,91.73187187,125.4166893,92.46904415
132.2770246,122.1706344,99.32102256,86.3681067,95.06978334,81.29317834,132.4810903,113.2016334,91.67342804,127.1011355,65.42869424,136.9507258
72.65251583,126.5958534,116.008658,118.0877843,94.85435511,154.184599,63.52334066,83.46780847,124.0189462,84.63066357,139.3274555,143.238769
97.05032976,100.3393206,91.3657397,128.0495065,60.92452382,99.2411031,101.7375688,73.04787553,106.7769034,137.9185156,88.01885241,132.4103217
104.3467254,77.15541649,126.9990531,83.28030169,107.6559052,94.21360311,117.4417554,131.8790762,83.93312219,113.4959296,53.35664003,96.07532905
190.5815957,107.0952018,103.4819947,94.31163509,61.46226669,137.5105336,146.1423508,90.61940826,120.0883163,168.8140544,121.480206,117.9904492
195.1075189,101.6000545,62.10154701,102.5581582,49.34191349,99.51090689,154.4637046,60.06762325,127.7636783,133.1235075,121.2612123,107.7125496
174.2601746,124.2816836,91.41975045,108.2489654,98.96165848,128.6100938,208.0091069,99.14800971,104.0095049,219.5392225,121.077416,75.57256471
117.8230937,58.97755456,109.0412113,153.1537901,109.560793,119.675139,108.6194193,113.3521363,67.76437423,146.4453949,98.21022566,93.0398277
142.5680939,98.04175496,110.8351992,106.1717466,85.26648711,90.39846831,117.4413935,110.963911,81.75543672,125.7014003,95.35695433,69.85928125
141.9479236,97.85047527,107.1963064,149.9897902,67.53745869,136.0258104,128.1993949,79.28185912,67.29920118,108.5650404,106.7961303,70.89373995
122.7738134,82.97597604,148.9171478,72.88607384,118.9128677,81.03768859,138.1510379,119.8599739,70.592094,167.512823,54.10615342,119.6814574
171.4989654,110.7843767,93.84762918,120.7163785,73.8766796,110.4380009,131.5334883,71.40606425,85.84368487,150.8410222,116.8410597,86.77010282
181.7102718,63.4206412,131.5250093,103.8470116,110.2359333,79.95197476,167.244324,118.4368478,65.34393009,138.9590794,59.76313593,98.15384858
125.393969,141.0405374,93.42850459,72.68290938,75.2585297,77.43252921,105.239756,100.6790568,151.0010756,114.6489196,75.67404378,113.9024657
139.1967324,174.0557267,81.50479774,98.5875714,75.02943586,82.41718344,188.3133415,59.52304397,145.0205703,160.6206452,82.71229801,104.9715525
114.0650123,90.79546739,80.13512276,92.13945217,61.3514009,79.58399936,136.6785927,64.05631403,105.6009108,163.7152731,77.35228986,115.303603
141.1282643,156.3955815,73.26742658,158.8022443,67.18721121,102.9139523,91.78001916,84.21094445,131.9147022,139.7654669,120.8413995,125.6842025
141.6723149,169.0746866,97.42630502,96.07549782,60.59025404,109.0622267,107.3074228,77.25091093,173.6193716,149.8391428,68.65678546,119.6443225
97.68840797,78.96240355,104.2454869,116.4094845,99.70296542,112.8451982,133.4507575,90.1045714,88.10490853,125.350292,86.87178794,83.74466466
203.1037594,123.1858883,86.13168457,93.90261055,80.97497085,91.0526739,168.0493799,87.55740191,102.2282338,185.3147143,80.02567195,104.5713262
147.877187,86.36886208,98.50857418,143.1936103,81.23856709,136.8873874,136.8938378,80.26894206,101.081908,160.5363339,81.72835233,78.85386731
166.8275329,186.7813068,51.02972271,146.7400648,40.00078976,92.74096401,116.7746248,47.97223202,196.4313468,124.8626322,107.2891375,129.1826282
99.39777773,102.7925832,131.9780241,152.7477713,87.23366363,81.32328774,68.74716184,133.530079,143.5221454,107.3485311,84.022502,163.546105
77.51750711,134.6027487,202.9002402,162.4781125,113.5394241,81.67764351,76.10060414,130.934996,99.00447625,92.83111462,70.18289899,97.93493721
117.1364448,140.5866418,72.25022213,136.7786418,52.21533015,119.6602793,98.24446307,56.41289641,123.8247221,133.5415341,76.78158608,120.7731909
194.7612243,100.8998377,123.5802874,92.44899648,106.2202207,103.5954576,119.5130913,91.36449165,69.31035024,167.5678751,68.08149643,84.81995978
111.1189617,60.17607147,103.8807655,148.7515857,99.21005781,144.7467747,86.12060412,141.5995232,86.33363663,72.0973019,112.1769112,100.5911617
134.9256944,85.86335916,113.3961303,113.0676302,95.72545374,112.5649514,86.27592944,101.4133993,88.82786544,104.1411862,76.92996289,119.1714535
133.2786167,146.2731166,88.21882107,128.7988206,57.89783438,95.39581658,106.1906193,71.94207893,115.8043852,105.4561168,107.6037241,121.6702828
72.87751285,118.7733572,149.0512252,154.6615653,80.1290555,162.4017262,64.56947029,112.2421262,161.9919006,85.2390216,124.6985538,113.777703
145.1532659,130.5399613,67.21786763,96.80428308,47.75202503,92.39493552,157.9075126,76.92442027,100.3034275,186.9678677,107.973701,100.7776871
67.34289408,129.0095306,133.7839815,150.7794821,113.1578211,142.0737613,58.69813563,142.2808998,164.1715038,74.34723447,125.3175767,150.865671
104.0691925,112.0386473,182.3007218,153.5125742,113.9411654,91.74846506,79.10942077,123.7537191,92.79527606,83.09357503,81.0107468,115.4078148
153.4026055,88.27175443,161.8748142,102.2872649,89.37864303,72.58233464,107.2009515,91.6264083,78.02551894,122.5132693,63.69729789,112.6588121
120.6502405,69.84001284,154.9645076,185.1522121,86.63349264,128.2517076,66.25425566,133.6700138,95.71262273,70.59803938,140.1263224,84.60855284
107.8991114,56.41795846,160.9299535,173.4497648,123.5188553,111.6097722,79.34650323,114.0013142,61.18636485,98.27463482,110.3770233,95.31716613
87.79785745,84.01724663,125.5494611,105.8768825,136.9461001,112.6754208,63.24623565,100.8478081,83.66550069,64.28444498,106.0160217,107.1764925
92.97690411,124.2901757,143.1902867,132.4748077,99.68812149,130.5157701,60.71984583,113.9426461,148.5793123,59.61784694,88.89456007,139.2942357
208.6293467,127.5420579,96.83491675,92.36867099,75.10772678,83.94181418,158.8116746,80.41732312,141.3285269,163.9024168,63.76404882,145.5239374
110.647018,96.72348408,81.42186347,135.0670932,50.81268262,136.4489128,136.2969573,57.85538454,112.858707,157.1795332,112.7888438,114.4557386
149.275447,153.8668625,83.91154181,127.4893324,48.15362459,136.4572277,163.8315343,46.47108164,143.6521075,143.8619489,99.9667576,94.31688917
142.0939709,139.2172621,90.39094743,86.0687046,57.3609736,123.0016875,161.4224833,72.18785024,169.3458345,151.3216954,84.61712472,176.4723163
166.2394188,79.74038725,91.23091444,106.90072,106.0926062,101.2451651,131.0474971,78.45148623,100.555478,188.1208218,71.82749448,73.12101933
164.8994418,115.8737731,107.4624374,98.23330146,78.53696334,149.8049541,181.9074461,83.16303884,123.8303753,183.8306059,94.15452611,110.1675538
150.7447832,82.14856779,127.7230321,147.6587454,86.98534598,191.0850969,136.5034423,67.70535466,89.72609673,127.890625,145.4039291,84.00032359
81.02378771,134.2116559,179.4720349,96.99189619,149.035502,119.5919386,65.31680634,137.3300055,136.2851564,66.6399381,67.92906568,193.6091192
125.0862929,151.2629104,100.0821258,73.50398853,109.520862,59.94030332,130.5427061,77.26929719,142.1483248,113.3945846,38.07158019,147.0550265
178.9745046,95.22850142,95.9532602,93.00784061,68.95904213,98.76520281,160.5778141,85.19475956,103.0219996,137.075525,67.51753566,96.31803756
83.27478051,67.56889412,126.8302175,166.8857354,105.794709,158.8971214,76.68787812,139.2016253,90.47767965,112.9469884,106.1796388,87.14436958
167.1413586,126.5734609,88.80569121,109.785913,54.51051569,128.6010928,141.5234642,51.33681822,138.952861,104.9931098,75.68551649,89.96299094
138.2230925,146.9089961,76.81024429,145.397103,45.79720444,94.98050304,129.6916898,48.82464976,130.9862874,119.0432472,90.31468577,170.6768268
117.6732934,117.1318542,58.35420613,155.892474,30.73877064,107.9299314,121.9401446,51.7702125,112.3146222,133.8777738,91.25591978,95.9724326
133.9523699,73.49328507,127.7075371,128.821412,117.099765,117.8989543,102.8407262,126.8852045,55.78664593,133.8260154,94.68090232,95.88971143
120.1766598,67.35351046,134.1015787,178.3410465,131.2095299,129.0221287,75.39286559,125.116369,78.46659539,106.3541433,96.53006235,74.16907408
156.201076,169.9235784,59.6396174,89.42028133,36.72378604,109.9284437,172.7596071,37.84846746,124.8136818,176.7442644,87.94971911,118.7804952
173.8030255,117.2506321,114.6513971,72.23258501,125.3671351,63.22250855,116.4241764,100.1941804,119.1528058,120.8590991,53.13281819,105.8379671
193.1248176,118.0119409,81.04714026,140.2056924,45.60011392,111.9560061,120.4028749,55.3978317,117.8842439,158.3051595,128.9003781,91.03842127
132.3206067,71.68428765,118.2653834,140.9476595,95.54682827,154.6450107,119.707196,86.15003869,74.80882424,94.43282435,104.6529071,78.89401507
143.9966529,158.0510143,84.2443563,98.49876918,69.29871684,104.5503852,192.2314693,59.86117639,148.6796129,162.3958625,90.809539,108.9244149
163.4312701,71.26972762,148.2177018,120.3842449,81.91368901,114.2624427,100.1491319,125.7265049,86.81079979,104.957509,69.60358308,86.26825344
159.9034466,155.6811709,135.8917901,76.23305914,71.034842,86.60841013,90.26829355,98.36850674,96.93917198,151.8022032,49.22620015,160.9429325
67.32223764,86.02836063,159.671475,168.2562721,157.1278714,163.1746807,75.08771292,130.3558727,105.7351574,61.57472644,110.3766553,81.1780856
161.0780009,155.4733243,167.680278,64.65459399,109.7387281,33.00814163,137.1227082,119.2013618,115.4625324,172.3310678,20.54918966,109.9001632
88.6621449,135.7059988,143.9329112,153.9497696,98.0931775,85.94555904,84.35943632,113.0125344,147.59658,107.4451038,96.9569772,168.2146744
145.1706641,77.16637348,113.0771283,123.3680601,81.50794868,138.6138722,130.2425873,109.5764687,87.5403288,106.4229117,114.3119089,93.8582996
145.5602802,128.3827543,153.6083359,66.03228603,82.17890891,59.11569706,104.6976284,92.06807159,175.2316118,102.9692176,54.50560042,191.9959174
68.82997575,84.9947072,204.0069682,164.0250838,156.2821637,131.0953002,91.40305771,152.165562,108.7436319,63.19672369,117.6776548,87.48127339
73.87751965,90.11149729,146.656141,170.309559,99.82213951,85.79508942,60.30959437,122.3675021,126.0681276,62.39612808,114.8193769,98.68306383
96.56245878,77.00414159,150.0517937,167.5261785,89.4061571,164.5672877,99.61366814,115.8829273,73.08310579,99.869254,124.9546021,64.60067252
88.64558412,83.38791363,111.080806,158.9165861,97.44967466,148.9635384,79.81987173,140.9476554,108.7231487,111.9641283,110.9617295,76.83126182
109.9879111,99.47022198,80.11239657,168.0972352,54.52003299,114.8204208,69.34207066,103.110817,109.8450101,100.3570266,103.5522739,112.5488843
120.5577324,104.404248,142.5157057,148.0519944,71.25722212,134.1565006,139.4546233,90.08777445,84.0582669,100.3089903,113.6230073,77.46431915
191.6121662,168.8257753,64.66662407,102.9121506,62.83259898,79.8916395,132.4404536,71.02345657,176.3872046,162.3031973,105.2684239,161.8389253
136.9851288,119.2579584,110.4189134,161.7874183,54.14408358,103.7675463,97.31720723,96.23760326,157.2709044,79.96908882,107.8307602,152.7721369
105.0853524,72.06583932,103.1285146,145.8762489,80.05516141,120.8328276,75.12072866,92.88492166,75.47408332,73.7638695,105.4710837,101.4741656
74.75212414,101.6138252,199.1598621,139.110997,118.0241648,103.5741878,106.7231753,135.9400269,97.39451314,102.0435061,103.6805568,105.0119721
104.7798457,57.47433302,143.4353737,174.3647615,122.3162642,114.8386323,108.0804422,134.0602752,71.27470057,107.3243578,139.9782625,79.06572763
143.5944737,78.34001821,126.313016,152.2934917,128.3864364,106.7359381,150.7989294,124.9183867,74.0907586,140.0694091,72.67957743,64.81935585
132.4815697,72.9433845,109.3077714,153.5640076,110.6883724,125.0230365,98.38225801,102.9614918,78.35964722,86.3261559,72.22475756,69.7184899
186.4785474,185.6072031,101.9125972,81.56869396,85.04270101,63.27724795,126.9987959,77.4819921,185.1411121,145.6158726,73.87268387,128.0830361
165.0342102,121.2416121,88.03587512,117.2046787,54.28901543,148.9324152,127.8165456,43.47562401,141.0506924,170.9319874,130.5401144,79.69072037
