m1,m2,m3,m4,m5,m6,m7,m8,m9,m10,m11,m12,m13,m14,m15,m16,m17,m18,m19,m20,reachable
12.16168985,32.22893127,24.51199456,11.70254051,58.5251305,10.6569766,63.39309848,96.86141201,62.66206174,44.0074611,19.24381876,23.87201714,31.31781896,76.04017908,53.94473051,36.22744198,40.92066841,53.10631338,35.9754631,59.61819749,1
33.4244653,44.87171133,39.66620294,48.84852449,75.07492379,38.81787981,58.56627106,132.2284296,106.176104,93.52253365,30.160684,31.38781418,2.485318342,89.6124454,79.49409143,59.76802997,81.723824,99.20236502,27.68760106,59.65320929,0
39.37595547,41.09822085,55.15196457,34.75971115,58.63231531,35.61791599,94.55443843,41.15997755,27.33588719,47.32215213,47.67158106,53.29019573,91.92243835,25.69075764,43.91158146,26.16645508,16.34204976,29.60412341,77.76869764,88.70844094,1
43.99456721,33.7196483,42.34319987,37.96263726,52.78955241,38.01387926,46.75430687,92.00469736,81.87647728,64.79639743,17.96870318,17.29988438,28.79455329,100.7255152,54.58475254,65.84344882,58.71022979,96.37789597,13.57664258,39.73480429,0
60.22037874,28.62938451,76.90271677,73.01317932,4.393421539,72.17050514,43.31142666,38.40068702,82.39399579,19.0142669,66.84750009,55.0374236,74.94641397,39.54230544,20.04736106,32.17552702,33.17811117,67.4387279,42.69476447,45.09204869,1
31.18795385,43.6293854,32.34765827,20.84464966,39.76033326,31.35370709,84.01231461,72.09184624,25.13670859,43.2109332,55.35949583,57.62920469,75.39881718,44.74795871,31.14316306,25.03825464,6.175181996,33.30366202,68.20120965,70.08883709,1
77.83673882,34.49312728,78.27362001,70.72383064,22.2989443,87.3233656,65.76147849,21.82801297,96.46366951,34.14851892,82.4236591,85.88912848,88.08759344,44.68913312,27.21166161,46.53087668,45.16232753,88.87980333,69.58793716,63.83707846,0
70.12864987,34.09425803,110.9102633,61.38427691,24.92148767,65.81922053,28.17155992,54.69398485,80.32963062,25.36386526,49.46915014,58.5803347,65.05627831,67.15237399,36.91316742,41.98729072,78.0009675,118.5478366,36.81253978,20.21458968,0
76.27434117,61.79595058,90.59014102,69.21297307,64.90621842,71.97381719,17.58494545,76.75593432,129.6341915,40.43372715,47.9714805,52.64437254,85.56059648,106.4815614,54.33956061,63.66614024,97.28009272,150.9631604,47.59058086,28.49738681,0
57.15972397,18.39130937,58.28670292,42.22743943,33.15331513,50.21114505,31.89976343,68.98209282,79.30173112,22.7339483,17.53210165,15.79237801,55.12149573,68.5318507,35.62986334,33.62803532,60.36198881,65.99749059,16.48151831,20.48592891,1
62.24825256,52.7979723,79.16915042,63.59114018,58.16855375,57.09284922,116.5593995,29.47504523,35.27490662,52.78575343,69.62983631,74.85281037,99.10929833,8.552355836,32.29797571,43.74768694,30.49368097,36.5729615,92.36900134,101.604536,1
127.0173907,81.91461289,117.6995429,103.9866803,42.89492454,108.4666872,101.6132562,15.25704876,70.20281043,62.27771542,75.46098408,77.96406823,140.4535171,34.91273758,65.72273031,46.09858265,76.26506616,77.33229393,88.63072584,80.02310711,0
53.2226954,52.74638035,50.29833838,39.63324351,71.69935834,51.26346849,44.17476442,103.0944696,96.06875963,57.12193226,16.88291132,17.63999278,26.42502571,111.9657574,48.22802019,58.83159313,55.51534866,93.69481964,13.67678994,41.19309084,0
38.22615445,18.73702977,32.70428643,31.84703359,27.91243913,28.74346868,64.49636074,58.45378041,53.1687101,29.5564689,29.06984813,40.0918027,65.94723436,35.24230177,15.03628959,11.15895442,22.71143209,51.33190422,39.34322839,42.11928104,1
51.28145363,37.4842694,36.49665953,33.22658152,52.99318649,38.39820353,78.82135277,65.47395456,24.70055997,64.35941006,55.15435976,64.37896406,70.23096033,27.04924965,40.43297073,27.4057416,7.394210164,41.55071385,79.19731882,62.75316282,1
11.98054218,72.967643,8.179418911,16.9657952,67.54706531,19.14359848,88.34102543,78.92214609,49.2425593,72.14056727,48.89534257,65.31393817,54.6801508,76.59874819,66.38188147,57.04292337,42.20358526,42.58089939,59.13992694,88.14609488,1
70.42861261,31.17919351,49.43200381,50.57501765,32.49583327,63.38302633,84.39278429,35.86512436,53.86751349,38.36694063,53.73154969,70.60208785,67.84773385,20.51726741,23.84522847,19.22871262,25.23748232,63.67451647,65.65564734,46.26109989,1
61.41122438,71.02990734,65.64139151,70.67536479,37.85602052,75.7791765,71.32655618,21.32917601,59.68214144,61.72085067,65.07863811,92.92007446,84.28249479,13.37649167,41.76362025,41.15409677,34.51905967,80.14721008,72.88978211,103.1374877,0
28.39635395,48.12188045,44.72528202,35.25229185,69.83879876,40.28321907,40.5836437,98.705925,86.2933666,66.18321896,12.53234073,15.35622449,15.74295622,94.33337712,60.0578496,58.51995527,67.82109976,83.9779854,25.67269827,55.18784967,0
39.85250055,15.70547799,42.21118997,32.19165489,30.22347714,41.22224543,64.67126229,43.9697362,54.60750205,31.31693618,33.17042605,32.95175735,86.92996746,29.72702881,10.3496244,2.724792586,22.99311076,67.73150746,60.20681663,44.86000837,1
57.66528145,18.51164413,68.94767182,44.91003881,31.64408148,48.36599857,28.4357411,88.77830218,100.9103359,27.46641829,17.40811461,12.58878919,41.3584458,89.20535432,37.79534279,42.34960067,43.71452971,86.80974822,7.151458021,28.73633579,1
8.902400022,49.6889908,6.399650061,22.98999072,77.4652086,16.19236519,88.44338116,95.11914311,60.59033183,60.12542037,52.3308875,50.76484658,39.43799929,93.60866577,71.77748689,65.69466264,51.92471301,42.28665036,60.67816776,81.48776473,0
53.39988137,61.99409614,59.92807592,48.18534988,51.23869648,67.66137167,120.6956161,57.31410702,23.71955847,72.69576195,62.78222187,93.28849523,117.8810401,26.82099306,38.91893616,46.26147658,31.09476424,36.7077657,92.24210243,86.81521213,0
78.76901647,25.23165266,90.41153562,72.89761858,33.73044844,80.39391665,7.566391006,59.82309205,119.8408051,27.89670496,41.95314738,30.75076161,59.80203032,93.64194808,33.14749383,44.48528329,83.39384215,119.9505072,36.41831843,1.797946199,0
63.25191549,41.02233886,66.83843557,45.54586402,36.08558797,51.37473799,81.75534748,27.83147938,45.22279907,45.57818228,70.04119525,73.38217392,98.7466093,16.41251207,18.19038489,22.5901244,20.83269726,44.98381646,66.98540586,70.75284314,1
13.79622605,62.62892411,4.341778097,17.56662947,70.53180649,19.14712932,72.07004787,94.06899694,46.02203137,96.75961958,38.45231007,46.1932774,55.53497929,66.05099682,53.40453944,38.38624822,35.77938055,49.97298203,62.35194773,90.89504376,0
23.37751929,52.60256833,36.16387209,37.70684847,60.54914009,27.8424078,81.94392675,84.63259745,82.30890428,59.13547807,21.24640649,33.28254533,13.10902934,112.0744998,75.23415765,50.11423705,64.96444125,71.14368571,45.10774657,76.50434638,0
71.19795362,30.56370429,62.53854433,59.46555723,17.33504479,70.61281118,37.48161246,42.96148359,102.0955118,8.828292169,56.85822755,46.84094557,75.06489718,58.72794591,34.40773554,30.97423207,46.83771591,113.916813,48.6213518,20.0230325,1
60.73749178,23.61777586,61.94135345,51.68024588,9.185464926,64.73967872,49.54388672,34.15980855,70.83264321,16.42905592,76.90697063,47.90180161,98.55892147,53.11763395,23.83343022,32.30381221,49.93931822,86.317313,53.60733399,45.75228699,1
87.43532235,34.20942405,92.41305801,52.5397467,8.112569041,57.29479329,61.67514482,31.37018536,88.00317892,20.11018146,54.13171085,65.23751918,81.01102065,35.97086287,20.9793855,24.72374027,43.40653764,82.38344633,67.59514487,48.14356646,1
41.18226028,43.31055566,66.96564486,55.61478505,54.33844298,48.35647431,35.83666871,88.95127192,74.48917218,55.41871933,17.02649104,10.4219572,32.0149462,77.79611193,45.41529954,55.64824936,73.38961584,105.416862,3.49359826,29.04365742,1
86.05257819,34.96188646,100.8756152,90.89452088,35.07455052,95.53818384,23.19879404,72.76890415,108.8747808,20.11791618,54.46453699,43.55567401,84.36868385,65.75389068,55.67363577,50.59128215,80.47728489,87.91847264,43.03886416,18.47927624,0
39.46371729,34.70702587,58.58846398,49.84916122,43.73588125,44.52689228,72.95792085,45.8247577,30.03548199,38.73323279,62.78133386,63.02181503,65.39436409,13.943986,34.61683493,20.65953329,13.38730694,41.4909551,72.69064981,80.64247509,1
110.4763344,63.23273215,102.1596922,77.73921429,51.20205376,101.8965863,74.73562554,5.958735881,62.32427234,61.73988676,101.3108057,74.62495314,111.5478088,21.9257839,52.54126737,52.50037579,49.16735889,86.94294043,80.56434362,97.39166573,0
73.42235714,39.34272972,91.30676652,81.05843865,37.42089641,71.55307112,12.39987142,63.26978272,131.9918035,24.23294144,55.39609738,43.20057983,86.63733566,84.08592603,57.26627612,65.62130464,60.43549777,142.7190915,51.15101589,16.65495379,0
19.3625719,27.96725319,34.11429129,15.36785978,38.28456409,19.47552609,60.86708767,57.84122485,39.23881735,49.27668741,30.90885418,33.52125819,44.10018622,42.1964211,36.95474996,17.9373837,19.83021707,42.32618171,32.24030929,60.88956344,1
36.87493122,74.94064974,43.44248344,45.25240463,101.1491637,39.27166337,77.69318867,91.40646485,74.89406864,73.73331562,34.63647423,47.93775309,15.49333734,80.44281515,71.13976017,68.6230272,83.23286623,76.12824366,40.03022817,81.61502959,0
48.85622311,28.78980067,61.07369272,40.09302952,26.99362386,40.37799648,88.40918653,28.17190551,36.27453401,51.35120082,69.8828965,73.17013461,76.77368335,13.83206617,28.6207658,23.43246376,24.14269856,48.442542,76.66571868,56.32117896,1
14.8859683,65.67917116,19.80109189,24.5266665,90.7396347,19.09537215,78.56075755,80.21123778,77.49009423,87.41750585,32.51200907,52.12768862,29.53678005,100.9415263,76.66525327,60.0341571,52.17767245,66.26268368,61.77845536,68.37107172,0
18.72689817,44.4531042,17.03006665,13.78399203,66.64918544,14.03985968,95.10601044,92.68261427,25.22324547,51.37101703,46.66053243,41.65582371,52.84656724,57.45225349,41.53107236,41.59798581,23.74228253,25.24388252,57.81642249,88.08918351,1
37.96337121,56.76742565,35.3617961,48.68537353,102.6463252,35.15216307,70.41948492,98.91802835,80.75420401,65.17258658,32.45497568,28.1781689,2.462076936,81.29810109,58.66972544,70.36448821,81.97403503,101.6041613,47.38265399,68.50218805,0
59.97119937,31.5128011,70.9282672,47.23155575,36.41646233,41.92101884,66.64871887,35.36245051,38.28229755,45.80946158,60.082827,64.28180816,65.81226986,19.33965118,15.17017662,22.94879851,27.95056681,59.59161013,67.39159192,49.95533173,1
83.64980864,70.8353121,100.1738382,104.357712,44.39618942,76.58702022,61.47915271,7.060551373,77.89936546,52.3969844,74.9268704,73.36444216,143.4088557,36.6883318,47.00829812,48.69113046,67.91480942,81.76281778,73.36929546,56.91954397,0
70.94308994,17.22092753,73.77308895,51.50231334,17.13591769,64.91718969,22.94546816,49.6214528,100.1152593,9.27128946,54.12921122,33.61546268,83.95026028,54.84744211,27.13844545,41.17214842,67.27771885,82.40633208,30.75151248,14.29010081,1
66.9103475,14.36741623,57.6730181,63.13611761,7.828923608,50.10595753,47.94943274,36.97444253,56.85957525,18.08649069,45.05256138,57.6820263,74.74131193,44.8669061,9.230818675,17.39231032,35.44737547,70.76017325,55.82059698,47.01830674,1
33.80202103,30.31567645,49.58284411,42.33495074,47.54082555,32.43636769,44.0288277,68.46266563,72.49476158,52.95578694,6.605521811,5.50218047,30.19512752,85.10154282,54.04655209,51.15755259,67.54572797,99.16152599,12.45554651,33.89551625,1
78.78250545,27.23553894,63.27522529,52.27797627,17.94054411,65.4628492,69.99493151,18.20504811,48.48150509,40.74088747,72.07399934,61.50256573,82.46813595,21.81048901,16.75208802,22.34102528,31.55355952,57.84403064,78.70491394,60.29005759,1
36.36985666,42.86032351,47.76430079,40.62130566,48.36930772,40.68986025,75.20453928,44.77303794,29.57813978,43.34579299,63.06912268,69.16098675,74.24850901,22.76361483,25.64308229,20.01520695,10.76243376,38.75672007,51.63358014,84.35560631,1
47.2983196,37.27852715,52.53858949,54.62930592,62.54291039,39.93947458,27.25713243,85.28696028,81.37359588,47.20180434,12.63543985,7.299810108,41.0533772,63.99610377,56.93598537,42.41735125,61.07823759,103.2270077,3.975151764,39.31245034,1
91.25702759,37.17501798,86.28456162,60.77615594,20.21456634,89.43883302,30.71441556,52.08089848,119.7048498,15.82339092,64.63081957,47.06013828,104.563629,78.40150611,34.6750282,45.56349413,57.40302447,79.89509129,34.98655181,22.83271738,0
99.98531001,27.93618715,70.46725051,74.53063969,14.96780991,64.11141649,40.46878085,40.93988503,111.648149,19.39203194,65.1655128,73.30631746,75.38554735,68.9032596,30.60248992,37.35097548,53.49132294,109.3534303,55.01727227,42.3466777,0
20.56360994,57.26201339,16.33926502,31.33911834,79.00551409,23.96650388,97.71869985,109.793227,62.5203201,82.02473824,43.57373531,43.58653501,27.15787616,73.88932026,74.83338421,60.4709978,48.18841379,72.71462483,49.23676703,70.11122072,0
64.24095503,19.12507385,71.57185459,66.07640873,16.34439279,47.79987618,63.90405315,31.553227,54.08773493,18.47438156,47.26227707,64.27090252,101.4448705,29.40091183,10.93263404,20.47815326,32.54973241,78.79957285,59.70988226,38.39952993,1
62.72388735,36.95491009,85.38108739,81.6030232,35.39221745,87.19420518,20.11466313,62.13616415,78.7484812,19.67442194,57.70384962,41.67582483,65.79828987,78.50215832,45.63747163,37.34975746,74.06206041,103.2113246,40.32512845,8.193122592,0
90.1770653,35.43202937,64.48374489,61.70078632,37.75310722,85.86430957,72.3294292,11.67136859,72.83634162,45.39216233,65.72054378,64.5503591,115.4826265,12.88629682,37.96506786,27.47106689,30.56790359,60.62858641,85.81690364,81.3975782,0
30.14615083,25.51705894,27.92779096,13.81708912,34.60461455,14.74370298,65.98761711,67.80816523,53.9795776,35.14705999,29.73616809,26.04960525,35.49450106,53.31821367,33.57975444,25.94569147,22.73063866,60.75981671,27.79686669,53.22691647,1
53.88104769,22.995677,78.63422049,46.68247717,9.082820329,63.42059659,63.56205778,32.99848276,58.9010674,15.24491648,41.44867538,57.50108477,66.6485339,36.42835653,9.023210145,19.26309472,26.88637652,65.72393628,46.46541649,45.29613094,1
20.13264042,29.51185014,21.43952537,12.77216381,47.09560617,13.32857373,62.94896753,74.42414374,55.20069098,60.02514861,23.87803215,30.04246678,51.67553373,50.57570266,28.00233948,25.99222968,16.28225919,42.22947587,48.54771893,68.26544965,1
18.87014246,28.21834074,26.73597102,16.49963604,49.2640542,18.05123562,66.78897292,77.16507838,55.16695623,51.33089274,13.30032594,19.46579081,25.1988116,73.0895437,45.5050669,30.7884444,40.39677652,56.44992989,36.84673426,46.54569917,1
68.00322632,29.27862283,92.48690179,66.20111124,23.56907162,65.04099614,21.26162124,56.6226529,99.64077218,16.87328233,46.36738418,46.57149271,59.54753089,72.28220249,37.85403517,36.13736292,72.84811569,80.61663899,29.29217457,7.356377069,0
102.8311251,25.92605058,73.74128093,79.16305493,19.45721382,86.39957871,29.19421867,54.48985095,90.24688636,11.93347389,49.22175185,54.54207392,97.03204812,79.67359329,37.91164453,46.63058947,70.00879597,97.9961121,51.38526487,24.63196891,0
5.270110739,50.88310397,4.267556362,10.8268731,72.37250384,9.532756504,76.15971682,84.56195386,45.87692168,76.84862452,33.64805521,34.72389388,47.5866427,58.41021484,42.24953084,33.51768232,43.21066166,48.90401024,48.32384555,65.04921689,1
22.79311913,55.73471219,14.10007024,21.40374052,86.21151052,20.62169142,113.9169229,106.0303437,33.17903537,97.77112708,54.87557166,68.86003646,66.14964817,51.31557421,48.26498972,49.09313052,34.04346775,34.45954132,81.63934533,75.91277466,0
64.44624367,36.78796439,96.60551587,90.85487936,41.7827893,71.58507326,5.613012306,85.23769371,104.2114193,29.33754003,51.32198996,41.14538145,68.39624136,97.14084586,45.25000784,72.30373279,91.25726045,96.64247381,30.34648314,16.77190266,0
33.48453018,19.05761333,43.6826318,25.13093675,43.94292052,28.13674129,29.60488788,55.5394256,69.93595593,34.16402291,18.25735559,16.16998553,34.69081108,48.17444687,33.50141738,25.03747934,29.64638633,59.29881063,24.36959451,37.72925592,1
32.34016219,26.38695576,51.63720727,43.33491474,50.26156937,36.61389613,26.86020296,91.67154287,101.0380386,55.88149344,9.773473251,3.577047812,38.34814656,59.54918156,48.44880808,51.55805016,48.09955953,76.30184795,10.24481044,31.71949738,1
10.8432548,48.79503837,22.95118745,25.90262054,87.61643278,19.44143385,58.00601487,87.74297503,71.50586985,87.30792022,25.81315295,32.27494201,26.4180602,92.81982801,52.3630443,65.37026764,56.71461195,64.68890549,53.1589725,84.62161414,0
80.89474965,46.32936469,97.56947646,98.96578208,33.92850501,94.88719532,8.87295606,73.02895522,121.0414159,27.06280596,65.57689387,43.95255953,88.24716312,79.6110234,52.47292935,68.95813668,63.76147608,138.4453403,47.552044,9.515025181,0
47.73531775,46.3546094,49.68230416,49.75633308,39.0857255,56.32737619,65.76505153,28.56548089,43.69742216,60.57751674,78.04011149,77.24551402,71.71318112,13.2899904,32.5301741,37.38400422,16.3929441,45.38461636,68.33655177,81.59897109,1
55.49318259,5.385923551,55.50049697,44.61984953,28.64983058,47.79681938,30.92238053,66.26394052,76.77010603,24.40518121,25.93428138,22.91213417,42.94304831,41.80712303,19.33088774,14.79637773,29.21758357,57.9530929,23.18304994,28.92159114,1
81.85047413,69.75492198,100.8703533,74.66391806,32.93609553,75.92383976,72.61036684,9.213307277,92.69614751,59.84708699,115.8967071,82.8297659,142.492036,41.16492729,47.42361804,61.05170916,57.22344227,111.1583536,73.08384581,73.15944485,0
41.51947162,3.6454872,58.73858559,48.71552358,23.69466906,35.95702005,34.13339217,46.65003385,54.16441686,19.36927497,27.87823717,36.35845415,70.08885727,44.15513076,14.519913,15.70008152,39.41215658,69.63047487,35.35176141,33.44016059,1
16.04481555,28.22079128,20.4265672,13.36581704,63.22953419,14.01141059,52.97682768,91.51851275,59.10678783,58.33614435,21.1427491,26.33198221,45.89015832,61.10417065,32.94569807,24.59858307,27.38690762,55.60400948,37.25132037,48.27969529,1
28.72859057,54.01207134,22.30430953,13.09872972,68.09966991,22.03641213,71.91725352,60.20054618,32.24907328,61.77073426,44.83069259,53.65938298,73.76203918,41.77943395,37.28483785,28.23502774,15.04108243,33.67591614,50.70836346,63.90483857,1
35.86679005,19.90414267,32.88747896,24.47796196,27.71807759,38.24341887,41.62132649,60.75519061,64.87518185,26.55849338,28.67073803,30.60780711,69.37990984,34.3255241,16.32228861,9.099487016,16.48439026,45.69707267,36.7211585,46.99181374,1
22.26402381,24.85459176,25.49648568,11.67845883,52.40176762,18.80599072,60.8886246,80.46037765,44.01531727,50.64930253,27.11377706,43.21341048,52.19770672,54.12931899,33.02712888,19.54978716,19.205011,43.18733771,49.65079231,46.13964937,1
76.02872797,34.21528665,85.12416512,76.98075452,11.84795605,63.41989635,43.35669799,33.11528,60.93238028,24.00343814,63.30560269,48.65998682,105.7914638,31.6876682,16.1288586,39.57976628,37.47682353,76.86594751,71.00001301,46.15185695,1
44.77006563,29.85091019,49.06369316,38.78102684,36.59035976,33.63642918,63.89357889,39.64452549,34.96637536,30.30913007,41.77520891,55.88501545,74.51583331,26.3757414,16.52373993,13.02867463,14.3926614,55.58360855,46.42328004,68.60946484,1
38.22820156,30.67507479,43.13548218,28.99388379,57.43922828,24.701319,37.49572195,94.95400454,74.9264079,35.7802539,6.71960612,5.912196793,27.90462816,82.72299757,30.57889596,28.7111387,35.8094803,83.07525972,12.75067642,37.15775696,1
34.17737777,37.48979335,28.53653229,35.51869805,58.7125983,22.17278791,61.71575413,89.76940902,68.00697558,48.15246166,6.578987151,15.30501725,26.20917575,75.83355806,48.4400587,38.4645386,41.81666484,85.36080573,18.92054582,50.91183175,0
47.91371687,41.137255,53.91467185,47.32359143,65.74365772,34.08522173,43.50263277,115.6012501,104.2229103,54.61882901,8.006960205,8.993357207,22.26299597,79.28987289,54.38169123,40.64775429,60.75480939,107.5491683,16.04246797,38.09142252,0
14.46504689,29.27901658,17.59696925,4.589183461,47.40575917,6.58115078,59.7282102,96.81085336,50.8831642,62.94144434,31.33195574,33.24537691,37.9291386,59.83353889,38.23852275,35.73255994,33.87687719,40.23098871,47.6059896,65.26626715,1
38.84313383,43.01010062,37.50191141,46.41461606,54.2286688,38.04571622,61.59201814,83.74949178,91.97350921,73.54967334,11.72794965,15.29452938,18.17681881,112.7772155,63.42653292,49.63181089,56.46932479,68.4818552,18.22022658,41.51479175,0
68.54491202,7.473676502,49.7418287,53.85029479,13.38997632,45.59212598,34.64677654,60.68149772,70.34989432,9.236785737,30.47210721,32.84111502,84.78802715,46.7148115,17.76489252,16.53398785,36.58991203,85.28516292,28.42887836,31.89561697,1
108.3470111,46.98774581,100.5286567,83.16635587,31.00507654,107.7321213,70.56298522,5.453786778,72.59013002,47.25710635,91.22796611,77.90315115,112.6196872,25.76042678,38.92121897,55.99808879,63.6079452,92.15310325,89.55601247,78.3945565,0
19.38234004,47.70423596,19.13355219,16.13144383,56.66503073,20.57472708,79.76273902,67.16679299,30.58814266,64.23439902,47.53799304,50.23527806,44.34742993,59.88243847,51.66999584,34.32128927,25.0323368,29.02313354,48.97001879,91.51496794,1
61.94724908,4.886777923,65.62191952,35.63128094,25.57898722,36.03789659,26.5071279,58.03063542,75.76436745,14.20579503,35.59485773,27.84957313,63.69007379,50.0192177,16.43924549,26.95009689,44.09120682,87.98510515,29.06480885,29.70202435,1
61.55405535,45.76309089,54.0827936,37.1585922,46.10148713,50.65812516,84.90243143,47.62556535,32.21233007,51.70732293,61.97740006,59.38457531,95.92529071,14.87995378,34.87438585,33.06351395,16.02666268,33.64249471,91.06251436,81.63806925,1
30.43986099,49.626737,29.8141475,26.16393973,76.97806775,27.25117448,64.31115026,87.46722836,93.56188795,74.20476261,23.23551733,36.23235668,14.00397073,110.9214267,76.28822014,53.55863644,58.9186058,80.5816574,35.40877355,60.97809344,0
25.22013971,42.58458461,20.89661088,16.61643677,67.37541536,22.34808425,88.29101537,55.5571616,26.48880613,73.26975708,36.62959542,55.46640473,69.39817537,35.78049086,32.84300721,22.02178335,16.68851451,28.29487692,53.0044741,60.04167233,1
85.95977458,67.30443817,113.6367061,96.2616977,36.47680856,79.68441019,88.47963162,8.017505058,65.27420403,57.31090863,109.8957951,80.69926846,148.7631825,33.21458887,47.58480039,58.17079448,62.72187085,72.4429945,99.46589113,73.62748833,0
82.41404461,56.84132827,72.38292569,70.7258642,38.92660167,89.99234476,76.03308841,14.70210195,61.29867528,57.28203429,76.37170428,65.84741427,123.1913475,15.50649982,26.22172504,36.64266529,42.02547036,57.53082113,99.02906896,74.67977007,0
64.6493515,44.41139218,92.33026537,67.30501339,29.66697094,84.40979028,21.22675456,63.41326613,94.0864226,30.33198696,54.24563605,44.33701972,62.79605344,72.43278352,51.16184826,57.61086237,87.35954181,142.2605907,35.17584848,12.43801129,0
82.46077361,39.00846575,105.4240096,78.96141843,30.46064451,85.32210504,26.05865392,69.2950176,94.28913228,14.85719614,42.17497686,57.90656585,61.86464149,70.61132748,47.86216541,48.81347888,53.79052397,111.8214646,39.6462353,17.20113207,0
70.54932976,27.06138835,62.83233311,49.72390719,36.99743341,61.59956102,7.044233034,83.79826713,116.3109588,39.77571064,40.55362385,26.83842255,64.30853493,83.35454164,51.30883054,47.51870381,68.48604285,89.4379696,19.45689677,11.37946549,0
57.01770002,90.41506826,67.34859812,56.62115057,110.2754568,51.10130087,123.4119547,66.68291128,11.60512845,88.05643441,76.5148763,79.8362039,114.5362727,57.8858588,92.59533792,69.37408851,50.55676548,8.785413664,84.6144346,106.778989,0
67.85306566,40.97861663,85.98133703,63.4101207,65.99313113,59.50966203,12.75306148,74.23021729,89.40133133,45.16977049,45.88345946,29.84106058,50.54237584,116.3209831,70.05523996,59.59501276,68.88783986,87.56488612,26.21223442,24.33527558,0
78.78290171,28.71482479,59.08657744,66.27574864,18.47227568,56.49476248,53.78831257,23.56049638,58.7540504,25.13483158,48.26682158,56.52405879,94.2389944,29.4303642,14.29724839,25.62254809,30.39975407,80.32508037,50.00688227,48.51870334,1
53.88455686,34.9230121,58.56743497,48.7785266,36.10728135,53.75376619,83.18049189,40.1003377,41.6187704,34.64094565,42.69163975,50.57433184,81.30690798,26.7507619,18.53622233,11.08215171,16.66553783,65.1248557,52.47089288,45.60305994,1
75.73995496,39.36618158,63.01741428,60.53005103,22.73613644,75.68210051,80.46847803,13.18424755,83.8516488,36.19722177,82.92874296,83.85686957,83.03126631,30.75301065,23.03162258,28.01130295,55.6287955,79.93310072,78.34370134,55.34940683,0
76.84364897,16.94114358,84.62221825,64.65603167,21.16986008,78.60994383,29.17312464,65.06164779,103.1483141,7.499879142,56.54997035,46.05512908,58.81470573,52.84608829,27.09436347,31.6559846,59.04966335,109.8226275,41.25377491,16.62144089,1
60.00686043,22.99223127,58.96400226,53.3978707,7.430887972,64.9252722,59.03433059,39.08876439,76.96222257,14.61619851,43.05799843,57.20031008,88.44486863,43.60303137,8.700814989,25.67757252,32.97438421,94.95260457,42.57681596,41.28462302,1
41.4095521,42.96711429,39.00880964,39.87118053,72.68337896,45.83998642,34.08632441,76.25884183,103.4727047,56.75525603,11.51256925,12.27419972,25.70178519,108.188368,69.27766094,45.11506745,52.92538182,76.10069799,21.67565334,57.11614761,0
57.72529652,16.63948944,78.99661224,53.66221984,12.65294671,64.2010267,42.57603062,39.26573161,93.7876636,3.28568984,35.73891766,37.89348026,68.01383993,43.74417572,17.33027648,33.9271296,58.65320394,89.45909125,40.67987574,28.20581276,1
66.72088256,37.81929453,59.77962821,39.64262583,42.96800415,56.57211524,24.20931015,92.93472549,100.8136782,33.95201745,18.08993912,16.08864292,42.35277594,62.4876661,45.43230677,48.10882618,73.39042324,110.0613113,4.456756684,27.26948932,1
43.36443444,19.49944933,56.67422589,33.58240183,28.9351444,42.05510711,42.02897817,41.22513609,54.28968246,27.87223548,32.69924561,38.62204392,70.22529043,30.39935213,13.45891511,1.981742731,17.34972975,69.44330236,57.80740545,51.31124366,1
31.17315242,33.07999257,35.97883102,19.55997796,57.13815354,20.97428795,57.17885942,87.91636554,80.3482459,53.8034483,14.30051297,16.50643664,44.29823714,55.47708768,42.64075475,32.13863614,40.77456964,59.9889903,20.85257417,50.71217236,1
51.49663237,35.4217283,69.45120966,49.81336396,20.90241467,58.1061224,65.59242644,29.77356132,59.95521659,32.58743951,78.77047524,53.80853798,93.82344933,17.01867026,18.05334632,28.01244191,25.94777011,56.19571766,52.00872258,47.03834565,1
35.32027046,15.79167726,36.93351478,28.92846078,35.01839069,33.04549376,29.94641514,70.76060501,59.50206385,28.34568016,19.37910805,16.61409892,51.82658918,64.39786217,29.48683836,30.3854183,39.86116424,71.18711141,15.76491028,30.10120352,1
8.022094769,65.42325306,2.346897438,11.17076627,62.23344863,10.11519893,64.70109372,98.6393634,50.48840878,69.62266954,43.74587771,54.26016824,35.74476616,64.94736767,68.86642297,56.936743,32.84192107,38.34498755,59.94052434,88.87769411,1
17.46490023,26.85339653,25.81832192,7.481412473,48.52351428,9.619125353,63.95388907,59.77404682,37.70485096,50.71142018,36.0188254,28.71472964,36.31464478,49.01179187,42.56569275,20.16820515,20.22967572,52.25201539,50.61097897,66.1279497,1
38.80571452,53.17450501,36.49003884,36.21977432,92.04624944,39.86135696,63.6825215,84.92371614,66.21015948,86.71827121,18.64741594,27.68491055,6.320358621,79.29223196,50.91972865,64.44113768,73.68120097,93.11614147,40.2059907,77.61934087,0
83.50518066,55.27998085,109.0824513,99.3362253,59.25767973,89.56882745,11.71073553,113.3473982,96.48728455,53.52043056,46.16925451,47.95526371,61.21980252,74.40695242,73.21385592,76.51489222,88.09467537,135.2013573,37.57815511,20.24210772,0
54.91679291,2.918132315,56.50556151,45.10212472,23.37707833,45.49166597,44.53813199,62.48879742,67.41858547,15.15593603,32.85643472,28.33487778,52.13670036,51.65283062,10.82243292,16.10733388,28.31408848,68.53795446,41.8322695,36.87215868,1
87.39167648,26.37932292,67.66758719,74.6814502,20.82352421,58.01912075,24.28435414,53.91633535,115.7355575,13.71839497,38.88717945,40.49834363,59.72425515,54.64945056,40.83896842,43.55696529,56.80376973,118.079806,40.69437627,10.68594714,0
64.12258673,22.4633285,88.37567532,52.88304184,3.94844286,63.89207249,39.58645593,31.65026665,71.07911649,13.76637597,53.18759037,39.91546499,92.00368234,45.34034603,15.06702319,26.57959277,33.22856789,96.88773801,58.27528165,35.63124023,1
63.86860403,58.97051323,54.67617746,41.31196865,69.96803056,67.59301612,130.3717652,74.97212441,5.800600307,89.39372917,93.56145907,91.13026676,95.15195272,35.98277175,78.75715915,67.52438089,41.33649115,18.85342039,116.965858,97.73806629,0
49.12853148,51.13993939,46.11320956,39.7665987,67.24426092,45.48857883,93.66609924,86.6700851,10.41925419,76.22673536,84.46710516,58.28903427,93.45600342,47.34032955,68.71032941,47.52516634,22.69627853,15.98521501,63.62778518,79.18927258,0
45.03174942,70.18284155,52.15628244,47.20176885,98.98022067,38.27273482,115.8552455,71.42381879,10.26786387,96.3510183,69.48949278,89.34539143,73.80409967,56.37965266,77.54442608,68.94941632,40.05182759,3.045091501,85.09986303,85.66186848,0
72.69430657,70.7656853,82.8135296,66.42146593,57.26697723,61.39124402,96.34978401,41.03300762,29.22183957,53.24840838,79.02072972,74.93777501,121.4142654,11.42406253,36.14772616,37.55048295,34.15506846,52.29075066,88.9965767,106.8032563,0
3.37634349,51.27487547,6.665792848,15.71845542,56.75617534,13.07944602,92.14982188,105.0369389,42.33132198,67.90124902,35.11185805,39.25519635,36.70239891,70.28165715,57.23395103,44.22291748,37.0646603,41.56669762,50.9858272,74.6373965,0
60.40287474,68.80173882,65.43941364,55.99402132,51.77583236,71.33746792,106.6811698,32.95738674,45.87913997,56.06614905,63.53456908,90.84216302,125.5603675,6.225744221,45.00906017,48.43432231,29.56999262,63.67656663,84.16403693,99.89906626,0
42.01153531,6.955884283,52.96364278,32.81700614,22.81986795,46.14183381,31.94966126,53.33649191,51.82965297,28.73543842,28.16630954,25.57805272,49.11808861,55.46626,21.7435082,16.87338176,27.22885905,81.06018563,25.99800289,36.65579955,1
58.70383093,14.32229258,62.07189604,64.97261117,10.86351024,54.64407135,35.54804642,41.16729084,80.43883022,18.1298291,58.90170182,45.70063995,87.00274803,36.28343843,4.925667026,17.00945059,34.83319492,89.52918152,59.5029248,35.97255049,1
38.3828278,21.07900464,38.15542491,26.09726927,39.34522048,30.04098326,46.76532644,96.45349312,67.26176668,38.69400469,5.853430695,9.379134736,35.52968798,66.09646467,48.1842876,33.60893132,41.68504687,57.26830259,23.08352262,48.74947237,1
48.52245814,22.05642225,53.02207162,37.38722649,24.67357737,43.64184823,70.44019262,49.00119369,42.0506154,33.90918763,37.24826172,36.87530295,90.49939408,22.21859886,16.31297629,5.874088948,12.60465394,65.16950083,63.93806943,52.77440295,1
3.511861379,41.58390844,7.178085326,16.99925117,73.84143462,10.51940855,81.1065154,70.94771295,62.29059163,58.55544315,27.35958623,50.05391744,31.75530118,83.09996502,58.99176668,55.01685965,36.06010198,40.4049476,54.82788434,91.31747353,0
69.29961185,18.75590975,66.04221117,63.81209502,9.626639113,56.63482234,49.02388103,32.09139589,59.26121337,17.23192994,51.26873862,44.75364998,71.77376651,39.78417021,8.382964915,16.74923506,37.96986533,89.38681084,53.60249967,45.02268288,1
71.65253379,34.08302464,62.64721908,88.35273004,64.9312749,57.98851528,13.64824224,74.86927062,134.8264952,49.38143618,47.19823276,33.49030908,56.94460563,107.516147,51.58239312,58.50498133,93.17506701,115.1194561,23.91331503,23.38806964,0
19.78615014,53.88935497,21.76694723,31.17834199,80.91519327,23.42583174,92.75956086,128.1436064,70.30873987,79.7536245,23.94306711,40.24195684,21.25681106,84.57209778,81.85147445,64.60479867,59.60432738,73.19936847,46.28637262,92.56431289,0
76.82357465,29.2076583,65.57015202,45.97782197,18.19702354,68.39669661,50.76943315,29.0688727,49.39743025,33.6251273,70.73706014,65.03411735,98.81303567,28.94684853,16.36429663,23.63937373,30.11592897,72.61684951,67.81918864,44.58247877,1
74.70525096,24.6062779,92.92816098,49.89789296,17.99742451,80.44148294,74.20812823,25.2504228,73.04096918,28.55480388,64.98490363,53.03778893,102.0322682,24.61741056,19.34476688,23.85314538,43.25845071,70.60565644,52.11554255,59.32808173,1
48.6350092,18.29042491,56.80832611,47.79310402,23.46850339,50.76913931,54.39926867,35.26557542,61.84064048,25.5041342,35.8050684,48.11255401,80.61987063,28.74056611,8.864765448,2.612545013,25.69097073,62.20464318,40.36532893,56.38912187,1
55.98052054,20.75916359,65.71678019,40.17049995,33.48707022,54.35366345,26.21496161,80.31041991,79.30210287,29.4987248,21.82092744,15.66047726,46.59194689,80.64057578,40.68345888,43.39752996,43.7542786,93.14903115,12.00544003,20.11767758,1
87.49850051,55.24932314,89.26711809,89.02272545,58.49770131,89.11934684,10.06818998,104.3101997,87.82834699,28.28638036,63.20523777,41.36013176,59.86307189,97.71718499,64.59952037,76.82515972,69.58432463,94.0094727,45.67641579,14.98492997,0
12.33220347,67.8741927,8.588891096,16.16046538,69.42791342,18.13782865,97.93148966,92.82182676,31.58771625,76.80155137,54.32739304,54.53747551,49.07795147,79.51197785,47.93735607,51.09663958,43.12487947,40.70057133,67.01066424,74.85182982,1
62.55890927,16.54952873,80.40870954,61.59667057,28.36169371,64.8058088,22.06218621,66.69674496,77.30503943,23.82532067,28.31249275,19.93342644,45.11825848,66.62860983,39.29047453,35.8407093,57.06223928,73.73782711,16.64367045,11.93625647,1
50.5044186,39.15529962,51.46955911,33.24927563,34.46845131,34.69188022,88.49929207,51.82081724,33.08084513,36.66876356,44.86556311,64.88377957,81.46488024,27.53580024,27.02429777,17.35003101,5.928997324,46.99046819,60.08244309,59.10745468,1
34.39445102,31.27080439,48.0349078,35.85138993,38.99133346,41.56923033,38.32345233,92.8074807,76.36054846,48.47010905,10.16794002,3.889385018,30.87604496,63.36953473,35.06845271,41.45664237,50.70507149,86.12158636,16.8213981,41.4786142,1
34.99410032,16.15644706,34.74228924,23.80744779,38.74824751,28.97368397,47.26974198,61.89239437,69.1319352,32.75896067,20.53503279,19.39865257,58.25981937,44.87319324,26.14359046,17.30910752,35.25865015,83.02251366,34.6878476,37.77941302,1
77.00881551,32.05790731,109.0507822,72.83410614,33.99129872,87.13736569,27.47752088,48.83665673,83.90030632,16.30915795,68.05369858,56.29268883,89.84095419,58.6004128,41.8815513,60.79626721,53.91646901,131.5902927,37.74916888,17.69713256,0
58.46207133,43.55691698,52.26592298,40.07293643,36.8712279,57.24398304,73.08205089,38.36108864,36.52919128,42.28269888,62.94802086,72.08053229,91.32590322,20.84786835,22.2520154,23.70743808,15.50985303,49.91610432,79.01344863,66.30380956,1
22.39433583,56.79677188,38.04321246,41.15462886,81.49442573,33.83974499,60.18550996,109.1243522,89.99239005,71.61505524,27.73587976,47.30120845,12.89775416,107.6835786,64.59507777,76.29127542,60.02369896,56.32092984,39.01178504,87.80410279,0
24.45188434,36.14730635,27.89410333,20.02879958,62.53260931,20.46285753,47.8081687,75.81701099,64.77359812,46.04676493,16.70749825,25.57483578,20.62377878,57.76291806,54.2057376,42.62110282,41.88317184,77.74073245,24.99916797,59.49771465,0
104.7451257,60.55828719,81.08278963,100.0839935,43.12243242,110.0624289,62.04273631,7.164212147,71.62021539,43.77748368,68.64809265,93.69826641,123.559495,34.97201857,45.98277493,45.02805273,66.7263593,83.89179706,94.10325474,85.99856454,0
88.44673866,31.68376995,90.22299037,67.09138555,36.50091334,66.46472244,4.034601804,84.59896041,95.92106724,35.82541838,33.51003059,36.69130857,59.93353509,93.04311853,41.22029928,61.56676225,63.73697838,108.9196598,21.76432756,10.13475955,0
28.13034009,19.70496866,41.47061916,22.03544736,43.49863897,22.09902917,51.3326611,80.24302378,75.08774889,39.79076112,20.30094773,23.13229601,53.35083982,62.77469376,27.35275676,23.23568675,37.58908893,82.08865752,21.34277965,38.92020536,1
43.47530387,11.05443709,50.59226768,27.38979883,27.90093663,28.09406629,34.85339342,68.48154317,58.15892898,21.852548,39.2928345,36.28058466,60.37896739,46.46355265,14.09875103,8.996360389,25.14328484,75.62861034,38.95017632,30.94561091,1
45.04820203,52.61100897,28.47276383,30.06200197,52.63055813,35.85376038,74.01233472,63.66962799,18.20046503,66.14526742,66.7145363,54.85750128,59.02528431,35.39145202,39.55246933,32.04088507,11.18907577,27.69618986,61.57901938,61.43789712,1
67.80036749,16.19626173,76.51342942,45.64442979,31.0201681,65.47169173,18.17182021,57.03590877,95.22147811,22.63357643,36.72456638,28.42063233,60.10971531,70.55640054,35.60892172,39.80420558,43.15691132,101.1434238,24.33838535,9.614460872,1
83.43181059,43.02462778,62.92642581,82.5146079,34.60030274,80.38141837,91.71934434,14.95139555,58.97068415,50.30333204,73.7829874,87.08045631,95.71066964,9.44402226,35.75901336,35.78456219,39.7387494,64.10631283,87.96934958,68.57965742,0
73.85697816,53.19976169,113.121884,71.39378144,21.03277809,97.2671099,76.41534195,22.337996,96.93779335,32.59970963,61.08067072,72.55075358,114.9763642,31.45751235,31.59990715,38.40114623,65.56849798,103.709759,89.60155195,54.70591143,0
25.25685601,47.65124132,23.78652342,27.10363141,70.45635424,16.08386083,64.36481783,82.95136034,74.46693486,62.65271416,8.91016558,16.19411569,22.5891355,81.32947649,51.59364217,33.54812662,48.25873165,67.19602169,35.40537568,53.06031273,1
51.26362786,27.45714409,45.13079787,53.42747673,37.23290265,39.38476287,26.11483167,92.70776576,81.55136407,36.55997406,22.89254831,14.3632139,38.70371935,84.67612391,43.60637516,37.3996541,63.65040325,93.73876312,5.743488443,29.92225409,1
112.4234056,64.54208694,75.95628831,104.1491302,41.34833986,94.63958588,82.84250987,11.94601617,95.23914775,45.95068842,94.29820382,64.8465027,86.73622606,38.18777229,36.47862503,39.74666255,66.19677078,86.95503955,64.06566612,80.900713,0
12.07225009,60.71680809,18.49582393,21.2891923,74.11902689,14.78509582,75.79369639,109.882149,62.66179258,74.85160989,33.88460774,42.37966269,32.66668459,85.48496578,55.84624596,57.36333928,47.12738565,69.5204639,64.54234773,90.99036474,0
64.03233057,50.3786131,73.63863467,74.61256532,47.67345121,67.99011803,11.49384526,74.92055392,113.9994692,42.21511056,31.57884202,27.90685493,67.30683516,79.65839725,50.09192281,59.73000557,80.05826229,134.0452002,16.18409821,17.53332314,0
86.09968376,31.28487342,98.57316102,84.84853363,32.85144255,73.56912946,17.69991486,70.85732472,112.4899638,21.60700555,68.07143579,49.19045759,85.72665604,81.59666608,50.0736569,42.63625758,81.70082935,110.049746,37.73397337,12.6236396,0
60.73205417,36.14991367,100.0807412,90.22193913,11.919768,70.42042377,30.50822873,40.62235811,77.1439814,11.11907834,45.95768798,60.47071831,69.66685352,65.07133834,24.60170361,33.10758125,55.12880963,101.3727278,45.22452887,27.01141749,1
28.35657153,25.79874643,34.32594276,30.70621285,45.33322992,30.93928279,39.43818842,88.83463667,64.33296295,49.48770501,6.741384849,9.85152622,37.50861186,61.14181498,41.8131759,41.34880906,38.32997374,84.86069664,18.66879552,44.92067091,1
9.885431182,52.811943,13.09004525,5.273503522,70.3478023,2.928297858,83.12906071,64.60928578,63.74302703,71.16205305,31.93110553,33.68920296,38.24375325,50.11878415,50.95523306,44.38764535,33.2873846,49.68908199,39.02230356,62.04038134,1
61.74096929,28.00656274,55.44181229,71.86034773,17.67399738,59.33785827,69.60444682,27.68594575,53.72407082,24.26598775,71.45684909,46.10038108,74.48690012,37.13772117,11.81984529,24.45288514,35.46075837,79.57348582,62.94988825,44.25784617,1
53.50705488,20.04615214,61.42311138,54.54681383,44.41846665,45.11734931,23.86228215,87.50199327,102.8200945,35.61591708,22.37880556,19.74548392,48.75048811,72.59218093,44.8593001,41.64494091,45.05690117,73.37431928,12.08278457,24.27505249,1
15.95688733,59.41508057,15.7069028,29.46813366,71.74897309,22.42478941,78.94895881,113.7116333,68.74606702,87.62750916,29.24111812,35.0947914,22.73186608,65.69551196,53.78698538,70.81034305,49.06552881,70.77138659,58.02705184,65.26143925,0
98.0154354,47.47613449,115.0866807,96.98555153,30.55236105,70.49134045,20.05202203,64.78066974,83.66350672,28.88866085,74.2652133,66.07421037,90.32144876,93.71298625,44.39398741,66.36792847,78.33994941,104.536386,46.07239952,22.03983308,0
46.82687409,34.35017529,69.0559588,54.39171879,30.56584967,58.78638619,50.32993558,31.08131103,43.37757272,41.46201184,48.6543174,55.17860736,96.4151722,20.17507275,15.35547223,19.76410478,28.54267284,48.92556871,50.23366867,56.8511473,1
21.51234074,37.512268,27.5030291,19.73818873,67.17093077,24.95658144,59.75913739,108.262016,72.26694481,69.12185264,12.5372741,21.8840295,28.4430588,68.9904903,43.33996549,36.87954629,45.68644817,70.79896408,27.90130026,43.01194708,1
49.02142236,14.0993848,55.95423719,40.54535164,37.66003259,26.09828027,30.45535167,72.69227473,52.12401287,23.38722936,20.63848616,20.06004017,39.77781986,43.18270371,19.86853881,19.67576965,42.93309905,64.17330922,23.78098909,39.85936743,1
35.37965112,9.32239963,50.96240331,42.00780885,21.86011499,45.58696524,39.5368999,48.93220211,48.8942947,26.11028615,29.6769051,26.37854527,54.74647858,36.61127524,11.86846001,6.525724689,21.72944654,69.1544333,47.63644694,31.37064286,1
116.5594263,48.51225167,87.31114649,102.2163489,42.20096712,67.72724084,79.52072028,2.988191976,56.53798307,41.40914178,92.23725107,92.51571548,138.3568051,33.14098732,53.11662217,39.05240644,59.82129992,87.37780518,79.41396043,60.25480622,0
58.41046291,29.23153866,62.80518262,60.74195508,42.76880861,53.83580457,11.87776656,92.80093977,107.1651957,29.99166942,26.34321013,22.12119796,45.55731244,74.43320824,45.21265555,38.8745693,81.43277329,114.9968528,12.53159477,17.47692609,0
20.61964171,48.99514679,31.25479162,20.05978545,68.09443831,18.61383567,55.00460754,75.7752539,68.9538074,65.7442677,18.80086195,26.6568057,23.11141412,62.35018037,50.3043024,54.64122086,40.02767135,77.83483799,34.71425593,68.56746202,0
88.26544229,23.61550425,64.58819266,81.18186247,27.55591591,76.24081693,16.36536151,67.0339941,103.9905639,15.80946735,54.91540939,37.26587416,61.02998181,63.25669123,35.41681406,41.96168704,73.07924885,94.39355485,33.60222424,8.236376301,0
90.67107544,36.5198478,93.79915456,81.58720718,23.46576208,74.89719818,50.8597933,15.45573806,89.86005197,39.50863101,89.81873597,73.70422279,89.64460246,43.66743903,26.55228954,34.65743902,63.52112255,84.83902435,63.76039024,54.95868776,0
41.53907015,18.89521197,57.12851092,52.77845577,29.79943675,38.86074382,29.47711192,71.33592813,99.13464102,20.02579044,25.58555722,22.05945543,64.62641184,77.29977551,26.7994918,39.25338967,53.84244139,101.7828863,20.34791622,22.17639282,1
5.297026428,57.06231231,2.278560978,9.120586173,71.34879461,10.30661791,65.74424001,91.87036619,54.58316865,67.26268351,38.69859594,56.79396446,39.45421765,71.37551194,60.96281641,42.06953109,28.36951278,44.60492347,56.04330834,80.33663442,1
48.59448347,85.69933314,53.7401454,39.54136431,81.63716462,39.38917868,130.5731914,67.98401063,1.938286017,97.3483935,95.6427317,62.29098028,102.4223419,51.11309201,58.18700568,61.7279195,34.84867039,8.775874331,74.18156491,121.9751293,0
5.543757222,51.24774886,3.665069365,9.938061914,69.77636107,13.17674591,93.62142955,100.1205273,54.82872445,90.31304953,40.72542781,33.56793715,38.81159487,63.11254777,48.11240715,46.98103636,43.1407889,39.38005953,66.83609775,95.33155781,0
18.13707342,51.07337816,12.08678356,9.472825259,53.02570458,17.51643685,97.4311769,88.6617752,32.14564164,68.77815251,37.74432043,58.42534261,60.29356989,51.65466751,40.77360942,45.25749836,24.1288508,28.18452471,59.11991512,82.16274692,1
60.40147595,39.53403957,60.25811399,65.63306314,19.9116569,63.80777213,71.40837309,25.92198649,68.4033974,35.53062295,51.90487809,55.56600062,73.55143894,29.98919749,12.87808084,24.21106386,43.47602905,67.68550696,67.30740181,58.24621754,1
38.15000767,15.14881053,35.37328832,31.1556104,42.3327892,26.63345992,53.88208068,75.3058601,46.91856706,34.02468246,27.25527459,28.74179033,41.85237105,54.91403481,19.30635044,12.86108079,24.9624125,51.80445374,30.77182663,38.5275901,1
53.74456734,36.10599771,63.44042233,54.1370756,39.03818493,51.65433699,94.92259201,25.01552745,34.13085881,48.64560862,64.51428456,82.17210015,77.30865379,11.1072085,26.31721179,29.63194483,23.81498663,49.54601072,72.18625799,87.46276268,1
53.33462844,52.01456625,41.14192211,42.12740258,53.15235085,52.91522438,92.85336645,54.46620903,15.18913585,57.17308513,57.59941354,88.03432837,88.70133684,39.41659317,51.37604267,35.94904209,23.07373686,18.53334547,89.20407303,108.0245138,0
31.86620383,36.28252782,39.81017617,35.89459507,35.55114037,28.14191148,83.28019643,46.65454006,32.23964438,53.92024058,42.90468237,65.66524715,70.47614024,22.26527316,29.11859158,24.88472314,4.388412969,36.67543111,60.53886906,54.24721746,1
67.64582073,44.91958127,80.00099434,66.99315071,29.52234806,49.51718082,72.09741928,28.73014533,38.92909736,47.79921953,71.23440205,62.79480831,70.39438779,13.5665082,24.19792855,27.52771703,32.33956797,58.86599029,52.48647607,58.92841744,1
99.09231418,34.68257679,91.91679639,75.26256667,19.80484478,67.35700999,39.56757681,41.67218841,90.64476548,13.41641354,69.71671387,54.07372178,82.78040165,71.74768618,27.3028952,50.84159641,76.39003015,82.19395265,46.69494119,24.55500125,0
65.34158627,21.29218414,77.36748652,78.85355598,26.53523305,78.9097469,20.13570191,45.22811593,70.70411246,8.734007611,43.29355828,38.43405805,89.73438849,79.42697031,25.99390124,29.09822917,48.85901093,79.96893082,35.90344236,11.27300428,0
62.655565,42.91822194,71.59098169,66.39990055,30.87157858,84.11996761,9.133303755,66.27081792,123.4205761,22.39285822,59.22147349,38.34257252,60.0063935,74.4234774,48.36941743,63.17865692,72.49366814,139.5566171,32.95834365,8.153308406,0
35.19056145,64.34668766,35.37461353,37.39666589,89.24162821,39.73068208,48.20516712,102.1160594,71.87309681,75.003482,19.55735364,20.63356282,10.11711825,108.8565254,72.09269739,61.24804843,70.18284155,72.94840317,38.00756232,47.84042752,0
20.99008176,45.28326428,34.02946172,21.91184127,78.30904154,20.26030078,45.28622901,111.2515026,62.93913381,65.41981155,12.38827035,23.13949149,19.48653314,89.70087264,41.45708693,39.39734034,39.8216662,56.9709062,32.23516407,42.69017551,0
19.79832865,65.43532499,17.7970343,17.50421455,79.64081708,26.75038352,79.3144886,90.46155009,28.21084275,69.17800112,51.08181751,47.50350022,64.47952282,51.38223681,43.85564269,32.51876792,23.35438711,22.89160491,55.95683723,95.58693527,0
103.4290298,53.84056856,108.8569045,101.0663726,42.91952919,79.48882357,98.0295709,11.83075097,81.63417115,43.04747092,70.47131909,89.39167948,128.5407468,44.95265354,36.72003858,52.94893565,52.90034007,99.57823893,75.62534745,54.89952808,0
74.82018812,18.71469115,83.59916521,47.95870052,30.48209216,58.70769735,19.61893214,68.76213439,106.5092015,19.41686405,40.7885264,20.22683882,72.59393559,65.50195234,36.80967384,37.626878,59.45940703,96.91717928,20.79112822,15.48451232,1
60.88245216,26.71966654,58.97618449,71.82936339,6.902507724,79.97803333,44.75896756,33.12040309,85.01494398,15.95864861,45.73890491,59.07060286,86.28429232,32.16563355,14.31582826,20.40053215,42.43935851,83.13143457,54.11388187,37.03188558,1
85.69991479,40.67373283,65.8341114,76.13063989,11.53612159,81.643004,52.37562002,28.26550299,72.9258793,17.03667463,51.4737826,51.53339526,116.5554513,41.55704999,24.84381385,38.70660462,63.28172524,87.84870252,61.42717214,50.06543621,0
51.77543239,59.6779547,50.95212884,41.19047828,71.70263213,43.36633362,92.68341427,59.57849307,14.10337157,77.53236837,78.94520185,68.70590602,84.76488885,37.30866754,43.57677366,34.55161368,20.76804859,22.59005925,78.15805384,75.97977283,0
62.63993145,26.80226684,79.05306037,45.06061465,39.13600583,62.43273355,12.59337984,93.0801844,87.71903817,28.28644871,25.23205077,19.1292829,41.10059957,86.41017769,45.73009463,50.34141791,48.95498209,95.28812119,11.78852792,19.5029003,0
107.339816,48.91556381,112.805395,71.66158695,25.64829947,102.1152879,49.78340652,21.7369067,96.40188894,38.19754718,68.93402355,87.4750255,98.32402382,52.32910519,35.05724032,43.57620906,57.1691089,97.846714,90.50854259,52.9462175,0
37.65827296,35.07664235,48.060678,39.30893679,41.92033915,26.3904033,45.74651633,65.29818249,90.77044998,44.46534202,4.401288938,4.109173539,25.11334929,72.26210308,46.42871686,43.96789085,41.46476985,71.32201957,11.35900696,44.48930114,1
8.916285692,56.14872535,20.6798596,14.99015541,53.35111764,17.6584554,85.0995984,107.9419917,75.79363838,60.76447801,31.82562767,37.17516651,19.92178593,68.64197757,70.17680032,48.92655047,37.71381682,71.93147477,46.64652637,56.75259192,0
25.04138211,41.76997009,28.09077766,16.3522083,59.19522079,17.26860781,63.1444819,93.66735413,72.9552493,54.946459,14.52463604,17.79559335,33.91247882,80.9403852,51.35245699,35.67674331,38.9475067,79.26814282,27.57307317,60.95265724,1
41.14039187,65.87394289,49.58755283,39.44665992,51.86986456,48.45049661,94.70560764,47.5534356,16.85032116,55.73121334,78.30974896,61.25697615,83.64855462,21.43869825,43.37604738,33.21089207,13.63847373,33.59254911,75.04794253,65.91890462,0
40.6070944,43.23720282,51.3283101,35.3479316,50.9527283,33.51056401,83.66998497,41.07062794,29.75452408,44.19796791,48.55049976,49.31866558,57.32548036,25.31217762,33.21528518,18.26720071,4.620688078,30.68479339,69.047506,55.19532817,1
63.27432244,50.35691004,71.35674284,66.43162105,32.14675481,68.83115308,86.24027232,12.67861542,58.87999719,41.13875283,80.02586158,78.88728099,131.0836416,11.38466836,27.76229361,47.0317562,35.86776016,82.38476905,67.2115616,64.65842137,0
102.0370112,44.88400079,99.77361723,60.94043419,14.7355337,61.99599643,52.6731925,35.93382674,103.9015816,22.24232658,73.30878107,68.58184278,76.32702315,56.9820586,30.6115319,39.57976789,59.2672999,79.28144056,68.60214637,49.13292088,0
66.62373511,15.63773706,69.04528899,55.06021835,25.05986445,42.88644372,21.61732083,83.4256282,73.91474471,18.35965998,28.8520339,26.85066826,67.51461051,55.97441867,40.01969225,33.4787681,49.14992629,81.84756311,17.63765931,17.51521196,1
52.04539746,35.85000835,39.90992522,33.38286165,32.97899474,49.64310065,85.71960101,32.51714127,30.69615454,44.14053376,59.46519144,48.63451881,82.26897512,16.13048773,27.37474791,22.126908,12.70319073,44.8511015,82.83030848,62.6466755,1
71.25744547,11.87222889,57.80420562,55.66294222,22.51645084,45.89204316,19.64732339,55.41822087,82.18396586,20.29858915,36.67058916,34.4093586,76.5829412,46.75618974,30.04549722,23.43372438,36.56771284,101.2012064,24.04550177,14.83202077,1
68.83934963,49.50678272,78.55511677,59.73233455,43.06306211,60.39476429,67.8689573,26.85691829,34.9025729,45.08383137,73.23437117,91.87864866,97.84154148,3.512152202,31.81282185,32.017779,38.51850984,51.40788943,72.28665834,60.74516273,1
9.030726104,59.57789355,14.42813385,17.33804547,67.07038535,11.70309363,86.20099177,85.96557374,44.79194764,76.3742516,26.12137866,31.03250373,33.50458415,76.27031042,66.7495077,51.91798174,51.4225746,50.70351584,53.83757409,64.29953417,0
9.368490373,63.39529497,10.4567729,13.24584157,77.41051393,11.74978926,80.85892807,80.12602769,57.87831096,60.34656644,23.39698488,39.71992956,24.01903523,86.51858003,58.91175489,37.82919469,37.68067745,44.99822433,49.65826371,66.43179755,0
38.82764387,63.07212832,43.00218981,43.85340454,81.09602027,39.20568045,85.75595849,119.2624847,86.74653024,95.3702638,47.19993317,47.09166693,15.5793882,131.4813493,102.5383646,85.20467379,60.72008949,78.85657641,60.82932307,77.32616655,0
46.90009761,37.2124902,55.12904143,32.95089445,51.19087694,41.35461879,50.55545168,111.9925172,101.3017801,43.06396777,6.616200053,5.927669351,29.18742577,85.43061251,41.82164027,48.8260439,67.7908266,75.73621834,11.19070437,42.98980195,1
74.25979894,24.0567374,71.3878689,43.20785369,18.22089813,59.68189653,67.45283165,23.84426653,46.81065762,36.80497904,63.79681417,46.30069738,95.70121859,22.82586144,10.04633729,14.36428833,31.18019202,63.88877477,70.65778079,46.77605486,1
68.37277933,50.20590997,104.1431001,61.05663936,27.0885844,75.94554769,57.895686,7.973185096,71.48195147,36.0513215,92.34520588,75.26493406,125.0449258,25.31503698,33.36246744,46.10115794,59.64524311,97.76189434,89.03783178,55.92521652,0
62.84378915,23.08695941,72.18958534,69.56811511,14.31530498,68.78445979,31.27045047,64.21551651,95.68833745,7.644858619,44.40161044,55.89669295,95.24650521,54.3349754,28.84841458,44.19859853,56.41093362,87.15353295,41.93504336,19.7553143,1
94.57107481,55.68810907,110.3156006,94.14004463,40.64233474,79.71657039,83.7622432,5.93446923,61.29906295,52.15492575,105.6114451,84.48398118,100.6353878,24.35007297,35.76440605,49.58147008,61.81525906,68.1148621,109.4850581,75.16396825,0
26.0675903,57.36344994,37.83875396,47.98057555,105.3063576,36.60040731,56.47412119,111.0258125,88.87525856,71.62169488,26.28346599,43.01154445,7.737722746,100.9573106,93.79511667,65.37479528,83.70615525,82.70446346,38.92068737,72.18455641,0
63.73975565,37.99723299,55.76273572,62.28842534,56.39413473,47.51945071,26.36611744,64.71397234,107.4720248,39.83422322,19.83661757,9.021199072,49.17610028,62.61515117,40.32030092,55.96232761,59.0470512,78.93066603,1.275059673,21.89914014,1
27.11437838,52.96284642,29.16939381,38.15403127,88.49344881,38.11977286,65.40147691,128.2881184,73.6561805,81.85587803,34.02184622,42.56666164,19.98507641,115.3839318,74.43840318,68.1735291,69.91411638,72.84436781,43.96477842,101.8278398,0
35.06891541,43.21179024,35.54146031,42.32278008,67.50662617,43.78027422,43.04669765,111.3772006,99.99360048,71.1645014,9.776234568,12.43553763,15.26723786,98.3103096,64.32344918,41.34404734,60.73886177,104.3764828,21.31810739,58.92376349,0
36.18306128,69.02723966,44.94028467,36.63430693,74.39269474,39.17260626,91.52301189,72.45602311,8.77489383,95.79285171,73.65649586,67.83153447,92.38279756,64.06628755,59.21164223,65.18838033,30.94618451,4.993590392,90.17235964,87.08238518,0
67.81810617,75.44863462,47.56613082,48.85660059,58.02178168,49.32213375,125.7691958,53.4882414,12.8056861,93.47499887,72.83222328,98.95174055,116.855412,34.43179522,51.38153935,37.95974181,37.94471494,17.50278166,112.7003074,116.3021701,0
20.40660313,30.42403056,21.45747018,17.03871697,50.3619396,15.8558816,50.61656677,86.45874999,70.78576064,61.73137774,11.01631323,15.68866797,30.08967251,70.58627816,46.64499365,43.12105119,41.67051926,60.71376039,29.14110673,52.97799081,1
52.20819384,56.31618668,48.39426682,56.02220607,60.67085733,49.77214072,47.87832765,94.38178255,93.71209756,75.1465949,12.21602024,13.48026658,23.2415546,72.43359177,51.02174994,58.90429568,50.5606644,104.6554691,18.61194008,49.40917157,0
80.01495723,21.75664565,95.29109425,57.94083563,14.78976951,82.71462139,29.11571504,65.56047199,89.60421513,7.221451453,45.83503928,58.23829108,84.16131945,63.77607732,26.67983702,31.79918318,60.01389261,102.6080988,35.05433036,19.31476824,1
42.12227862,77.84365227,33.36114229,26.34582916,66.71213906,32.91503151,114.7085982,71.06689436,12.72411582,71.02252943,77.30580326,56.38821191,91.1737647,46.40613819,59.02001537,39.16990103,30.50221663,16.21687197,87.16713499,74.02504187,0
47.07754931,16.92780375,52.43954705,48.37486852,20.71251235,38.60197384,42.82804059,29.83169712,62.31025705,25.53548579,52.35815653,39.18721974,91.17429282,27.9202541,2.508087441,8.144897076,21.67038548,55.01660712,49.62706004,51.57875611,1
93.61279075,27.55630418,65.53619178,64.98005208,49.05081756,71.7824754,9.165200724,72.42711771,101.0838331,23.04081426,38.69294476,39.46860031,91.05277223,63.65551496,46.42218606,48.09925225,74.15179548,107.4127228,40.39466137,6.546677644,0
58.28144998,4.203250534,64.40408581,46.62167652,24.33746841,35.69224858,48.7575843,38.85330789,50.85895599,24.84622325,34.61619855,30.47944934,52.69644951,37.19392955,9.382728522,12.13966657,28.36636825,83.43250227,38.97217998,39.48997675,1
47.04145876,78.67418529,49.77337251,54.44312133,101.6826406,45.78045344,134.2602011,71.59760557,9.20665928,74.68855901,68.8039058,73.93927184,70.13671208,52.88500486,56.85937056,54.23410739,36.19160079,2.893760953,68.93896055,100.7511825,0
11.2586188,54.15472164,14.46342305,28.29575936,69.6810743,14.99331274,100.1168943,103.7057352,48.15386134,76.16488456,46.82812848,56.0509897,32.72500835,80.3890953,70.05428232,66.83728981,59.79411133,54.25484373,67.37446489,69.09828996,0
36.30551907,74.1851201,50.66036002,48.96372683,75.4755496,49.87682329,76.48197392,117.7719463,69.55374936,79.58017209,32.20974315,25.10104512,1.028019253,84.71696091,75.19056622,52.8757055,72.79393493,106.5541984,39.71001384,55.71929628,0
74.70347073,37.74787519,72.51978791,80.58038351,15.3865177,79.71185882,49.94932896,30.71876469,81.38729769,20.03612649,63.1606626,77.6308838,113.9769969,42.7139764,32.34782321,31.52955032,58.07419098,112.9244988,59.6237916,40.41352918,0
5.458343584,45.60937005,11.19570823,4.620140156,65.16876124,4.67939693,77.25740681,101.2285721,42.95547821,69.49916118,37.89006532,44.27806463,38.08516335,67.21470465,55.36736725,47.73512414,27.56250177,56.27366164,56.17361523,77.81899244,1
64.51485111,78.70126316,64.40421315,47.59770765,80.07934964,58.37620637,108.6118946,66.78605886,7.97355605,104.4856073,103.8741745,71.3611725,90.9496955,47.30626289,77.30243174,66.66599357,32.8746419,16.5393321,107.1595938,102.3725784,0
48.26025047,48.16569015,64.80432196,62.8584033,68.36211455,58.35571383,22.94852383,74.50961677,109.6273389,61.10452463,21.23053535,12.89129567,46.05830727,94.15219215,61.86522822,52.51213394,75.04558692,76.27526431,8.794903576,40.29726949,0
53.3793813,15.78185846,35.14534777,41.77900395,26.9779918,35.01313431,70.52432013,58.53721283,61.49718782,40.54321,45.51520574,34.45094413,54.84812428,42.45365501,12.65620602,1.950186793,18.25898908,61.62323169,46.20340337,53.29064362,1
87.09325184,36.84361437,66.02124718,58.5566257,27.14952663,71.47474067,66.43125594,15.51660829,65.22749447,32.90684891,85.48866399,82.32648284,92.4012182,23.11512452,21.52405982,39.50487166,36.56833562,62.23774131,79.71663174,68.64217813,0
37.28395157,26.74700481,57.71464118,31.28961856,27.71321493,32.06468743,66.87496734,36.12983997,46.42889164,35.2909869,48.60944513,55.85382795,65.47791542,18.57867987,20.63745451,16.71006088,10.74820017,52.99755849,67.87404584,59.2132225,1
91.9506598,56.78766054,87.29693265,69.10768588,33.36786718,92.24222926,62.70398656,7.938537228,84.41345862,40.98014926,84.07140753,62.80234377,110.4378349,22.18287478,35.33644467,32.10081623,34.34767171,61.29140429,74.05578084,79.75710513,0
35.54989408,14.78604028,46.9239925,33.39001224,31.21446178,32.02830428,47.53757846,67.45698102,57.1995337,36.16164828,27.51438142,24.86344492,62.40462063,35.12069522,23.8629544,11.15461985,24.80630803,57.67988055,43.87650665,48.71280036,1
57.53886412,81.32860514,66.48256455,41.24662015,96.50871509,58.39480043,109.6970374,86.72933473,10.70496138,83.77759533,90.23447441,93.15531101,114.5611174,38.05212385,77.72236265,70.39249873,35.12489946,14.23900171,94.81438152,81.22096622,0
53.16093278,8.196400875,47.85616008,30.91303985,21.05483994,32.03420105,40.76285941,67.2304155,60.62715708,29.57155312,35.96227238,30.05785951,57.33237968,38.21252549,18.81979698,18.04020612,32.08367153,81.69342198,28.49115585,42.59738536,1
73.41177706,9.58353603,74.36336273,58.76194069,11.85119664,43.65348012,30.00184449,43.54552155,70.50585111,9.25640152,36.23454563,44.20456543,73.90704126,38.8698118,10.65076479,16.23747997,46.54208202,77.10838322,39.10197896,31.47892179,1
42.86873841,33.00998743,45.61771103,50.46325097,45.89305679,52.97970645,84.32112576,48.9489307,28.53437763,38.57082421,60.64204608,47.89032651,78.10530811,18.33435063,23.90325144,21.61893255,16.16777509,54.36852211,57.55114743,80.37954849,1
78.98829486,41.04077363,93.04337977,94.11229072,22.94533384,80.60487509,51.30579099,21.6898007,93.54408432,29.22139942,82.02008218,66.82960856,123.0499709,46.50090601,35.97714336,45.69562227,53.64692978,96.57990594,75.86903698,44.29546861,0
48.67981774,29.58458195,48.73684879,49.94987834,45.81458685,31.92330088,34.96822873,74.22661449,101.8262809,51.2921147,6.871105156,5.58164781,27.1215596,79.05675285,57.28795773,50.12978654,55.19657762,98.03853405,9.94998356,42.00229488,1
81.48305587,21.74187922,58.81850615,44.27935342,3.545478523,59.72894005,32.80338816,48.22397664,78.6580664,7.515085014,50.91813061,45.62880386,71.22105726,56.89346663,15.10204966,26.87028294,45.54896263,87.68352014,54.10412564,38.91024778,1
26.07923051,56.37896849,16.50503385,16.85135884,63.69800268,16.68042457,97.7907081,69.23832189,27.46084783,84.97178495,46.76624581,65.81854265,52.24643587,66.54860291,68.40609195,42.74150637,23.76719614,35.10224981,52.20317784,96.20775912,0
86.36105312,35.76198515,99.0873013,81.49610365,25.58825184,87.32183075,31.07411575,52.94691064,83.14659559,16.88042953,71.7567344,48.37428373,82.84358264,70.22464958,40.80071992,59.69507295,67.82770081,97.09730583,40.20681616,24.72144689,0
49.80746511,29.96411776,50.47071743,33.36258815,55.29967961,32.16909593,26.51566675,77.82307441,95.64622188,32.46869147,11.22930493,4.865284492,36.92349589,64.04118798,36.26539425,49.94096823,65.44238642,99.93958302,6.815945605,28.54010783,1
26.68161669,24.24364558,24.37836212,13.79035985,48.73423675,16.58278448,70.66327825,68.58263199,39.20174574,56.96353315,26.73716787,35.65881738,38.51619118,48.87391124,39.24995907,26.9542678,24.57191954,40.2128169,41.2850774,58.57676024,1
38.74466398,32.86218122,52.243167,25.75220947,44.55497089,33.19238539,35.64845655,89.00785307,79.46582431,33.4451432,6.41285545,7.030576615,26.84737147,67.47980194,48.48137953,30.43065399,34.96492431,85.50117458,18.87419717,46.91321316,1
39.57402767,19.20151616,46.40261831,54.08758925,40.21727142,52.183633,22.39361922,59.81928076,75.33885477,31.2423713,23.82687754,14.90841955,50.56902019,61.03903276,41.10440365,31.67534609,44.34050597,94.71797702,12.186639,25.32478269,1
35.26062039,19.00416574,34.57594177,25.87763207,42.27450386,39.030097,45.0542586,91.32417341,90.4187662,43.5348012,10.43334993,7.627830887,38.49783982,58.27109401,29.27019517,34.40140851,53.56216712,89.79620042,19.86257134,41.04311102,1
58.36326363,22.30780271,55.45910741,53.59482019,15.08881094,45.59040953,57.28496947,39.59218223,66.59238293,16.594901,38.81115662,48.85618884,78.92200865,41.38347137,5.172428245,12.56687882,30.02216858,65.72531503,46.50480918,46.2259884,1
52.44175067,30.9345026,40.54898077,40.48191269,43.48342618,44.63126498,69.65615991,36.55390476,28.79330937,53.26854466,61.14929763,43.54355395,64.72483071,19.90196215,26.04520475,17.5328762,9.093781117,43.07852301,73.45938548,75.91789204,1
33.94366378,48.95373321,26.94412399,18.79766041,48.16595637,20.09972301,77.24563462,71.5495057,24.21271115,53.64710093,41.92619941,60.44658628,73.59064312,35.76840325,51.03621646,37.69937958,14.90100306,26.83878032,73.43661213,86.09296148,1
28.71661916,47.84861329,29.34975091,19.9827499,73.15808344,20.31715402,61.35595486,65.76016157,26.48404649,52.49832289,41.47734777,52.14352085,55.13101685,46.9210289,52.85370556,39.61812413,12.79632323,38.48998905,69.56515957,93.28204437,1
68.60260218,39.10871145,67.07153771,92.4333685,26.27371435,84.3331007,50.20596795,20.54845811,84.37384173,24.40769135,79.39264127,79.67727058,97.14079735,37.30920724,34.33088839,46.34489622,52.50276367,89.01695047,56.87927535,52.902939,0
93.22874153,22.57002773,77.31867654,69.35263841,9.255460809,79.06303154,53.28306431,31.17756669,98.27051497,13.36329598,48.10462435,51.14133166,87.08293886,51.37134251,22.17203406,39.05144314,58.46507431,94.15420384,53.55934823,29.83506568,1
78.69902315,38.3506704,80.67064865,86.9712823,22.78225052,84.41657064,56.64765116,20.00899902,83.35498358,42.61294591,82.07708141,59.86177876,128.2755274,39.19514867,30.12736273,54.63521477,51.0780079,112.12316,84.1111174,70.04906924,0
22.47035653,29.54591741,32.96561129,23.86930244,59.26088462,25.01532073,41.6024232,86.05881396,72.07479669,38.90554282,12.84011897,12.98312084,33.51986098,56.75119668,36.3360486,28.52756301,29.0538709,65.70744431,30.39229953,48.88864844,1
51.55948123,9.049213373,61.95810212,40.5072555,19.48790781,51.40512857,34.91893407,43.73529187,73.31675295,22.42478084,33.27537309,27.57039023,75.80545873,52.33362509,9.526661025,7.602907872,25.60300179,59.72380505,33.01476251,46.75592302,1
61.67549822,14.67666531,67.0263662,65.64315131,18.05834543,44.78134882,27.43478035,41.72073393,72.95511128,8.027139288,48.12692061,39.98259437,79.87117734,44.32441175,21.39906403,22.11396082,34.97221994,77.83824852,33.83727477,22.36624495,1
63.71915082,30.35184917,58.79664058,60.01957929,27.81895105,40.44884551,53.98559496,27.61152748,65.80205612,41.76619178,51.79256431,66.12921506,76.63073539,26.07052375,15.07227304,12.80435237,19.5304672,59.66326288,68.6494198,67.36546853,1
42.39082501,76.16756773,21.64726725,36.45429322,65.80178309,27.77900583,90.23551845,81.15334151,22.44094881,84.54687539,52.33588917,65.58648906,67.78614288,64.24214114,68.38673117,65.59906808,35.55814211,13.99419133,78.83283619,113.0960714,0
11.17502809,66.80493538,16.50451311,30.42075722,92.63191341,20.86977197,77.95840279,100.6596564,76.29100417,66.29540711,40.3751448,47.57202348,31.55985189,81.18236325,71.45536514,53.39010344,40.35443833,72.19573974,48.59868766,61.15031593,0
43.73278695,33.21603639,52.55879098,63.3398519,36.81322591,45.67234695,21.19123836,66.62016877,110.888408,38.74097182,24.12995636,18.60850698,39.38930484,80.54582617,48.73828869,38.703731,54.27972366,84.19166149,12.13341592,19.49784756,0
77.35047252,58.78299294,79.76489901,87.31889627,38.1049892,90.67619768,88.54725239,6.000887183,84.81954209,34.41612975,88.71747168,84.69915229,94.21390915,29.74274819,32.63079782,46.75300814,53.70493781,75.72525398,101.8998938,63.2754672,0
70.43639402,39.31692179,82.99075817,85.30058979,27.37303537,70.73603622,20.84700717,71.29957119,90.78734462,25.05615269,67.66241429,51.96237372,87.9859104,68.07531595,51.10403448,46.43180282,85.45415635,83.89937969,38.10268011,14.44161861,0
53.29465754,3.270032423,63.83214711,42.61650479,18.72703858,40.71466409,25.17499738,46.183658,67.65046915,19.25791835,33.70709114,25.49651253,50.45064352,61.06878878,19.06133665,24.0606715,34.09189777,96.04858483,22.66317301,29.89247976,1
49.99064152,44.10362807,52.22078009,29.6939828,50.9092912,42.47810427,94.41574958,48.3592708,30.38930091,52.88746877,70.57306834,48.41180359,84.55704447,19.94070201,32.25168139,24.97363687,12.72274994,50.84597565,53.74165343,54.73054165,1
61.45871817,41.79049161,55.81808208,63.80515654,28.81680329,79.94770155,67.62924715,20.46536441,59.46264382,52.02713434,57.69274949,88.24630072,76.77479058,11.00678017,34.32804884,37.01619029,31.88491241,76.22278876,67.52898543,74.12097784,0
16.69424772,71.70340869,6.444007209,13.98228083,91.87597471,14.56431568,99.98993132,77.75189684,38.1026867,68.14535621,37.46853228,40.37984853,52.97405988,55.46662509,53.41073738,38.2018567,27.9116467,44.43239047,69.1266505,82.53241727,1
12.01268172,47.66729797,17.22020492,3.347577526,51.49471519,7.795233902,64.32202354,69.93966244,41.37097556,45.86491483,37.81378234,39.61145163,56.33958791,50.80919132,48.95680084,32.97054385,27.41830808,40.23916702,47.50579557,81.17238051,1
43.80335675,42.01288417,54.90850792,54.1410413,55.53611361,56.12776692,28.30628545,91.18717466,93.83572264,52.00358238,20.24034553,8.740850003,28.30158806,68.68805019,58.55389015,38.14355964,57.74237557,88.68577058,2.684061764,34.47004975,1
68.46564134,45.1857607,65.00358647,49.49962973,57.96344778,47.4722606,108.0008345,37.68480678,29.67609055,58.31223919,71.77013174,64.66500978,91.13643191,14.50858251,51.56984761,44.96754062,23.00049166,41.77625173,65.75349734,74.24159308,0
25.67077396,20.35398939,24.71949902,23.8512904,37.38295253,24.83838382,59.43027367,51.44177923,53.17977602,48.86450074,21.8887871,26.10227214,36.96888071,41.80055307,28.38044343,20.50453317,24.72899858,57.00698647,38.85646327,49.73713331,1
51.11606733,62.3877494,49.53137607,26.88660434,55.39317312,35.85306859,107.196218,63.17363637,21.09115311,61.60926688,76.72167874,59.29229857,96.25779575,26.02248946,35.11694632,36.99747127,20.20317577,31.7516411,80.51973609,86.30938212,0
32.24480699,38.55683316,27.76733893,22.82154534,43.09401248,35.29375646,64.78624653,58.07618739,26.70049614,60.03078123,43.62918451,50.97092039,60.92288606,43.48383781,30.22221603,22.49341563,3.206059328,33.01185191,52.44881018,77.25306343,1
40.28082636,20.06742246,54.64431037,39.00601644,37.38636396,34.24486688,29.77998129,57.85548794,83.6059985,39.38002359,13.73667796,5.630157312,43.35649299,66.23129451,42.42724474,28.45601196,37.77498473,70.33474344,13.2229808,28.06425522,1
22.76885787,26.20936895,37.49964974,25.77399616,54.79080143,22.73655971,54.00224795,60.90140377,50.68170033,44.98244059,22.26760289,15.47963101,51.28973476,48.83614645,35.60225868,30.25940636,24.03857476,56.62625088,34.88827118,39.00822253,1
58.75860441,2.733370864,50.04642173,46.04240689,19.37855069,48.58650524,27.84804297,42.50648205,70.33879394,16.96602369,28.01918384,28.25545981,61.76627206,53.96880855,20.82671741,24.45207197,38.91593777,88.09409913,24.13069945,32.12549665,1
62.76815777,11.45061977,57.40484604,35.55823861,12.81352304,38.73588739,54.31033492,47.09091003,49.01740085,18.41858264,50.61471058,38.38944822,57.48394631,44.52073381,3.584236253,14.9283045,37.74821566,57.36319249,49.45494768,34.62832197,1
62.11751124,36.41662315,51.63060548,53.4382969,37.30622816,53.59758716,24.05728997,79.00199728,107.9558122,31.75023147,24.41827286,18.5318257,39.84444096,70.81951198,51.32131485,42.65954277,76.14015477,121.7124544,6.575132963,26.508081,0
65.4313342,11.24671983,60.40754044,60.74478037,7.894476529,53.64085774,46.67499757,44.29813726,82.01852298,13.98547273,52.1184884,40.72512137,89.93935305,51.87586935,8.094291208,14.848692,37.03468015,93.74699923,39.90191159,43.29170742,1
10.17214007,63.76660353,7.31605168,11.72180459,66.31923093,12.27346997,96.13210267,95.69947709,42.8196155,80.47031923,38.39229002,38.79145191,42.68736215,72.96068578,50.10907237,42.78231802,36.64814114,43.29492457,50.56979772,83.13683677,1
11.90821787,43.95013543,7.230896771,8.499955597,76.50692663,13.11888751,74.37977867,80.5073852,47.06788621,72.48715233,34.44643831,52.23017134,43.10700943,52.89899106,49.00788813,39.81898271,29.63047879,43.83299233,60.79788131,80.18042984,1
55.65900002,22.75634342,77.05840778,60.39318653,12.81555095,54.71451839,50.89109304,25.51180126,52.65069228,27.53426487,65.35419798,64.69296003,90.00292867,27.82817326,14.89349871,18.57670606,29.24837354,60.65576766,64.36086096,39.18258539,1
74.18275984,53.47328601,61.017209,51.89993196,42.89751263,65.47187788,83.58742438,15.38404139,56.94530849,56.86060523,92.20968132,75.23491602,97.47112721,11.12616403,45.87688827,39.25775609,32.07772201,60.77592351,69.02672057,89.80000925,0
29.33378816,50.0654024,27.04267546,38.47683563,76.71141709,39.54887602,71.20412872,94.94212687,72.30457395,98.84153347,36.03176921,48.31279319,13.25243863,99.23227715,79.96711674,76.46072854,65.52474838,65.74289431,38.27651839,85.86985734,0
58.88128098,45.9694658,60.50604585,64.52665855,37.78125339,60.30579311,87.93502419,17.59382323,60.23413089,39.75058301,64.95505723,61.7441684,99.00137159,18.11439238,27.910325,38.70820224,35.74730086,84.62687208,84.59438151,56.80907795,0
87.77174854,36.87717065,89.0411865,89.43902755,18.2509357,69.01964282,48.5946675,28.01451065,110.5786354,21.46325179,58.04142184,50.77959996,101.2469854,47.15429018,36.94132045,40.23436392,68.16186684,106.2024173,78.86747504,45.70137623,0
40.93350482,34.01859326,39.25411499,47.20968116,52.88241284,36.12009355,36.22080966,110.6642089,93.6366643,59.74467282,7.33125778,9.167328526,26.76921208,61.85485845,64.04427185,40.18975377,47.36764352,103.3796447,13.72572451,48.68415272,1
26.92473305,49.81257416,23.58172203,22.79957499,64.73785284,28.43389921,96.91739784,69.14447241,26.92223604,64.47883411,63.71879591,75.22363042,63.94574593,64.15885399,53.79348676,36.4626236,23.93503761,19.57121095,66.20799256,101.4263249,0
84.11823599,25.59308968,93.59629613,79.37992683,25.82948897,68.2642749,20.16113515,79.0439807,111.3281182,11.93248212,49.2822074,43.41173187,60.21355015,82.17143819,35.42531864,38.37041846,51.76476737,78.7670635,39.63617576,9.859614888,0
67.79971231,48.1458966,100.5306934,74.77778791,36.75114638,67.19870682,11.62511234,67.65938192,114.8627549,36.38030502,54.6497302,42.84158561,95.94243495,88.3863757,51.30675737,47.0208264,67.98002382,92.46427228,29.33984001,9.336213749,0
68.88688878,38.53587833,85.92786723,74.29174887,17.60749339,71.50503595,58.69327688,18.69455787,85.16874322,30.97629186,85.68160564,82.15092463,97.26031151,29.85862455,19.86657758,28.2107634,41.08839319,82.15163361,53.93285917,49.83370363,0
99.8378463,56.45743962,106.4495916,67.69927422,27.41994392,74.83725219,70.37302854,18.07704755,72.24169643,34.98514575,81.24546046,79.76240351,96.59800657,44.04570366,38.95959253,58.77367029,64.84037407,81.44753116,68.55499474,53.67991726,0
94.45482579,44.92939052,105.5034295,68.69305808,38.20460583,61.84909121,93.65715697,4.332999631,66.93557691,46.40397347,75.72604173,61.99411996,113.4855923,31.9789026,43.09867814,33.95429907,45.05028223,99.83052296,87.50717886,77.35038207,0
32.34170795,48.94213791,27.58505751,23.73311399,68.62300138,33.69124086,66.18712828,71.55781445,20.92417657,56.38133496,47.15485343,58.59682521,63.84457093,38.20132275,39.21466981,35.20231172,14.09838447,27.03082398,56.77327122,92.26564549,1
31.45469808,15.78779367,42.05900233,37.64891583,43.71946501,23.74586728,49.22745348,85.21856274,67.09990506,44.40424224,12.9555596,17.39871284,50.44592211,56.99036589,36.98053078,28.84243708,36.59756334,84.76398686,22.89767455,46.62000458,1
47.42553829,37.6677986,68.66176391,38.41875396,65.87091083,49.61754823,28.84857738,70.99160612,101.1517956,48.11084947,17.96994524,11.85542618,29.17617544,87.48431477,58.5958509,44.89339128,51.11145003,75.52253844,7.648184581,41.69787455,1
63.32409062,67.20764591,41.08635461,43.71275763,61.40691517,52.0370366,82.656654,79.00707898,4.801501899,90.97020159,96.75009921,84.56226171,70.59609912,43.75456851,54.77821448,62.44693809,31.45356672,12.15529387,81.40038813,87.26548115,0
89.20121192,34.44602595,85.04516732,69.26420249,27.12872417,71.87559965,20.00191004,56.92278682,108.479842,12.11590026,47.69561413,42.19782947,83.9021378,62.97826139,42.61690022,42.46680235,72.48596264,123.3028018,38.23554766,16.69676507,0
26.11054221,43.19276385,32.66451815,22.75098414,69.6145462,24.90576912,44.9481067,69.79963984,68.19579864,46.29786309,8.91654665,13.902941,25.26888128,88.97133976,41.88668939,37.50582709,41.54532576,54.77548946,32.35012291,44.47330626,1
25.09416468,56.82103958,16.43817308,23.93665732,94.44203275,31.00452313,114.7209693,68.88925723,28.16121893,100.6168257,68.69582124,63.37310866,67.97722677,59.77704104,57.26635992,54.99684372,36.8553192,25.55444532,91.78259719,114.8509641,0
85.17999356,28.86494758,67.39565442,66.53399981,4.530281804,81.7417623,54.13822557,29.08617345,68.47090531,13.92088806,60.94414912,58.1937363,74.84764829,54.10848427,14.3315976,30.83039796,52.54345525,84.506164,66.12953786,30.71214857,1
52.95598187,15.36388082,61.26880287,41.57630002,9.139454705,44.84508447,46.38923887,41.78690566,92.4058361,9.535476313,48.38752544,32.94237469,61.92750113,38.89321353,12.42131916,20.5773591,39.32890571,81.76103242,48.17484166,27.36631152,1
71.41714654,57.67718244,79.92583965,59.22531456,37.14141481,61.86937511,89.96861447,24.2771374,64.06848435,43.00031855,92.3203663,65.72495654,115.7092081,10.4205868,29.5769581,37.86477067,37.45737097,78.17313942,64.57845749,76.62422198,0
47.19261378,51.43399695,49.18880366,46.67758358,54.19855323,49.57796675,105.077722,80.33035179,4.983478569,89.80295471,65.67951275,78.57059423,73.34404044,37.24456149,57.34370923,41.01164572,25.61815559,13.1108701,72.78823937,76.48614095,0
98.87596748,30.26542393,69.28823658,64.24629415,18.28836368,58.32424157,27.07004615,66.29313758,95.53083479,10.1796785,64.50256128,41.70751237,69.29933111,54.2582202,42.73937182,37.82974826,47.72472858,84.9930407,47.58422053,24.78464638,0
73.89371781,27.13353418,75.18640844,81.6986574,28.01796946,69.10166126,10.88980214,75.64598443,81.23186552,24.51093497,39.05595108,42.27485453,92.09337668,78.19436175,46.78908271,51.32653271,50.09810332,101.8856439,42.21657387,5.580920769,0
58.83030276,50.67547536,76.14566683,49.45309374,36.95776161,64.32829504,86.41924615,25.53742864,42.61219707,45.575521,70.11925403,91.8100877,97.88653301,4.529010052,25.43825653,38.95837823,31.48702743,58.43074549,80.48731351,80.13355955,0
16.08391164,40.63875277,17.27110115,4.853700355,57.55184072,7.69155205,55.22017282,71.70775456,54.84820548,43.33488868,25.00910494,36.65007248,37.26368348,65.38367104,40.31239427,25.49058368,34.51994134,50.97596287,44.5885634,49.99982804,1
24.11786042,51.33917699,22.98181754,33.18842661,75.17794724,23.45881122,76.77620308,100.801079,76.78518343,65.47370513,32.15062336,43.09013167,19.54041821,84.25147983,58.10962134,65.74944855,61.36257422,74.74127532,51.80399124,70.2944889,0
22.23441234,59.29316601,22.55361062,32.83988606,83.03904942,17.96403671,87.56494477,80.02812142,84.40392866,73.55269076,32.6238847,29.54536642,14.5732912,90.01980996,50.34532521,61.6298466,64.77972248,57.4128915,44.30230972,60.6564848,0
46.27855577,6.451249782,52.81944728,43.35580897,22.6960752,39.74655684,35.7481638,56.88376847,51.06596046,26.34899632,21.2713914,23.35965493,57.96268463,66.27791548,17.4723885,16.9830131,37.90994409,67.52718221,33.97865071,40.10952692,1
17.63678392,34.23836946,19.61277601,16.27339427,63.70167179,15.1758933,54.46973917,99.64136442,46.07366986,46.17674128,20.64954601,18.37859247,41.43769901,65.55523871,49.37673777,37.47853895,28.57060351,53.56572731,37.70181618,47.96409188,1
98.11115062,39.01771536,94.03943515,86.87363181,9.046729112,65.6862055,41.2296413,37.02241072,95.07506346,17.10540526,69.95886839,52.96050953,107.2863669,48.12682115,29.03438288,32.42213455,57.84916521,106.7713524,53.7395079,40.56553921,1
41.77798201,33.28651186,30.82305294,26.43364166,40.04749303,25.6010471,79.66838948,65.42531165,44.52507241,39.70947569,38.05983254,37.55872882,80.13167292,34.15636886,23.92997319,12.96217692,6.250887929,42.03588047,41.66524959,59.83628763,1
97.86395664,34.82493986,78.83544638,86.85155138,19.41223047,70.75351517,30.91613462,58.06079475,85.05820563,21.2196106,70.13178469,55.16385554,76.76794115,68.4062697,36.41603785,52.40316247,61.41649097,129.0237152,51.37781069,24.39457535,0
54.48061653,45.73911617,38.21229707,42.25430914,59.82674813,39.77923243,73.88071988,51.36465482,9.422336132,79.03127205,71.54695529,81.56639408,67.97512822,34.42167431,58.31641901,38.23080686,22.66076316,23.31668966,64.15590456,106.5226239,0
42.60236075,76.29196405,49.6302443,42.258661,59.79204393,33.33279558,81.88737647,84.24767396,7.395530678,67.4118079,75.47255395,62.66426721,94.26675292,36.54563365,43.34387853,43.34821826,30.19628771,17.05125421,84.0144627,74.03097711,0
51.06417001,40.46720433,72.46468597,69.88874193,44.09254618,65.15723954,86.77640184,27.6190308,48.11790198,47.70017962,76.14541585,57.62180574,110.78244,5.156807844,43.08810523,29.57901558,30.6687682,57.83842207,71.69946271,67.82067408,1
36.13721997,53.97249389,31.58834874,32.98444733,76.30928955,30.90039043,76.58459996,96.41336037,20.21197473,101.1391425,67.27591354,66.94127049,73.44307924,59.28625443,50.18206894,43.69087113,35.4151974,16.40117178,70.13152886,93.51537048,0
14.11110338,38.27944989,23.66013915,6.834612377,52.75876118,11.63561894,72.56723613,71.77827523,35.43129063,66.40582082,27.10009142,32.16446421,54.03981515,48.4712643,34.07412369,30.76791222,23.83671334,51.62349084,41.70724474,71.41914723,1
50.1573081,61.65274265,44.96864247,33.79789481,64.53619596,38.04520556,111.377132,61.9567745,11.89932831,91.19209578,87.34849396,74.94895208,96.11148804,37.17212942,39.74589269,35.13975007,20.79804829,27.45344384,89.25440777,76.15827811,0
10.59171794,49.62385541,14.9840975,23.79478717,65.24902094,17.4396569,96.87631331,82.46231459,44.36865077,72.78661708,36.15358421,53.7309438,36.62732109,73.03341582,65.08721637,52.93473917,41.0210057,62.97157795,56.97709412,64.32693467,0
95.77863681,50.70949496,92.46060163,51.43171601,26.7232575,77.01430191,62.78595425,12.69939842,51.47772427,39.66892897,68.93957233,88.19445662,100.4498662,18.14513009,27.08257673,35.7116823,35.49327839,61.46372166,77.68537653,66.48999091,0
66.68352402,30.4354341,98.89726578,65.70621361,21.87910497,93.8464425,35.55142608,58.48015447,115.325638,11.50091951,60.03622929,55.52062552,75.26516459,67.36837294,34.51272897,41.86945503,55.61121117,97.22205526,45.46459315,20.37913215,0
65.40454638,48.28923686,55.73815688,40.97836075,46.93673339,69.49768469,87.03207953,45.43721664,25.18880477,58.86029684,60.50274683,75.59330518,89.86178764,17.808019,49.74017401,40.23709348,27.85674685,36.43147028,69.9334063,95.58215906,0
86.93674636,19.48344828,70.42444093,60.34354112,1.658295532,48.58787487,36.25614297,29.74013977,73.70099532,8.881537028,44.92873751,38.44757345,86.3386874,42.30679051,17.14481319,32.97068765,40.96801174,83.09533262,38.90785826,40.31589367,1
83.08683843,32.44003735,66.01587351,68.79338394,18.36212529,60.04770068,44.61168009,57.86462012,87.42052136,13.70063549,68.50994664,67.19470248,78.70636825,65.71318414,24.22803077,43.71884937,63.39321735,87.36350389,52.52752846,26.26979608,1
59.89070093,12.58710212,61.65688976,59.94877615,8.637880325,45.76747161,50.88879968,34.06384994,60.49422493,13.98045056,35.86230141,40.79566154,58.18754005,50.64218527,7.941592721,18.14601065,38.40067288,78.05717347,45.88404085,39.10494458,1
31.99946556,18.78592441,32.24578897,33.62673058,31.07929872,27.94053943,48.84241654,69.6639472,66.45681418,31.18521113,29.38130156,28.87424371,63.97423979,54.64369522,23.1074649,9.626757201,19.70565139,51.04617533,42.95808969,38.94002193,1
8.034337447,50.70492407,17.02867015,9.661706349,61.59917811,6.313047197,78.54441311,99.32286512,53.35043044,68.64593218,28.02706836,31.11255967,38.40733832,64.59617303,43.87061927,41.00587524,28.80001683,60.70678174,39.69996595,52.80550064,1
51.54292625,15.65883439,60.94751372,52.29541629,7.535557159,50.33600608,35.37388751,47.07248878,73.14819911,13.19705097,37.45226314,50.11239122,93.19894977,49.3451345,7.396864792,15.33433533,33.5040818,84.59801341,52.32101915,35.47144647,1
8.991849673,46.16452129,6.618375939,12.90737205,74.93366088,11.01885791,92.59186847,92.11663302,37.48695457,89.36419299,35.27062932,59.44855079,42.82081258,67.86819406,58.40295736,39.18815081,35.48256248,36.35097483,73.5776884,74.43757984,1
38.77374548,6.833740777,48.2965347,40.31733038,21.19157192,39.10638945,36.52832875,37.57521001,56.97162973,22.99123027,34.94820994,31.93172662,60.98982979,49.62535106,6.970635401,12.65322966,34.27900758,76.39442978,45.31695648,34.92254556,1
67.41471881,57.25402324,78.73030976,65.87012369,45.00734581,67.36734323,103.7022641,40.19940627,36.65789022,71.18089997,75.98037998,81.62834889,110.5403425,5.686250809,34.30690136,35.72940086,26.78883696,59.93816219,71.83039879,85.52626205,1
109.7235774,46.30999134,101.8994455,61.6583681,23.85385679,65.60662821,56.76097426,8.455333623,67.08313648,39.17928152,93.36606145,96.70401964,102.2970441,27.81416498,34.03068938,47.07197583,62.44382996,98.00168904,93.7478897,78.08757258,0
12.72010063,43.29979185,7.109544466,15.90836964,88.5076295,16.38476829,68.87187404,89.49053315,37.31025939,60.05609533,55.90921095,50.69362418,61.38872048,65.64377528,68.74133634,36.42090926,27.57380592,40.36267528,63.36932,70.99943242,1
34.44924431,8.140688149,48.60298073,32.88332321,24.64619308,35.80448154,45.8472129,59.00982455,52.29095471,22.42429671,38.83192581,29.78350185,58.56069048,52.48608911,15.29498116,11.14959343,23.03062266,77.82678665,31.03849309,44.60218064,1
74.80834414,46.7338323,74.94046985,67.66349568,43.72103031,63.23730752,22.57992656,79.92190843,105.4345649,28.45682304,69.51407355,58.1386492,87.25711823,81.95880295,47.79860943,44.4530683,91.8409403,123.5894915,53.17972855,14.03531283,0
59.86777012,42.26720886,57.03123163,60.30506046,19.87341793,79.96650896,71.74097823,18.78880455,70.65803786,33.31867067,79.32936956,61.13052423,108.0744818,24.6115549,19.78742215,20.97303675,35.19337393,85.43820123,75.50379735,41.83247275,1
87.05165529,26.73537968,77.89189708,78.10740451,30.21297985,78.25369314,23.83191968,61.57297311,104.5367357,19.85399631,55.10969668,49.55815544,74.74089656,72.18636619,39.63865234,39.2041556,73.44963692,128.347095,53.54926394,23.02931868,0
62.21603141,25.95264909,72.36049449,67.62270368,49.91949876,54.56879315,10.50244976,80.14122923,102.9351009,31.35233847,36.18078026,20.48448233,64.596118,77.99919233,44.75468202,46.57273615,67.10151382,121.5531134,18.88187723,12.77138751,0
30.13947339,42.67256642,27.63504692,26.34549715,38.94707684,22.68135491,78.7985102,51.08463713,36.66255822,42.3424018,56.80342596,53.18230289,72.4491608,45.85546899,35.9351814,19.16612991,7.728978678,38.70034107,49.32126922,52.28124653,1
100.3118911,39.93489443,103.6683926,84.52515436,28.31521295,90.30277853,24.07613129,57.66353516,105.6952287,24.37882704,55.7679713,53.64054003,72.26862092,76.38149531,43.55686655,43.77833176,84.76409114,97.47379705,55.34117707,19.57414121,0
58.23564413,17.13997024,86.53635383,69.82480301,18.14436151,48.0897287,22.53592961,60.02377161,101.1823804,8.133410118,40.22529364,34.74572504,82.62120802,78.42437861,28.95359273,37.71752955,67.84698482,115.7390413,37.08619125,15.96351189,1
2.512422055,58.94111357,8.707814333,11.43386767,78.2736548,6.887404845,91.74774133,88.83170838,64.23057501,58.18505442,36.96160872,40.46625098,39.66685646,62.72289237,52.84837525,55.85010223,40.73864377,60.758399,41.77572153,88.91382469,0
56.64177889,50.44660297,31.97172032,41.01371245,85.02144389,35.21199527,97.55354759,54.70012197,6.691233137,61.21447165,66.01217153,71.35740641,100.2162776,44.62359179,58.55883924,56.70762224,31.05876644,12.69715324,72.77695202,113.1092259,0
69.33676901,46.48981993,88.55862654,93.44151944,24.81019804,84.95181814,62.87786369,14.19456445,61.89776947,29.61930387,68.00109793,65.28500451,84.27930726,36.69121679,33.04228708,50.08835843,49.31013583,75.2715661,93.09233464,47.76709847,0
80.16444307,62.50685939,76.74390531,57.4130825,35.85660672,46.40071399,97.39062565,39.54894833,32.75808127,43.74326683,90.14499559,66.01567737,116.2304152,7.848292316,44.19882753,36.58233748,23.62081078,42.67630535,70.59426804,77.71173308,1
19.12406847,25.30911363,35.84681549,24.85002686,53.91346974,20.27555594,62.49988799,85.15045212,54.68653781,55.56814194,12.6901956,19.22674169,29.6232847,67.47486864,33.91077741,27.46925445,35.82655121,70.38334806,27.61870386,41.19287835,1
93.5188845,32.58796848,82.0321584,82.66412239,37.00385095,83.55748699,15.11001315,92.38739316,105.6664569,30.21905768,48.7670685,39.72303109,75.62908758,89.90206663,44.64978194,45.31676841,75.5560051,100.6811097,40.99592326,8.001600977,0
109.3388759,42.28567732,105.0033382,94.78957858,22.78532846,93.53430422,58.77074178,18.87292017,75.17066603,33.93289275,62.81239245,76.71284766,100.5804925,58.650571,34.02198983,37.47197213,52.32904812,94.66791491,69.28127945,46.30466723,0
27.84724761,33.58935563,33.99671903,32.15228025,65.16235621,25.04820688,48.78486305,76.99399572,89.78217157,62.44810205,7.496403336,13.77214613,27.22419201,88.88277625,54.35247067,40.48842993,42.76091093,82.51390283,18.58549635,40.87866748,1
35.63382449,42.44779573,46.55992325,37.87287904,44.78711182,34.53010146,38.01869502,105.22994,57.87443968,38.29836319,1.498093409,8.377638501,26.10650725,93.95498336,55.79936662,37.35650614,48.50199748,63.35910823,22.97255218,55.68524125,1
66.35177136,54.8520564,47.7562842,53.12873365,93.08570553,64.13527838,95.18877556,82.90690415,3.666472883,66.39996988,82.50903616,100.7348331,82.7144261,48.00504081,49.09796663,49.20338361,40.99182942,12.63111622,94.1312611,116.240791,0
48.06480733,45.44064937,30.01370929,26.83095622,61.98761471,31.10564035,95.35623629,66.43599882,21.08537909,76.02028993,67.2285912,51.31435407,68.90358935,41.33164088,45.11110218,28.4208523,14.44032545,30.14081445,69.88807062,86.22081788,0
42.1644894,49.00555428,43.21086186,22.34044736,60.84658869,38.38335256,72.10581085,47.39327468,20.20034956,69.36831617,54.19559471,48.91661428,76.45379821,34.88137044,41.51010807,23.76053298,7.649543012,32.5950628,72.63988087,91.36792595,1
44.1041356,57.87328797,41.41859705,46.56608609,67.74443136,56.58133008,106.4337663,48.12191213,15.01101929,90.99859122,86.99239955,88.84831027,105.3800595,33.80346379,44.69475914,52.97611768,25.18529354,28.09627095,83.21638697,103.7881412,0
76.8875143,37.99040189,92.88984807,81.19876221,14.29798461,60.56500338,55.09287603,34.48440748,72.96438779,26.35613837,50.93363409,48.60976705,89.26158522,39.69008003,23.39095561,36.09764147,44.68766742,86.12149245,62.99375669,36.57363162,0
36.70832398,47.08329566,33.63198845,27.57131226,63.19035626,35.6222987,75.73605406,56.74719801,24.56112438,82.25523225,45.83394504,63.03044817,52.80031054,49.8569843,56.33302852,30.42844885,17.30709417,20.05835897,60.14440321,93.76727673,0
48.15657004,34.773957,71.3008279,50.36036074,38.77515291,59.15121602,56.14522083,39.38220429,50.65264563,56.55624866,72.2418376,74.4536529,83.14854605,14.4045317,27.85867155,21.34152435,15.77845788,61.30261936,62.41834947,60.2979863,1
79.8966644,46.76636492,77.00849423,65.92534748,29.9620194,82.96372908,58.01706671,10.16249307,61.27836214,42.53374559,77.69650156,62.98502932,121.679596,20.12924783,23.07012002,27.5112698,35.4334623,76.53714295,61.86265264,68.72787047,0
18.7643964,30.15788524,28.99426828,11.45992315,43.68523921,13.09105983,49.79998157,84.03231659,58.88626559,49.88861689,27.74768343,32.37076751,56.56365705,52.4229182,35.25942203,17.65677911,28.55672279,57.94134501,39.7430692,46.98695894,1
95.69192689,36.26028246,75.01522731,64.48911242,19.99497336,97.23890433,47.82473908,57.88767414,111.6970146,14.52564566,79.52179692,55.52409362,87.28499804,70.56213375,33.03058293,53.11642523,65.48527762,99.96773725,65.39628514,28.54692463,0
57.50033381,11.18468588,74.94792604,47.12144308,28.26247272,49.30514977,26.28497577,65.73859111,75.41936163,13.62975659,32.55685405,23.14579449,53.73229354,57.72108021,20.37729446,24.38466844,41.0729577,72.64987603,29.72039695,17.27434598,1
48.08965395,29.80756929,39.99495395,44.62886755,52.54873283,46.25891755,33.06932115,67.28289052,64.67392018,45.96574641,13.43849223,3.726223043,34.43532413,62.26091114,32.68364615,32.42528964,51.92343601,84.80659533,7.927167981,29.17714482,1
68.10058666,46.23811237,53.12661097,55.99301661,46.31862882,56.73925336,94.10547171,42.38839901,36.43285247,63.40600291,88.55429584,66.85441279,86.0534542,9.912245688,33.33214,28.74420001,25.49312298,48.07735028,92.35186515,95.0352302,1
35.97188067,18.7834565,55.56859058,43.35125854,34.0554322,34.02132721,24.98417355,60.64391934,74.07448972,34.35436114,22.03303691,14.43847831,37.76171611,49.63763991,27.20152697,33.50583573,35.83745138,71.2538276,13.53558608,28.67953464,1
22.92148665,35.83420475,23.4921911,18.45701162,48.95372773,13.9675757,54.43332177,90.25972617,61.56773058,45.64992277,18.97029786,20.72393038,42.49373905,50.60319657,34.8144451,34.56113964,27.15786017,70.22480542,29.0182245,44.95870318,1
49.06712128,78.0284129,69.34043637,62.9640482,76.30464305,63.94144506,100.346413,75.54416036,13.58197197,72.28019838,87.22951999,99.0191244,117.4715182,60.70208121,71.9173641,73.50109477,52.31411823,11.20464924,122.1552406,121.2360561,0
33.80620339,65.94935451,23.21745141,34.89051598,87.88571538,41.74004429,93.32009515,98.07394536,20.30392068,73.81032277,52.87197246,71.54493371,63.93940627,41.91147061,68.83653641,61.48913727,25.83918069,16.25335884,78.9072533,107.0936408,0
26.41930444,63.12550631,23.58437029,27.96516276,66.24248086,23.57564986,83.67991685,81.65059339,27.54034908,58.33464537,70.77221321,53.57641282,57.27597596,50.13426521,61.41958913,54.14738336,31.9425525,16.62051281,58.20964573,81.70037437,0
64.87702914,12.0823898,67.81333916,49.55429797,16.74812974,44.99823194,41.10293087,50.8181666,63.94076899,20.06617947,51.1641625,49.14125854,59.22708698,48.23501154,3.375982565,14.56865879,28.28606784,57.45469309,37.32333793,38.87287487,1
51.24510091,34.33016773,62.13888415,39.61933877,35.55550379,54.1836058,67.95907528,33.56028723,27.66490555,58.61944717,47.41647869,64.95000987,98.95925521,18.5891809,26.17642164,28.44265292,12.51334593,52.79097978,61.2373056,75.00258357,1
76.78898203,45.85625121,75.28709089,99.15445409,43.29458014,90.36038134,14.22272904,101.7415645,146.6945427,42.81770957,60.21332169,37.54675461,91.34217461,101.6385359,60.47192695,77.30791349,94.31189541,139.2258143,31.36550081,23.75455101,0
29.51302418,50.76608535,19.83125092,21.6566367,71.49900232,29.6834882,107.2554479,65.01529074,25.3265379,64.68147439,50.83089314,64.28966639,63.2299271,45.97349835,49.66794687,48.35142978,19.37620609,23.43835739,83.87560701,83.43196121,0
22.00918708,54.05145761,25.25250879,22.9547954,74.79887269,19.44476286,109.0782168,75.31554631,20.81564893,56.42217471,60.75566815,47.02202081,57.54170807,45.8047591,42.5073562,38.90207946,23.09974041,19.44996779,83.00137629,94.59947471,0
37.35762334,76.10192474,31.96346648,31.31475892,69.07024796,37.16262483,96.33109507,88.20581972,8.709005,65.68997263,68.4151241,89.40510959,95.54693188,52.01635003,63.25809983,66.09145877,43.0869445,5.313009279,82.39947403,111.7485531,0
28.9429609,44.72935922,28.39386691,28.42141128,49.84460642,24.83975202,53.60825872,92.06905427,68.15886521,48.520618,7.265456013,17.33152807,28.99488837,73.77477885,59.95451431,50.35989483,48.05066135,85.16698556,28.73422543,42.98841424,1
27.16347025,50.71155225,27.54443183,42.98070861,101.4285664,36.3865823,79.20009332,117.1178437,93.16855161,96.46521389,39.18868799,46.44974838,15.07432864,96.07596491,79.40153618,71.94432678,72.70347807,81.16590886,49.2395405,81.68221473,0
60.58676998,9.141880943,53.07016791,43.31507773,27.72280624,34.55275242,30.98191829,60.24243586,61.89751098,16.38175323,23.20339669,22.84990836,48.73591938,52.84151069,20.71083045,24.57842428,32.89542572,87.54850954,28.80371239,27.87277639,1
77.11995194,60.6532886,77.84034205,63.04075448,35.97972668,81.27701415,84.01396844,18.99365116,51.18768506,39.43422683,88.57153799,71.24860108,116.5569371,12.51707244,29.48742635,31.22418959,34.15623465,54.83999189,89.34199844,80.85870915,0
49.96105927,10.36499759,51.01745334,35.56780896,27.56804518,36.75116027,47.20116386,57.2180167,47.26456114,34.46889781,25.83720639,26.6918817,61.54177503,39.82307442,17.94261569,6.16829339,24.49875645,57.1594881,38.36958906,32.64027872,1
49.39239121,20.27578025,60.12553084,47.88386743,34.13131224,53.79637586,21.98192677,84.99920288,102.7599821,28.10405294,33.13709409,25.23193111,55.3657796,58.76457195,40.49370834,27.60385075,46.28420842,103.3533212,18.28084115,15.01205914,1
44.55359004,26.11386125,53.45017111,29.10905056,35.8641726,35.67878929,60.90440118,38.39110335,46.94734985,42.36389356,49.01238787,45.10943993,76.49995939,37.86421459,20.92452243,9.284918732,9.781410588,64.04246451,59.33915775,54.13708848,1
59.80263728,65.5554701,52.85977444,63.06714071,52.88492577,58.71532885,107.5970795,23.36474743,53.28431411,59.66988031,87.33217817,87.29681872,91.93104368,2.312575138,30.21852825,37.02208647,31.29953451,60.53944003,86.23543409,90.84045708,0
31.96081528,26.58786037,46.06110981,33.46876157,48.18076841,28.88886557,39.54304064,63.17537024,82.79549602,48.82884199,10.6432958,12.39672827,31.50481459,60.78233854,40.04817563,32.93391147,50.66131162,63.34877336,21.81820754,36.27324689,1
72.20670599,34.78386175,96.243447,56.15568338,41.3134342,76.99594957,9.193337862,79.59358517,127.3287698,23.10845856,38.13343998,30.5315649,57.84894701,73.75926552,41.14277673,56.30606447,75.21645015,95.59316156,30.18000909,3.871093412,0
98.23739965,48.83353764,96.00237392,63.50351694,31.21347378,74.13100915,82.57488462,13.27196754,54.39824029,46.65145425,86.70834548,54.77646313,94.3425909,21.06969098,29.99630707,32.80391576,42.6916328,61.41122777,81.57549403,70.88887025,0
30.05829237,47.87258408,31.23276754,35.7462931,53.44390633,29.61096571,44.14160282,74.15916271,94.22884151,69.9163245,9.491788422,20.25940905,18.34841076,72.16879332,70.06496452,38.87121278,45.17816243,96.50244578,32.70118941,64.05413327,0
60.85945549,38.22191569,79.59715763,52.30177646,24.3851013,68.38747616,57.93284606,15.4496117,71.66443689,44.34931819,75.56503065,74.01796947,81.85016932,19.4096716,25.05449504,35.81531045,36.58415805,79.2271021,79.08199191,78.37180987,0
11.60196108,67.80349873,8.772966452,26.9193356,85.27384344,17.94534381,74.56520419,117.2046277,57.19245984,95.4194569,38.3973997,39.36081333,44.9253255,72.10215256,65.52851762,65.02716595,57.27672149,53.98269273,69.65192139,70.49774965,0
43.38897864,55.19586679,40.09387664,52.56624487,105.9649293,47.12334226,88.58087921,89.00668047,107.4304001,90.92932414,40.72803178,42.08437142,6.932279309,120.4261439,74.20141289,53.88186182,58.18980874,93.68775177,41.67680615,56.58323886,0
67.10208718,22.28414072,71.79166862,54.93386111,28.89429354,60.62502438,16.3541063,64.35729612,97.89810061,23.4508046,41.52792388,31.24046383,61.12380643,84.37756626,38.99066985,28.2661909,55.11817451,75.62184398,24.967815,11.79824546,1
10.90837836,30.46470461,15.73170244,7.423282684,65.90672805,5.591718775,52.68669938,67.7479205,54.95162485,66.47342542,26.78342615,33.09807958,32.63349775,68.62496938,35.83748405,30.11178888,36.87652664,43.28173194,46.7584772,72.24104552,1
13.63423914,64.50010415,18.94227847,26.91012562,94.80537989,18.90821845,72.69537745,120.6834535,57.47800002,69.89530458,25.21152402,44.43498171,29.10206215,85.76283944,57.05745974,50.15885855,61.74833516,61.73852841,42.25377785,76.92791996,0
35.5617154,66.91516054,46.979928,26.53897611,51.54561472,46.84273524,83.52561839,68.49428105,12.82587736,61.01263693,67.6637109,66.890454,88.07391791,37.68829203,41.13807137,39.79274496,14.68063172,25.60173914,65.72277734,65.42519976,0
55.28297884,39.76247134,69.96044405,48.71297179,45.78874177,58.97227272,21.01315398,93.31042412,104.1223594,39.45815668,20.42213559,12.31356764,47.98166267,76.54746119,60.87146762,53.06385955,76.52568953,103.1402024,4.210172155,31.04777558,1
64.58667476,48.28932989,56.65643575,50.36811406,48.51325561,60.86943597,28.83900111,75.99417758,101.8129778,43.61613327,18.99079283,16.52352429,36.98568638,73.81892369,48.09608811,48.40893904,55.86270929,78.86777055,5.542145063,33.30794273,1
32.35983157,17.12050084,31.28708869,30.25569416,39.75340506,21.05423294,45.51449188,47.05397328,62.61047733,43.76959204,30.55060372,28.31542825,52.76803405,51.59364804,21.52321524,11.96289405,26.7878099,70.53106187,44.92600833,53.17004404,1
78.01894507,27.70211528,91.72653312,59.25068923,35.54763028,82.53031153,6.648597271,87.24099215,104.1455388,33.75428514,45.67267981,36.30165809,80.43722044,78.2438135,51.00546174,56.68805048,59.52369326,101.8031805,20.79777519,4.183581993,0
57.17648598,57.14381041,63.51236742,79.5251789,44.68697516,78.44465192,71.12314645,21.86632408,58.4523367,59.88471749,68.9982006,83.78308443,101.3462994,11.8074646,27.78332964,38.51048766,36.41689517,77.93107783,75.18593682,82.1592068,0
53.94580985,47.05555889,45.05217247,45.34204576,55.20297143,52.43680819,73.32646742,66.86546962,9.023057553,85.30507552,77.09896219,76.01194258,70.21588101,34.04251858,37.52096358,49.02173661,24.05125246,26.1572673,97.67507741,102.2313584,0
27.64962075,53.22478388,32.61883737,24.80939035,67.0689322,29.31256279,73.18957156,70.77121996,20.46328508,50.50418193,68.41634362,69.30401455,74.57870064,50.07792796,41.31203542,33.94743613,18.48616892,23.62670814,82.74511451,80.52180756,1
78.84944846,52.97813654,62.83156285,76.67596468,32.44883893,64.33794008,68.56289215,8.542129627,57.69744821,42.20690464,57.97986808,88.09557016,113.1488333,26.90554896,35.22646257,36.34669248,43.81443189,93.01566077,69.88907442,61.57368675,0
54.2434325,15.7330566,65.48501899,49.45123123,10.69634047,48.09309089,46.79746996,30.40155253,55.91134832,26.27258841,49.05340621,47.11738394,80.94782806,28.48726734,3.883918766,12.8618032,25.64616912,73.01808601,39.57629641,52.18001964,1
30.70983192,26.42337054,48.12420763,24.88450812,31.42175914,26.2591154,60.49893219,47.04739238,38.91781206,31.94344612,31.55946689,42.8623781,77.49776217,37.62956899,14.161295,8.835275984,13.84134078,43.10877452,57.95706716,46.42872607,1
104.47165,34.84612993,79.58537355,84.13635804,25.22482885,78.17544462,70.27789629,14.80936718,78.51071168,36.29300598,89.40930967,67.31937283,96.67642587,41.87504718,29.93065619,49.01903968,47.40825935,81.58818327,88.1935748,50.73822779,0
56.02570905,68.46927246,49.1014276,57.44819295,61.95675729,44.41390022,92.139778,73.66463266,13.88615991,74.53509211,84.24735768,62.85590735,117.4163119,26.96542947,51.56772907,39.79085319,37.92087831,28.84885409,73.35144895,89.32097968,0
58.54152872,84.96593571,63.40609176,50.68039152,80.9389325,68.5343323,100.6704211,68.73829258,6.468223516,108.9699254,79.47603091,65.47285756,76.98948611,46.40758413,51.29939409,48.7026719,47.52426053,15.96459337,92.50980875,96.77186744,0
84.86609101,35.71106501,65.9718,71.83907789,10.27971756,76.03812747,70.56858048,20.98838808,64.05718859,26.11899775,49.94840316,55.67792317,81.18296864,32.7672247,17.92536035,28.9547006,39.14702826,66.74117691,59.32656517,50.8107066,1
44.16890175,36.10205029,45.69781245,33.42045918,37.0268096,44.62339851,53.98341048,34.66086157,37.19197151,36.85163443,59.17952875,62.83417535,76.97787741,20.92661918,19.76316484,13.27534208,12.55264287,59.86753998,60.52202801,63.32196455,1
40.45332868,63.15782666,43.46739485,32.70077913,73.5049024,49.36893314,80.2765267,79.48546333,10.74387393,68.8835759,79.68354193,55.00283427,84.75300246,34.26122359,61.76642105,48.79836117,23.29612838,14.76430339,71.41322678,79.75913866,0
52.44753211,60.11907867,52.76516319,56.84791379,54.55985036,63.94639766,84.58137956,54.09816954,13.47171115,80.32829373,73.22134869,96.54722255,104.089005,24.75309087,48.87856114,59.7323651,37.6955609,24.09825699,68.24515791,91.67311709,0
23.05844236,43.86135218,30.69596892,29.37374306,49.19362544,17.59481368,67.35889156,88.36769676,77.34060274,67.86914343,17.74206461,17.95023304,18.7627626,94.9872316,58.12847096,57.52917119,45.41736651,54.66492969,25.43001431,61.65961932,0
58.69451661,25.4005669,86.82409747,82.29256757,8.731279234,75.71186033,56.7703442,26.29110121,74.32168109,14.62140842,74.91040781,49.78793829,90.90678981,52.23067495,21.56193187,27.22637788,56.62197197,88.80157797,47.34469414,45.14107407,1
69.81053789,36.3889396,90.83741087,54.49010326,24.87465714,62.15833102,88.52334384,14.22130376,48.5275612,46.59751255,75.92203833,67.42670201,82.26928364,18.98525832,24.89085524,27.48022727,48.30904361,70.65364237,77.21691071,80.54626932,0
20.31461044,40.48969803,24.61714453,17.86737498,36.17000077,23.66470213,53.52851842,70.24981359,30.94650713,62.76407398,48.09657318,36.08938704,61.85690559,39.07259636,37.53849658,19.35546099,15.51066486,39.31100928,51.18078082,62.51234928,1
47.32892465,20.96799579,37.33355548,41.58085307,37.53892962,31.16982409,56.97177952,40.07140197,49.07741832,35.43665438,41.14003103,49.4375172,61.29674496,37.10303404,12.28239774,4.70213702,13.36112512,64.9250351,38.79563727,56.74141713,1
30.93915231,27.79113181,41.73922466,19.20560313,35.86567615,27.18376527,49.58495089,63.49951366,42.25077592,32.22021916,27.97042326,38.77702521,67.0676483,51.27724588,22.91704299,13.83947524,18.51593363,44.39154258,46.53901262,42.99673117,1
34.13059697,28.64236033,42.37178313,36.55028521,51.79882677,28.45803749,42.90940523,91.78794685,76.2153307,45.55107344,8.140366672,6.302730135,31.62670289,81.411697,51.48494763,38.21855784,52.5352864,104.9210146,14.84281433,47.5175469,1
68.99379968,42.05236379,52.99068974,65.03398936,57.70365791,51.46125901,16.76659483,75.33532885,106.3694528,33.20758813,31.37389507,18.93923669,49.86529211,71.50619205,44.44356879,45.96382562,80.19929702,120.316341,11.10821854,17.3494103,0
73.32158436,42.6291719,48.8206869,60.39458601,38.22410382,55.05975217,80.55555538,24.64974107,54.84228292,46.99326279,67.10942891,53.74246584,76.99595235,9.283275644,24.86322203,28.02990744,28.50629245,61.3931381,59.24343304,59.48533397,1
13.93943133,41.29947614,21.34027436,9.717596902,59.44989435,10.86701541,66.12965691,89.19686477,60.681256,42.26372189,20.31720579,23.15243033,41.00026397,59.83122389,50.86443523,33.36649983,39.13646298,69.0573737,32.47975233,58.65436805,1
77.09582235,49.22276199,61.00096624,52.53133249,58.96116499,61.2298869,68.87872952,38.18231855,41.05102736,46.49081354,67.20667591,89.69342847,90.99604014,5.281468858,33.93185026,39.87173996,32.90800666,57.50744922,83.80348052,78.97395072,1
52.82877209,12.41232979,42.64525624,48.82670148,23.33353924,32.57501612,22.88727752,50.50444032,61.53128848,27.8854603,29.76686794,15.83473266,54.07223529,73.69976651,20.87189438,24.33907283,42.83854985,71.59757886,21.23973376,29.04065256,1
29.5990784,69.59072483,22.564668,30.03332056,63.20186984,32.20918801,100.3155408,87.27118883,28.1151473,91.07278735,66.17903992,61.15536691,56.50717392,71.2357954,64.81407483,55.42658408,26.72979804,23.36702632,61.927416,69.11418354,0
45.12753683,47.32590679,55.70096934,45.38743131,67.7640596,37.38662873,42.7243236,107.5234762,77.00125365,46.24900168,6.771387832,7.64472917,26.92663316,102.1570073,61.14550545,49.02469438,58.18139379,101.5672252,14.21655926,33.03316889,1
16.11627704,32.35826307,19.06288951,8.994305382,50.70261553,11.94717777,55.29573085,77.81249897,59.66648601,40.76876138,19.56259009,22.84101921,47.24613152,65.34934166,33.42389242,27.96181312,31.03276099,58.1396305,36.22153002,67.03217318,1
28.50577677,22.5108799,35.65850784,18.32730352,44.9733904,16.64051987,52.00206867,55.47098629,49.12185383,47.37832785,27.29093197,27.78555,50.85009506,69.16502822,34.8652765,21.00410577,27.79236255,50.5296336,30.51158795,48.37367724,1
30.12150345,56.74519835,34.67817586,34.72457718,70.36721061,36.93903775,65.98961825,94.49043389,92.70129922,80.23242616,16.04702578,25.56714836,9.71482374,100.7416849,62.15317681,50.86789767,48.44775832,69.03087225,22.10920461,54.36891745,0
99.91524471,42.97671558,73.60175859,79.66705424,20.78364622,78.88122193,44.08619714,31.86666543,77.71301446,23.4213426,59.8989288,76.39455967,85.74912373,46.61407171,37.88365523,49.42214889,49.5502218,100.8698678,62.37865812,42.09420501,0
68.40179713,23.64947294,63.62728761,83.1829648,25.02574969,76.2586009,23.03726015,55.21233888,75.7853285,7.762938734,63.18527752,49.88437354,73.84857268,65.34114825,35.01477165,45.46774479,48.51466805,109.452199,44.78375226,17.13202102,0
59.46728314,37.81862331,86.89868679,54.9119472,29.3011724,66.38151493,81.75395058,19.60403521,46.59022616,45.81806863,93.76881887,85.34542887,117.0163694,11.66234381,30.02203419,32.10340571,37.70880534,75.15410597,83.55819599,74.22808412,0
45.31776234,17.97734899,56.42856206,30.58869251,24.59255461,39.87389549,54.11952479,53.60425994,49.43757735,33.73863527,35.30923203,33.76154244,59.0024793,41.88742079,13.27729537,3.754483085,17.68682341,74.87281004,43.36055845,40.00600721,1
85.93193632,63.30203717,102.8425482,107.3157601,60.17381183,89.43386799,13.57447719,108.0851692,144.6857811,51.57862424,47.55292721,53.97861164,64.19450721,121.956902,48.61347883,61.63035906,69.28960208,137.3206374,32.47676119,24.71846142,0
22.0230987,45.93396132,22.79709964,6.37826908,53.10454868,9.322367358,70.24441737,73.01075632,42.86115906,43.07677251,28.00700307,42.44449404,53.56342115,42.3556436,31.75736461,21.83777631,16.66504658,41.91924795,57.82767152,81.40931586,1
53.82518426,6.903354077,45.38898371,27.994944,32.08425828,42.20214123,32.02547083,67.83726444,59.6299565,24.97185966,21.65591851,21.81208804,46.53184985,39.83634221,21.62099584,16.73037118,39.88515438,80.73083187,24.17120586,26.48948503,1
68.80317625,45.36530043,81.61978068,75.23378047,29.47660805,71.07740842,16.06985179,78.16063897,127.7345222,28.23649456,45.12081156,38.67381021,58.42528271,86.15200505,60.25929574,47.87054785,85.96501929,99.314913,45.60944311,11.06986127,0
76.88333254,57.07517238,69.34612844,62.30069467,46.97682266,61.09812965,97.0726054,28.64471132,35.67251675,60.43595506,58.40105127,90.27500549,79.82684378,12.41174984,30.645873,30.73416774,18.79930372,38.94339371,97.58318955,94.80864447,1
88.67759856,21.1719143,95.35866727,69.7498693,21.48846905,64.3138701,22.67077507,72.19835936,95.86769803,11.48842591,56.53509874,46.35203264,65.78901471,78.09916991,40.82473509,33.32210079,50.63361391,99.1908606,31.04794494,12.0924632,0
52.88505983,66.03310788,34.52199906,34.12148046,72.18042158,42.02136541,99.82001442,74.60668378,9.294216872,91.28496317,54.56824735,84.37853658,80.22498338,43.08138049,52.7829005,47.99410996,26.88456071,11.44714547,62.64326659,73.05867376,0
56.56848555,52.61016881,55.48925745,57.10113816,53.20397373,70.76699391,112.2231664,50.43750437,15.19456331,68.85444654,93.94472738,82.59634774,116.0871547,26.2508652,57.61301271,39.48038068,27.81352773,33.64928057,87.48261233,85.41061567,0
99.47743326,31.89176042,72.6894348,78.35955944,33.54333633,60.34730353,15.00624212,80.88400346,116.5867157,25.05930416,44.8284318,36.78196196,94.6302226,63.50206407,40.86196385,53.33552903,64.16922197,89.78443891,49.91271371,13.91642684,0
43.00885261,22.12683301,51.07849801,29.7660132,33.50389664,28.1064656,34.33620372,59.75534241,73.31660015,30.44966839,12.30263839,9.434481317,42.94575992,52.39290475,37.75916168,37.77209757,50.62464564,78.69112569,14.55641318,44.05502147,1
66.47745959,28.03270208,74.33840292,75.29098991,13.43875506,82.7465999,55.80554604,21.07514278,63.54548416,31.56934207,53.82902182,62.44731643,75.69787468,34.74483317,18.25652501,31.69291834,44.59828698,103.0867526,59.91472655,56.68263688,0
46.89186954,7.864322427,55.8184747,45.08003463,25.16177145,37.23722931,39.79196186,39.01265149,61.89690809,29.08319934,29.63741693,32.13707295,69.11427018,47.34534411,10.78513491,8.991740132,25.48539217,70.81644247,37.89906231,29.12695533,1
25.40687158,21.02279998,33.58243107,33.74469541,49.55991582,26.68592302,53.33466484,89.50140949,72.61926497,53.01443129,9.690947884,13.1908994,26.55078207,83.81650903,36.30448049,31.30452704,33.52805483,59.46211134,22.20252953,51.051735,1
42.69078166,9.361122126,52.21451639,41.16094543,22.9820364,46.74682544,31.56075699,55.60390917,98.67705678,15.51427556,31.63107148,20.98011218,50.42275977,55.01899089,30.03643274,31.91804903,39.13231415,82.22759009,24.12322133,20.72320909,1
52.91764202,22.79871205,77.82472132,61.39570997,40.32219671,53.93093198,19.73697249,96.78443671,94.46888561,34.97815408,19.13895347,14.78275993,35.83336057,94.9947299,35.91146902,42.53896355,58.04853707,111.7865284,9.1259307,18.14092547,1
38.26636993,7.561200845,44.11357506,31.8462749,25.25972227,43.22288632,42.13722169,63.55375895,73.03947506,30.15111931,25.79144274,36.85769764,65.03175403,38.63996626,15.39663759,14.0997159,32.14135148,70.09889213,33.03856266,41.17916172,1
35.3818705,26.07034376,42.14353799,30.46741529,44.37577579,31.59926418,45.89084183,46.74788384,48.96861734,41.64051512,41.362818,44.62375479,46.42534656,32.67410571,25.43716482,11.53536785,17.35674029,65.55118865,52.57479878,54.38796237,1
105.1437046,69.72396907,124.5185323,95.79032202,49.51263337,109.1533258,105.6701962,10.99586153,69.65038037,68.35458759,90.00209807,100.7267813,130.74849,42.94578923,41.13566621,53.38800771,66.08584067,99.44381692,120.8746784,78.73882604,0
25.90941565,60.14504542,22.40718223,26.74919243,62.48090348,22.21735942,72.54936805,89.14457316,20.77494129,75.42652276,54.50363499,67.23770745,60.36439231,53.72484218,70.87395025,42.7152631,26.30781455,18.72575624,53.99502934,83.2624975,0
51.27602259,11.22654813,51.41053813,57.53679278,23.68626089,54.81419841,22.26788844,59.07924829,63.40567362,22.12777212,25.96212451,26.09918706,54.33096965,61.53902534,24.37129731,23.77830888,36.04958819,74.70513599,27.83860024,18.45682851,1
60.61593319,57.52453316,94.75110413,67.41633567,33.06672998,74.44533042,67.49233837,20.29455094,55.22892263,62.34712281,76.95010042,76.29585402,108.1069186,12.6144457,36.39827005,42.22294172,46.08678767,60.90862976,80.32058591,73.81786376,0
107.5435059,40.49559745,82.91495682,69.25676959,21.9786572,107.0014553,50.92318174,20.54607055,105.3182524,35.24057788,98.93580201,68.44134372,84.9640631,40.79516394,46.77132183,55.13270737,58.58027311,106.8668276,58.59199074,61.53532943,0
88.95732446,33.85316236,95.17221778,68.11961293,53.57884369,74.22884813,1.574548423,101.1422846,133.6107094,27.44191653,37.23832582,40.07290524,74.12036706,105.2767933,60.01121764,65.27647064,67.53722073,108.6065921,24.48660269,10.83172745,0
62.93010378,23.1097664,80.48565823,55.98880678,20.81696152,54.86924326,19.00504877,61.74646513,83.22761557,13.34728582,52.73147448,27.22222376,74.68722028,58.95253231,27.62656052,42.20307871,46.94696871,75.8442552,31.55172784,12.6134311,1
51.70145062,28.53812648,44.10913759,51.74358935,40.01315854,33.67870586,24.07339127,96.10348319,67.1370383,30.32833171,18.05226648,10.57077448,42.02346452,84.75922807,33.69592272,48.96801645,59.44498492,93.60839079,4.616574203,25.31589415,1
7.245282981,72.20993498,3.647733721,12.92826845,93.13626127,17.68631413,79.76326865,107.1882457,37.51398515,94.3768728,45.0143362,43.58643856,46.20493454,86.44369743,68.06849128,47.1826253,44.46145148,54.71428648,50.4986429,99.62400897,0
40.71395706,7.570487804,48.41963004,40.17880221,20.53497413,41.37413291,46.69504618,51.91045476,77.01052126,20.00480894,41.26617485,37.15374315,62.75078575,34.70277974,12.4727278,12.01855274,24.80377808,89.19240407,34.10833337,43.04563921,1
57.64845929,32.53367632,66.59037751,47.68905558,14.03568596,57.15771859,50.19994947,22.95768755,52.72350745,35.75279125,61.63631469,60.40927062,95.91143347,22.97010703,8.921035428,22.29933648,25.21117571,85.16853357,54.16164872,61.64013532,1
93.15275946,39.09398931,81.5788747,79.16047797,9.369129766,64.23135883,52.97488027,28.36052413,68.04062251,21.4447276,50.10114793,72.93642297,80.77572275,53.68606556,20.31725859,42.4416369,58.04835325,84.17137582,53.33325303,29.59002348,1
37.93578401,44.14787601,29.07196259,33.60031934,41.63632331,28.06138143,85.19214136,50.11355572,28.65891973,57.85666024,49.53227683,44.98498349,90.55511044,29.16299381,31.87599772,33.13663685,10.89797671,23.5460047,81.75817001,71.80814207,1
24.70240072,32.34861257,28.41871563,27.08929428,52.89933029,14.72005303,50.67529122,99.78031919,70.72679895,48.24665044,10.97566957,14.96369321,28.11292885,53.01003331,36.51393027,36.90942291,47.5336767,51.40489984,21.78023598,57.97056767,1
53.42298123,11.13291569,63.93871009,44.05202079,16.18901872,59.15378898,28.53418124,57.09031375,80.63356296,7.276910966,39.84448324,36.65431466,81.93212863,65.61243569,18.51176603,30.8738098,54.94651187,95.81129255,45.58150121,30.22878078,1
30.44591075,21.15654755,39.2161522,24.82484512,46.66822174,26.22572426,47.95532917,69.73487087,68.83619976,35.02954632,14.28403417,9.356931209,33.00578265,70.48240176,41.74826974,29.14198896,44.46381108,72.21215533,18.70885734,35.78368104,1
71.27082019,32.48937095,98.31610617,78.7666009,45.00059268,70.5206668,6.234119699,85.48417123,88.07385095,37.63924592,60.73315561,36.33408612,75.63389154,104.9337172,58.12352179,52.32741328,92.20809998,96.87060029,36.48283624,10.31879482,0
53.71987323,54.7227277,56.33532087,59.91755521,61.42793476,57.38863052,47.47595803,78.65238493,105.4615166,50.32356933,19.25350146,14.16941187,22.85920551,76.63209939,49.2787888,44.55643746,76.92047602,97.70960083,16.89870673,55.95605655,0
52.4774457,18.95354179,55.50839546,67.20787089,5.817317026,55.55580103,47.52453545,42.48959766,93.30753315,6.752073141,46.04192953,40.97432962,73.34673935,58.61242829,12.05468506,27.30264659,49.52129357,91.42366271,56.40766193,35.60998953,1
10.98618369,51.60420992,15.62768746,5.090320834,72.82276636,2.359246945,55.83723602,78.20010891,44.53678196,50.5712786,26.39204707,34.15051033,42.89862315,65.49793342,38.82882395,36.88004055,29.71154977,61.65585056,36.63624091,63.11115573,1
107.8035254,61.12583382,125.7619402,92.88502686,55.0229939,111.188899,101.4984395,17.01403824,65.15143676,62.50477047,119.6006376,88.71332012,136.9030818,38.50789121,48.51733154,57.50876711,70.25195464,81.15250013,113.0974721,85.17866934,0
59.39188351,50.87375585,61.28456939,52.66721084,48.31559585,47.05582207,94.62249121,47.06561697,30.63208118,63.48708178,66.04337217,84.88392617,105.0381059,19.78331423,42.65679308,40.96954709,28.14129527,45.1426627,79.43887208,104.3092646,0
17.78550655,43.17811709,20.99413246,11.33509179,44.54031462,10.51459976,55.17131028,72.96191052,52.07861756,55.76204999,17.37086643,30.45537298,30.7010878,48.04580918,40.62600003,32.99917717,36.44615416,66.19761701,35.69862329,71.66604087,1
67.48054484,16.1526049,63.14899419,45.12749666,5.069307085,74.08599715,60.07260006,42.76152586,87.97625523,12.48013213,57.524277,42.64659309,98.28670948,35.40361411,9.474027657,28.27289242,41.36873118,76.2506302,59.14753246,42.14948701,1
89.9501597,72.20372283,82.4778765,72.40172758,33.63685778,101.1999937,67.75245447,6.241603648,87.54643507,44.64184657,83.54621579,100.7026651,136.8003706,31.5515119,56.93549468,48.43631376,58.18773463,74.344647,105.9770996,79.34294188,0
29.62694978,27.78522101,39.63472278,24.48532414,28.69938345,26.05000053,54.72641294,61.99351739,48.52399159,31.15309571,37.53869428,42.6655205,71.62268323,41.70424415,23.34070398,9.184258101,17.32135122,58.64141038,50.80898014,60.10640689,1
8.584116892,36.07914212,10.74252409,2.869609395,76.75290734,4.673972568,71.5014545,87.94580873,50.22388566,78.01124431,38.59174943,40.70029493,49.3012917,61.80785568,59.89456174,36.31533715,34.76913106,53.19741789,55.35167064,72.04712011,1
60.78407948,5.235196071,53.64076923,57.0697599,17.07491091,51.28427854,42.99620113,60.07842558,54.75511084,17.85076006,38.90280816,37.68425582,76.5042086,54.4619383,13.17045584,20.69299332,42.8347889,89.10117032,45.7874912,32.30642569,1
29.31390504,28.52986044,26.41551768,24.27596474,39.79531144,16.04747418,44.86904186,50.7968408,58.81676522,34.4872958,24.19685766,25.25656761,52.23365554,39.62655819,32.34718498,23.84229537,28.18208396,54.74396493,35.23387777,50.21920811,1
6.760506848,54.91171561,11.06266118,13.77467927,57.38366842,13.93177069,83.79169911,94.11283872,48.82561725,91.24436686,38.12680352,33.12339637,34.26771409,58.39559132,48.08646948,39.93395449,39.73589107,45.12481671,47.19782277,63.44387312,0
20.01368463,61.58776014,25.06811057,26.15151299,84.55741022,23.10232662,56.39123855,103.4462688,64.64153667,63.4582129,17.45362901,28.97721676,20.83617049,74.28568172,60.54007047,45.3292896,67.06398451,54.37123758,47.0488493,80.99541995,0
31.5444764,57.40619183,21.70688001,18.15268817,74.56731428,30.34804097,102.3825274,54.27849355,27.19804346,76.30185527,66.93137195,49.84147252,70.36671973,46.73479533,43.40917488,33.96583345,20.05759154,23.08405851,54.89601212,71.93587471,1
43.90423675,55.54832313,51.80750893,38.35286164,65.47806895,44.5805306,103.3638542,61.68873411,24.38754473,52.33644498,47.99304595,65.90828221,77.89757381,33.96790054,32.1187009,27.65413899,12.43700721,28.75311778,61.1016468,79.34760948,1
40.88703131,51.15994816,27.87413166,27.01297917,49.19256151,28.92039794,68.06821222,51.1142921,21.95046074,69.10723374,50.60339613,69.50243516,58.78719967,40.57175822,41.59681334,42.56000689,13.53536627,31.30938391,65.58947062,96.81481152,0
80.98438949,42.061744,94.10744936,90.46494577,36.62189427,57.6912685,8.594269486,89.25268871,92.31645448,20.1849968,43.97075554,48.11880238,60.43892514,73.28011403,42.61425404,61.88515611,77.39356922,131.0212893,30.34489403,5.964314376,0
59.96130604,73.93091701,53.80172569,46.29791074,59.72039125,72.64489549,93.96114052,42.17678991,24.75203208,66.94294645,85.12563327,69.67462322,78.76495584,18.7414315,43.93680515,44.46574854,23.30303927,35.35488718,85.20258335,72.24184243,0
15.96886456,67.97036224,17.1797573,26.14043231,74.20899871,18.77351283,70.66316788,105.3331829,77.55794752,62.1696374,34.84253731,53.48147203,27.55319688,92.11677938,81.12878377,56.4114283,62.08545119,48.63944565,63.73431422,60.95362458,0
60.22692783,81.99889305,45.64751064,49.90927284,77.52282541,48.50671143,133.7034298,65.97404694,7.7959159,103.67656,91.07565614,101.5871026,119.1364382,32.078644,70.43574215,61.5259231,27.06362196,19.46212918,113.0692342,107.709534,0
2.599229654,51.68197191,9.769927867,11.65129796,75.65585013,6.247373552,77.93109779,101.2818291,51.02191873,74.28990069,39.21262702,43.32027228,41.74666004,71.47169611,53.6912722,49.01373754,33.74982718,62.04569419,45.10596821,65.77863111,0
104.0131629,56.71794878,72.70933032,74.8806388,40.3102439,80.5168076,98.31943237,12.54748477,62.8571484,60.85213333,94.53606616,76.90899737,86.59221202,17.3006371,33.14819178,40.45503067,58.01150034,72.63952317,98.8623256,71.80537497,0
51.11049725,14.06518174,44.53842032,35.18833127,29.82984989,46.6555521,61.51987889,43.5235016,49.89710005,25.16213093,43.54181209,42.36057973,62.20223578,42.09033654,9.179919565,1.515824195,18.99283601,73.40766498,46.80819028,38.06861895,1
82.73367263,26.25836726,107.7456968,93.24928852,31.28447631,86.05617923,28.12190501,57.04410449,104.8362513,20.73383538,66.11858357,55.18491872,68.97487094,66.07585689,36.6176093,52.90418709,82.09437103,107.7735062,37.11502405,14.79362953,0
73.46082245,54.80068085,84.85647332,90.26625737,29.2763811,79.28931867,78.80205652,14.5478079,96.17255895,35.42354488,84.00683115,72.14962938,96.93500235,30.74227249,30.32578433,45.10840933,57.99426866,83.72384677,94.84633909,44.59449749,0
44.10160217,45.65518907,43.01878572,50.20361225,76.80105297,31.89232983,46.54448051,82.42931275,87.1065329,46.13906598,12.4316544,13.54246579,17.78164524,82.24041278,68.8315178,44.46675949,75.87674883,84.38267157,14.37413051,36.5386615,0
46.59531117,98.40196505,48.54275761,55.96949449,77.90652521,47.3892393,103.4228271,89.08672167,10.5716401,116.2351086,87.83106019,87.16200067,102.8209413,60.04106862,70.79989157,64.08273096,36.40618096,6.382981758,120.6734841,129.9814964,0
14.95583878,31.93149286,19.9554833,5.09335755,49.27917416,8.810850377,84.82758232,60.24781218,39.69143177,62.40787725,38.33128628,41.36287804,53.85367911,53.04001415,34.97058128,25.92924933,27.05558703,42.84299732,57.68684453,55.78755164,1
83.89225019,64.02106441,91.38505294,73.13175849,61.65126546,88.08117603,18.08711543,104.199788,120.6234221,37.76171205,49.2274008,47.11701651,65.65282071,119.8599545,74.17193525,75.47721223,107.8850781,116.1036494,49.02694183,23.52844854,0
48.34221372,20.03309228,45.66004981,23.16387678,31.99172628,25.91493824,68.9590656,40.18890886,47.01709039,36.65832872,33.87971004,42.22537088,58.74823075,31.37188196,19.43093748,5.005422365,15.16619126,63.04355856,35.66534279,60.83132829,1
84.98937159,28.25740291,98.87503401,61.64723522,20.8667782,62.38841984,39.00434067,43.52904443,115.7344872,17.36949499,68.45299693,55.75122904,87.29688106,57.93755905,25.09629663,40.20406807,61.60411963,84.72508877,63.56162844,33.15173287,1
51.06519246,16.85801066,53.05801291,44.53042084,14.25456965,54.94382113,50.18410143,28.24259267,77.86550313,26.15237561,64.46801284,59.79910972,67.44017683,30.37883124,6.322123539,20.67126749,26.28107044,75.62332749,60.45034294,49.20347072,1
54.37259667,20.94358287,61.59400396,46.09796419,43.73333137,47.95135018,14.15189942,91.12359411,108.8683357,36.66791999,31.84688,19.14565329,58.62712268,72.19197899,48.21286621,32.24211725,67.07485461,95.10219327,11.68026327,21.41265142,1
75.48047224,42.7837276,106.2326265,68.5681174,26.97551813,67.90915875,16.64440052,62.52450227,85.90151176,23.71995828,55.52928159,55.62892975,96.70485114,97.03266344,54.09066576,64.60955236,67.19439175,98.08324693,48.16791493,15.26111882,0
82.56668636,55.29414481,74.17123861,66.87085472,38.07125967,62.54445754,90.1749981,22.98669725,40.92094494,72.26531712,75.93126988,66.05024103,89.45556982,10.14707612,49.46909514,53.21222132,41.50748996,64.28168191,107.8837729,98.64080452,0
15.80317748,38.3444584,23.01923593,14.6950526,61.77890803,15.39325667,51.11014214,85.83322615,53.17463032,43.23511775,14.1945812,16.79430485,42.64943146,59.29736197,37.30333612,30.02972438,34.65630892,66.11292624,34.3454546,56.66579748,1
77.5624186,43.64283303,90.19353124,99.61885299,24.45321537,81.58179418,55.7285937,19.70039087,93.55100666,30.94689211,91.30586923,69.93239852,130.3843203,47.72396598,40.77488908,43.525554,47.05576389,101.1100028,80.97120696,56.68575324,0
13.40944803,44.37055696,22.3506596,14.5117764,52.55684969,7.921124361,62.87613039,79.39334448,66.01755808,62.01958378,26.01553655,22.84470097,29.39215925,69.84812172,51.39802664,46.48752591,41.53124254,46.70511738,35.8660164,52.16508626,1
53.95708396,9.882223119,53.85768408,54.0420678,11.98604227,43.72713897,47.44434865,40.52256158,84.69196079,11.87605346,46.16810117,40.51589138,53.12236094,43.90062408,10.54647651,22.09437168,32.12812412,71.26636102,37.19310459,32.82276799,1
28.58116617,42.99284816,23.11482954,16.13786749,63.57911145,27.89647556,71.83902055,65.75178446,22.42233399,52.49533821,54.04741641,43.57872163,50.93404185,51.66924994,49.54835931,34.47333404,19.15433686,36.75411169,52.47327954,85.69955352,1
87.39396766,51.67406114,89.09559128,69.07115288,35.24307758,91.35504981,15.90905077,57.39167372,129.8995248,27.55622308,70.75701757,54.6360314,66.57757082,63.98721532,50.26718552,47.55268988,72.84059954,142.1633407,35.76487444,19.50824126,0
23.94428754,61.59524062,17.96514983,25.79750454,80.16995732,26.38036058,84.42096517,98.02921868,58.13629363,85.74541197,43.59534227,42.76284059,22.71552437,83.51325965,80.88235445,59.33686328,53.28193202,59.42152316,56.38406781,77.64588956,0
65.93094306,35.87593221,86.03619764,71.35152026,14.83189011,93.08204388,34.98127137,41.28988496,81.13770487,14.25560156,81.98008852,64.34731523,73.23675017,64.71127327,25.71312347,40.01059992,68.35952504,108.2947006,67.87673431,38.86669609,1
52.15648238,30.46007888,53.0304932,43.16612198,45.61430848,45.46446902,31.7177243,94.71529451,70.29596685,44.68617544,10.25434889,4.289486987,34.36666923,80.33011579,37.53317836,39.22652423,44.50746865,72.89308841,7.927482182,35.15045737,1
80.85747673,45.50617524,74.94821277,103.3182195,31.26735719,110.8300244,71.1648516,19.54766061,72.41516605,48.29318908,93.21071394,62.83874311,127.3944311,48.80291029,38.92249743,41.69826344,61.95053545,90.59318949,62.86825555,62.88318406,0
63.14032297,11.53874778,69.90704403,56.21747284,11.12979836,50.34390218,44.24430839,40.49745982,63.10473081,19.81704939,53.348007,34.38855406,70.12492468,32.82705741,5.042636835,12.21446886,33.94218065,87.15260706,45.99985351,28.41932038,1
54.80772982,18.95581267,59.93882231,66.28703979,6.492952771,54.78277186,30.31611333,34.50524569,76.57659998,6.940715254,57.13157293,35.614331,64.88648835,54.46432473,19.57205691,35.33242637,41.45726858,94.08705257,40.23697851,26.91466697,1
52.71541898,28.97914236,63.78133319,37.79839285,30.30970921,50.07228319,79.02359864,37.57074091,32.17007682,56.15179802,56.59325837,48.84359381,87.64286958,17.65234012,21.3307101,23.08638918,13.26642628,41.1462801,62.27529579,74.32332679,1
25.23499272,50.28402004,23.66839781,22.74441936,69.61495004,28.03344055,105.8063794,80.04553815,21.41627366,80.2946047,55.54602364,65.7342003,74.02145198,57.75219947,69.01778404,46.82034812,26.73375749,22.07593047,59.51904623,66.30030758,0
20.24804466,50.62728178,29.99378663,37.30322054,56.87535991,29.8153505,66.13788668,101.613867,58.47348353,78.32452703,13.93685175,22.07622605,13.91154585,75.95605878,68.8130468,40.74932803,45.55668474,72.4034236,29.95839097,56.00248306,0
65.29679914,45.37922536,61.49477108,52.32462989,48.25090375,63.72123886,99.12584862,27.94087137,28.27684251,53.13551073,72.79952652,68.04666519,100.3292936,10.70103691,33.8132533,27.91400548,16.99359563,51.84212194,91.06639459,82.80057098,1
28.08909904,24.43299695,43.82177854,25.5151881,47.92455813,19.30685151,46.48589916,72.30951958,71.51068537,49.66780264,10.43395053,9.547480581,29.00395452,74.21254042,35.3512939,31.18792654,42.29312232,75.22676928,26.03790253,37.77904801,1
11.30487241,51.76153043,17.02628804,13.22744892,61.98700542,5.64452355,75.0424611,68.66773293,48.1549637,70.22815455,25.92716205,22.8581126,38.87568548,79.66832581,52.99858391,39.81813359,29.93610943,52.58340502,38.49763554,69.51126312,1
75.70830282,17.90417156,79.14857015,60.78628979,13.9755653,61.26152407,45.33979537,27.90662065,64.86889408,20.12724257,57.8431499,61.59286878,78.60684408,34.49598779,5.548525124,20.86379284,29.22986496,59.93164157,41.45938444,48.29677633,1
56.96126369,69.32043356,55.41321021,56.85977735,88.55627526,52.37299199,120.1902122,83.59753764,4.612857145,95.79234068,65.41473909,65.04060742,79.9813834,50.97953815,80.47764927,63.94830353,44.93516577,8.361843374,98.26286117,120.292329,0
57.82358516,51.55739009,49.06715613,56.17326956,47.33023985,52.52666021,118.4722803,43.12324211,18.91982756,82.96112537,87.91219759,73.50852542,74.39298321,29.38665504,55.55039473,50.74241673,20.29667629,31.26943095,87.90205679,83.19157328,0
24.98707067,71.11869792,38.3493524,31.5319661,83.16558527,36.38885047,61.9312891,133.7539772,84.55209791,86.43606207,44.77965047,44.30446206,20.01528724,101.8587415,85.90981237,58.91755325,54.67083832,90.47735101,46.30085452,70.6881692,0
88.62382301,45.53002614,91.84058588,74.38852378,21.83107658,71.62143872,65.78245484,16.2220521,61.65334848,38.22645832,55.9696614,64.41599317,124.7305349,29.76823152,28.49864984,36.17665363,47.53964493,84.03511565,78.48881898,54.33003396,0
49.80362943,19.55310099,61.79961586,48.78570378,30.67133564,50.65838181,22.7789018,65.26595795,92.96707003,34.18738939,19.847128,13.86444461,42.54103197,70.95042578,39.051053,28.98284928,58.36303436,73.43584736,14.53755447,33.46496303,1
79.25399395,44.38545896,58.16332266,50.72610974,24.44951671,48.45052721,71.81342138,21.84580156,46.93059886,41.37810015,72.69063912,66.37705216,73.4213846,23.77678993,21.50332332,31.75369023,32.38148143,64.2037294,79.92713178,57.84734932,1
62.58767162,19.83080979,58.11247547,38.3953919,22.64338039,36.28976045,64.39841108,37.16033028,63.37397367,29.5830879,43.4963717,58.16211706,68.66004943,28.25815425,7.290172459,6.555388921,16.5013266,60.69717381,53.69672314,56.63709146,1
48.03108056,47.35029465,62.31943822,46.97491476,44.12604322,48.01387309,94.04414257,38.1176987,50.13080194,50.68827262,79.32678165,76.1353563,68.76413228,8.243872875,22.93489485,21.5092195,17.93025296,46.83319049,71.84230652,71.92430954,1
35.58829886,55.84410392,26.04084012,43.71563429,106.8770157,38.05857172,68.06224907,100.6505734,83.40501837,95.69608688,42.37399003,44.23586862,22.2113553,89.19237202,95.96424089,74.07254755,74.89110112,75.72610856,46.92596162,72.81520377,0
23.81145908,73.82069782,24.06457543,33.4265822,70.36281868,32.77498037,107.6841928,74.58546462,23.39079904,69.92804559,73.71473731,83.47850842,74.59741749,58.36618695,70.81992616,56.12680861,31.6180761,17.42584846,86.01016831,84.25006739,0
24.57376799,78.50333841,32.57837004,25.41422204,66.46913616,24.1564968,90.70957246,72.79964011,24.77467093,66.88842683,56.97276944,78.07819213,68.8571892,50.15851514,47.08462748,44.53817981,30.3640119,14.66034427,78.33512468,69.60547223,0
8.964313878,67.80205845,3.71521823,12.43168699,69.27608571,14.36367997,88.06612193,106.3240008,33.76284049,71.952688,38.36756326,49.75404182,51.52141406,79.84057091,63.26259309,43.44447903,37.98607267,45.06736124,57.65932763,68.50338049,1
78.33220791,51.94903751,112.2229507,108.7668209,50.09254484,67.13350312,19.78298132,88.77138049,119.5690138,45.34991869,63.77905534,67.34185411,70.5591133,90.13838489,69.14266744,57.53608394,104.287634,118.3968908,54.94235709,18.39378004,0
72.07574229,41.98761633,85.37143245,56.7506831,27.81434588,76.29695329,91.15554655,22.64418895,48.53339433,44.09341549,70.09756114,72.35375274,98.71296017,11.7963636,35.0562186,26.46943201,41.08434952,54.79571876,72.3790423,82.49903156,0
50.97056758,25.46719585,71.1322101,49.04187432,56.59952258,46.28647311,29.70519121,91.10096522,68.11156208,30.18141095,18.25217521,8.351194087,48.68499439,80.16959822,55.36462485,45.71308639,62.63486395,112.4808147,2.212549447,22.5886223,1
69.83056747,35.33331153,84.44277306,62.33231717,34.52648567,53.43654319,5.728050611,68.214489,102.3635332,34.72221525,29.65776638,24.71550788,48.11459585,64.91552835,58.22438619,51.63999856,65.67944048,114.0196187,17.86580589,10.16024531,0
77.35249502,64.5154236,72.2576675,83.98276499,35.70880147,105.8144369,69.78397995,6.670120456,81.92194431,41.42417819,84.15566496,71.13612032,97.50727319,42.33902465,45.84193971,56.75121139,53.54426335,90.57173344,70.39892184,63.38359245,0
57.18959288,61.87407798,55.17525064,42.74213658,46.56772628,50.41694717,80.76367523,57.76365615,17.77229347,69.39136302,55.34716665,65.93778177,106.9415907,23.60876509,33.71520597,33.16411327,17.8922007,31.00465051,85.78285896,71.13894863,0
62.88592343,28.24005602,49.47475853,32.79940642,26.60997056,52.55349763,49.68521865,39.61852212,45.10040002,42.88593255,38.58358794,47.51432555,81.26416908,32.25935171,11.82167299,7.541786458,13.58136791,43.33723013,45.03723365,43.16496758,1
84.42734065,35.02360377,86.94098164,70.68361662,34.63787362,61.38585787,64.76509202,7.459706948,54.70712248,34.56293896,71.12071963,64.40990033,129.2061298,23.30315208,34.88032071,28.91233906,34.71943419,82.48602178,92.89664155,52.70034384,0
39.57528642,24.15467805,43.75928254,31.14323545,24.49168206,40.00957513,65.76231185,63.09752785,59.45483674,38.83548949,36.99716187,37.9567496,56.83437945,34.87591421,18.78301474,4.795430237,17.7086703,60.21316863,49.06622041,48.50409144,1
12.91260797,49.36637307,11.44510114,5.790722915,59.32571047,11.14776138,76.66415462,96.51506045,41.52451773,83.85660097,32.29240161,49.03183684,52.25912273,59.04737382,55.18615131,48.84285468,27.21927666,32.99543694,55.77520629,84.08632892,1
71.80425537,28.74296516,55.60172759,56.35780495,16.85170863,60.60392912,54.35504238,24.65558466,72.99303631,25.12940892,43.41358874,44.15534628,93.94680961,27.49811264,6.573873593,18.93530062,39.116439,74.5829691,49.97759894,41.99482841,1
90.82857155,57.06445069,108.924456,90.06221385,26.75384292,98.97815573,81.06401811,11.80638725,64.09194167,45.7063619,92.19475277,67.05405787,84.36043092,34.92427349,26.88100606,42.54368438,39.57096266,102.4568976,73.92487856,55.89574519,0
12.05633778,59.08850034,16.11105804,23.35614884,67.05733278,13.60178767,72.68204477,84.56350776,78.59176576,68.22238049,20.97795919,29.89147305,22.1677633,90.24330364,65.85585313,51.27727657,48.1435275,70.93337828,30.70226427,81.5608801,0
58.50363101,32.29698229,52.85061788,50.10780714,29.33094398,62.4031168,56.75836368,25.57493588,36.13673195,34.83316681,63.89590805,67.96202513,88.98337836,11.95463585,19.29895012,24.66704673,16.9317722,60.08434394,74.6350044,60.64026574,1
36.97276641,35.35090798,40.92179049,26.82654942,45.64306801,28.32129421,73.98368475,60.33765463,24.96175847,53.76776161,42.43111569,57.28744487,68.96688856,27.05092814,46.3913523,30.58713175,9.35412374,27.6954855,78.04454379,90.59004944,1
19.22644902,71.21401004,15.02932263,18.95231287,59.11759888,19.81076397,91.39781094,86.70201392,31.87200037,94.39655851,65.20561483,73.44425528,74.23862671,66.54037162,45.85719946,38.93788744,34.50911925,24.79278215,74.44515878,93.90826333,0
32.46556694,41.9750811,36.91267827,32.47007752,55.43258685,36.16525042,45.81790388,71.57884964,58.62989338,39.25785289,1.180425638,7.376296488,31.5214934,72.62573614,55.27859952,46.33728648,39.95232962,62.16317282,19.58679956,39.02904007,1
65.24987695,34.46091989,90.05307089,92.21726162,41.01770246,57.7255615,6.9037047,103.9611966,93.82452865,32.71330253,60.82153859,45.82370852,62.81334911,109.1312692,54.45296416,53.06499798,95.05965506,96.85294827,35.8547542,13.71770002,0
37.98014584,38.34297969,52.88624515,44.27719306,44.76072108,38.01870577,41.98981379,102.9870063,103.2726629,44.93267306,7.106746943,8.690258343,29.64707966,70.89796164,49.42164453,53.46575664,59.46902551,87.88592266,11.14397443,38.49493301,1
34.5735797,50.40548972,23.70573148,26.94176591,68.24666427,28.78912344,81.58998095,80.77328733,15.16039666,87.80893513,45.44106147,62.40935857,80.87948625,48.87863687,42.37511727,49.3962188,18.57848428,24.66633569,61.46525892,88.75696919,0
58.14699122,32.12230979,70.47326855,39.60412133,36.93214338,40.22967726,64.6304609,36.563516,45.1994395,40.50542867,44.5667363,47.74466347,81.72169545,15.09135187,18.61549207,17.77594309,15.95899368,47.58017774,58.10183932,67.23423808,1
18.05367131,56.22744813,16.02556686,11.17007568,62.53632718,16.03315137,61.97330324,75.68261823,33.32572847,68.21854774,35.94994137,42.59777494,68.16318028,44.43235985,51.46810187,25.96425197,18.21334165,29.32879584,59.5699538,85.14408011,1
57.47876197,20.64168978,62.35406098,63.09871225,24.83718678,59.63296259,22.6284343,48.35851239,76.79772744,12.91413907,47.01861934,39.37670303,89.13522346,55.38341082,32.86271254,31.40271658,50.95529337,77.51787827,37.53337611,9.954787639,0
67.86275878,21.30782351,63.89078345,78.19760796,13.17074745,52.05584162,24.50270511,46.32043089,105.6976518,1.45196423,39.19571089,36.67680577,87.88106348,67.05005645,20.21759319,28.34442044,55.69874485,85.00169571,46.95194589,27.80856953,1
44.74448152,10.85150488,70.51960979,51.70459691,23.14845511,41.62541851,28.26817074,61.71096586,74.93005308,16.49752294,44.5173623,35.72500536,63.87781117,57.03436713,20.54582122,24.21665235,42.58089643,91.10886919,28.14073083,18.52647344,1
38.4351353,21.90365082,62.95307015,44.46198203,50.68335302,52.43546501,27.69474912,94.47736189,91.7824911,42.13107263,18.54889911,7.151111633,42.05184834,75.64953886,51.31399409,30.55742058,54.76992907,70.54029136,5.12186122,32.31497237,1
50.46853611,20.412625,43.24062285,38.86136812,39.22179639,44.07341591,26.90404502,87.95425156,73.26561376,35.97408938,15.61768901,11.87576209,51.79209093,56.88974939,26.75425463,28.02582941,40.78245229,99.12019544,19.17768892,21.43789854,1
73.79725472,60.53802396,43.99472702,58.68946449,63.65260334,45.40911062,97.54513943,48.89302261,28.85780199,60.87481294,72.22411634,79.10993463,109.1372634,23.30819006,51.93491898,46.9994573,22.57969468,30.19387554,85.75499484,104.5681265,0
40.36846405,53.89582481,31.9211245,21.27205062,72.36319542,37.23603431,100.2130334,76.60442786,21.16926415,83.15972958,49.84807386,49.06963993,85.76740183,51.07963409,47.92861846,32.35612501,22.53309195,17.77872239,87.58588231,84.42229389,0
11.59177465,51.09070068,13.34539392,7.930393617,58.01901255,11.24758772,75.33649899,95.5892811,44.16377316,56.6672171,42.34583427,36.69270839,53.00556033,71.06256714,47.66317547,41.6003829,27.07319473,37.91081652,50.41330406,79.57860081,1
79.89869226,45.06350186,63.26866235,71.63843722,28.57569055,56.57371083,77.78363148,9.201092025,54.56835083,35.82429458,65.58868627,57.46479026,77.82822952,18.11091845,34.72447164,43.64958467,38.09732856,67.94459417,59.70217973,56.22253733,0
62.37878351,58.06619876,81.3927765,44.91977369,47.08410284,54.35612191,80.89252546,22.24744054,38.23368894,59.1736027,83.51968834,60.33632586,112.2440612,4.032871605,37.94148887,32.71176455,33.25484087,62.65582435,68.95948393,74.25857217,1
77.1060213,23.41541453,61.27467501,68.02712793,8.225131543,69.67823591,53.74240564,27.95659754,75.77636781,20.33659334,67.21382654,52.43869082,72.48112251,42.44368146,12.46148671,28.15511356,43.87464511,97.82450667,51.33556091,40.20887122,1
36.91564576,35.32880744,46.33201457,43.59217446,48.08468144,26.8905787,47.93751095,74.63180479,83.1624546,38.81397749,1.856626946,5.751551323,31.02591835,69.27019256,51.03942147,41.23762429,43.10149285,99.07136261,12.90795458,46.54437499,1
46.86235557,31.33209335,58.36999072,47.58548365,29.11728825,53.95547654,64.40656302,36.55611303,37.74770121,31.14647294,69.3469482,61.63503813,93.07863249,20.61814096,18.37778463,19.52271914,17.83082608,68.68745917,62.5284249,58.62089181,1
60.94142963,28.55940688,78.79151512,78.46710967,4.404187936,62.72995368,39.36164404,40.70111642,87.36143105,11.09074012,59.68386263,61.10998927,92.4315674,54.71729773,22.56301686,26.32163209,51.34695479,87.54080034,55.54249729,38.77366943,1
73.28428023,36.84249951,64.57360343,84.68186671,42.64613399,75.20090778,12.23508274,93.44344123,81.44855123,36.31467966,43.89795611,31.43353695,59.98005645,94.07322793,62.17554326,72.80384018,87.28089003,136.9410046,15.95522684,16.37737056,0
82.6780977,45.48066525,95.30984457,67.55107133,17.29733229,80.40549638,57.65434978,22.92252473,74.82461031,34.44491692,92.70082223,61.24058344,115.659133,49.55386977,25.00461046,38.5219205,60.47763859,107.8267829,63.80072668,45.73619666,0
61.08608557,38.85581076,62.72967692,56.41081061,38.63171161,61.70174711,17.18616054,98.60939476,90.86373743,49.46737509,21.89058631,22.59820392,40.67592775,100.5593781,53.6222249,39.17382627,57.4306893,101.5370391,8.008626252,18.02892758,0
22.27932174,31.99031767,31.43705595,23.00104048,47.41671864,20.53765138,41.62989782,74.68225784,80.6302468,35.91214943,9.453912998,11.76495271,34.94167999,70.15581216,31.87358624,35.52280666,34.7319108,77.00729945,19.95497437,44.51441039,1
29.72528836,45.50660252,30.6664877,33.36517691,60.37731936,29.32383203,58.28780435,91.21968683,72.32397568,84.15699554,20.13388916,28.87163561,13.16476935,91.2489397,53.18577743,42.58546428,58.4168254,72.52340282,35.24490864,57.08846458,0
54.06954947,15.55782473,59.07823025,42.30530384,16.79516012,47.40463726,63.92133517,35.25845412,67.79310522,24.41097172,58.32716459,38.50649257,61.3137231,32.45850572,4.218229779,10.67539058,30.85749397,64.96543628,37.24304046,53.58153798,1
36.09061836,55.47634934,41.49551331,42.85509037,59.59845596,34.57903153,51.34787681,112.6628348,91.53857379,57.9603655,15.61564499,18.16415562,16.65715823,86.08693496,47.93524689,62.41437416,70.88261911,112.6335221,21.08847498,41.51669994,0
42.2391354,6.960189013,62.57731576,46.62412618,26.29908878,32.64296147,39.0931246,51.02542865,75.39766455,30.05123171,23.35755556,18.46028621,64.86946466,67.86164544,23.14378418,17.96708944,42.19188935,58.97243204,27.67387099,29.09664907,1
35.48827084,40.6501143,40.86316298,30.35317799,55.19269797,35.23770259,79.6431122,44.46409207,32.96041065,49.92511525,45.93467844,61.31472178,64.95728091,35.78891462,32.60826071,26.24868386,5.705726177,33.04753033,66.79255115,80.68375179,1
68.26744379,45.02274865,60.02308562,47.86547595,62.56909154,61.05226359,82.58165544,48.71118965,27.9381185,66.77950172,71.28623567,68.56004676,93.83776844,20.47259291,34.87738971,35.29831262,18.82033409,29.33944476,93.38708909,79.46998203,1
74.36052039,25.26859606,70.62885174,70.67055834,26.48641744,65.56671528,75.27258397,26.19230244,58.88363107,27.16975436,53.94496687,45.88668038,104.4751372,17.88824985,18.5098721,28.89506316,35.9786006,52.3587227,52.92949099,69.24552869,1
13.97137591,41.1361148,17.77490949,10.95021793,47.14675288,8.114149036,62.81629669,83.21792053,41.99794679,46.89486459,27.02950985,30.42424957,43.44150044,65.22812428,40.56962902,25.88441769,40.70806309,54.13427638,47.52168883,74.76208376,1
10.07542203,55.96038471,15.19076829,21.0913281,59.90353465,13.8803172,65.63964549,80.90756057,64.75438784,62.02347464,27.85014169,42.19376486,20.09681916,88.57473863,56.80171838,45.3185013,58.69166267,59.99823821,44.37208542,81.78989906,0
43.2827792,41.37755235,34.9784757,48.58894496,71.1216044,29.85336795,67.7245644,128.1247813,99.91416546,82.01634305,17.02175762,21.29905478,10.18439645,77.37677186,74.05114744,64.51328397,48.2516572,85.27829563,31.80225457,65.85871542,0
44.30687416,49.40960726,40.6996843,43.86519832,75.47938477,37.70321527,58.89741025,97.96721853,86.87885036,89.97276993,37.48766896,28.04277412,3.409708842,118.851372,76.62713074,83.66324398,63.81900558,107.3915883,37.97266093,86.66334581,0
69.06532073,47.82644035,79.14461016,59.36316205,29.63953786,83.57408667,81.06242871,8.289626335,80.9008404,38.08147877,66.71997093,87.1200253,119.9549774,21.94585069,26.8310309,38.96083887,41.28642736,59.75469524,71.8876263,64.08167034,0
21.79714772,59.23802379,15.09398584,20.86663448,67.93822426,17.21669183,93.83440169,65.19102793,27.02365378,89.5231937,48.96405895,54.48119931,67.75831459,66.84448972,51.83034499,37.76345302,24.54274979,30.50096093,78.89677885,103.4714348,0
63.71857911,49.92666699,74.35232754,77.30301485,20.71734882,57.42611766,80.49123652,12.4292498,86.83990983,35.75207944,85.11450599,68.08346704,88.74111663,27.26095083,34.38044947,38.42676692,53.01667942,74.98438738,91.78272511,58.31565529,0
27.32113523,23.10994936,27.69220321,26.33645801,32.80031581,24.84108929,60.10977976,80.01731798,70.2871779,44.62165969,20.50329811,17.77295594,50.34134367,58.11813085,30.36643558,26.3644555,31.33975226,61.25896842,24.63870881,39.03106649,1
69.03849881,43.6469594,53.15470172,53.63953612,28.31373741,47.16134644,75.56562706,37.04282357,54.54463097,35.83341797,65.82308985,45.96615691,72.42958611,12.03662142,16.12851756,24.32198868,17.32518892,46.38712098,56.18308207,62.42673297,1
68.43870666,84.49270745,54.30705534,52.36693503,78.676183,49.98734891,120.3283695,73.21439039,8.698611596,83.65983505,101.1054898,89.38859266,110.4776538,54.60942428,66.62063557,67.35347777,39.93838588,13.52091967,110.1426457,121.192289,0
70.53437786,25.79562204,61.3190781,55.92209864,42.28616296,63.58398331,19.87482455,67.97092446,78.78145878,35.60109749,21.37229891,21.25126658,59.74212697,63.86516985,42.76339208,46.91386088,72.10162133,105.3485279,11.76709186,17.3210322,1
31.79484938,44.70406699,52.29993436,34.46076152,89.13213373,33.19134048,48.30051021,114.2590748,82.20523533,60.02706092,20.95336501,28.638118,13.94275494,86.97455663,60.90530332,66.52158727,67.01122286,110.5948997,31.61768325,56.90009193,0
21.6367599,29.22167286,31.48390335,13.24438121,60.18949023,11.12046961,68.6030301,74.55465414,69.88490507,45.21142281,15.65427205,18.99148074,30.0714365,67.68858433,40.97261651,32.42568196,36.75890368,53.82626608,30.30274809,60.76460219,1
71.08437423,40.6161526,76.30238674,64.50931366,28.77127269,61.66829996,100.5079732,13.70439921,61.82077351,52.01216114,68.27649718,76.46802768,119.5584443,14.13219022,35.33352475,31.45539877,42.84464532,60.6041706,68.59022208,82.01783613,0
62.64933395,41.28714104,59.13336697,47.38590653,32.87152838,56.65338171,68.3522238,16.14510776,52.27639726,45.89026931,75.94076788,53.3211741,77.64089856,16.23500276,30.16880714,32.13551736,38.62193957,62.24978211,84.12844436,52.31816566,0
77.99091454,34.2416039,88.77589266,66.06689754,15.38783604,93.92177098,54.8082898,27.58277023,103.0504602,22.08933322,76.37091641,79.28075049,101.644275,46.34739401,39.13059416,51.12108919,49.86971276,89.7460163,75.90349049,54.23571043,0
51.04066904,7.81120583,50.96267834,34.31316038,20.61738323,46.30616507,51.76398688,59.80055188,51.63599455,24.28154703,43.1067247,31.50730126,52.97340747,46.15209928,9.820797912,7.939858636,24.21639093,63.86272233,48.44203966,38.91984268,1
25.30536951,36.30635376,22.93925755,18.06258934,51.64497796,24.55495042,68.39960828,46.39575192,40.83919268,60.6968304,41.97862304,41.85221779,56.90686481,46.69798147,31.0783928,19.62157589,11.8092134,44.72625947,56.30887759,57.15523112,1
58.86032291,14.10870076,52.23779504,60.1363165,5.103419606,47.81149831,35.17462484,45.92337144,84.8482874,10.41889579,48.46703587,51.30219705,89.63223844,43.4393858,12.64828279,22.60485431,51.06142256,76.37255518,37.13316171,36.03578131,1
51.58449557,39.70306674,77.0945568,54.77879607,35.80518433,66.85671907,73.94207006,26.68214904,50.03882404,44.28694613,63.77682613,83.46492695,116.2816631,7.293374593,34.1610307,23.53915962,22.84443028,55.05669967,63.1309808,88.6050535,1
68.51867684,10.16259558,71.65360364,46.73904266,32.25312096,55.86781421,32.29034034,58.25685541,60.2914132,22.12069194,33.01318333,24.47850276,70.82285074,48.74033619,29.29107395,27.08567745,51.08645263,83.0105514,25.38604112,15.4190546,1
16.25415304,56.57976934,11.01185616,12.17455774,76.58923876,17.79914301,94.01571962,74.85520508,32.25073766,79.23261628,49.22370882,45.76974768,57.53632847,56.84253077,68.40201573,47.98256693,29.86714485,29.74721552,54.71407729,83.31651607,1
68.43382505,46.97370893,90.62448157,81.27320318,53.16936441,62.56299046,9.212444355,75.7438685,123.5812905,39.24146227,40.35714089,35.8994422,63.04892958,104.1339678,55.55330911,70.56738058,87.9067781,131.770639,30.12838434,11.70158888,0
42.77444134,18.23775343,57.38169066,43.96445581,19.11653548,45.43283297,42.44540245,51.39468329,43.37816072,28.68032524,34.69889666,48.10174488,70.49583445,37.3953331,6.894753014,4.479568475,23.93283703,60.23235919,37.9735324,56.30830798,1
59.95967885,2.187347067,58.21467418,46.46633712,18.18084088,35.79169953,38.46490553,54.95991492,75.85989044,17.6529243,27.74074925,24.90670337,74.49765556,62.35333116,15.59169478,17.29196241,35.43594935,58.22928297,39.38288352,30.43623826,1
44.18013394,47.70158819,43.81710991,45.49352595,71.89523448,35.34124377,28.58074437,74.34956908,81.17975625,48.2464068,14.46792177,11.86622586,24.05700867,88.43199766,60.08025577,55.2380959,61.04423095,110.771184,7.750343673,40.25539881,1
80.64856706,46.56965903,72.24806531,63.89935122,49.71877288,70.82124134,98.21586646,14.77064672,52.81855263,57.32926073,100.3786221,86.92242955,121.5740715,12.73206886,32.14104063,38.93085012,43.41808733,77.12114229,75.79727399,57.52513532,0
27.90779623,24.28583257,25.41831643,15.9989998,31.97290939,19.16435232,62.16299211,59.69993897,50.92420897,48.50684292,30.0978363,28.56797163,51.46397329,58.63903381,22.7249667,14.43829677,22.35927951,60.43793004,29.1003111,45.16750441,1
18.14624575,36.44155073,25.88961446,23.67346128,49.70824027,20.93510096,43.89069882,100.9525569,57.0466156,45.12782745,10.91122904,19.66975906,31.78478877,63.69050264,56.96959585,48.15517098,51.74073303,72.04611734,28.56104828,46.8978686,1
40.29523871,62.29491116,32.51876505,39.27017164,82.06209275,33.26587936,104.734042,64.0423231,13.4181645,65.80226177,63.50006886,65.60345753,60.01344888,55.47421643,53.95627624,48.41953286,27.56956944,10.61464277,101.798219,112.8143728,0
35.21247967,59.59724078,31.54635922,22.51129148,54.33461551,31.29364349,107.8588235,61.2017896,20.00888579,75.6625037,68.60741561,47.57726735,70.52310798,41.66157832,53.20666517,41.62528654,19.98117512,19.19011506,68.58068411,87.27485148,0
76.86682397,52.34324908,72.74591665,48.65225743,54.89068136,56.86033214,78.19230584,32.46200697,30.41773315,51.66600739,70.95634271,76.25100514,119.5223542,17.73826512,42.12519531,36.877981,27.58523876,40.51415045,68.7598204,86.01432681,0
31.87107293,23.99258498,47.30266853,24.10460783,34.91961887,32.67584611,59.22538989,58.48046856,45.5075803,35.80909468,47.11880868,46.38715744,57.74462806,35.1706133,13.81795503,3.563597308,12.04782309,54.81146258,46.30603064,52.98168001,1
76.46079586,55.14552403,106.5623575,85.20195901,34.11662358,79.40504879,95.71097087,7.072538866,90.13334239,48.83232352,116.3010598,107.6111441,132.8129646,30.27328678,47.45060937,56.54755968,63.01145392,98.63315706,116.0463359,66.75766063,0
51.9000679,70.0701126,33.99485458,31.74810125,100.2683591,47.07659855,83.85109857,79.26614914,18.57784104,68.58628622,59.70389618,66.80147178,90.68354899,55.85172888,75.61963484,49.89570672,45.90117463,7.917153807,96.64371324,113.1396792,0
83.47736902,27.29302404,62.16078012,55.8882103,10.07708612,78.52726648,46.57939746,26.26188434,90.59325584,24.49044408,59.66985439,47.51171999,104.8223479,42.3357394,22.18610372,28.67121952,36.88556976,77.55696462,52.58602486,57.38703645,1
22.84535998,30.31909681,24.89558236,14.32945187,55.46153767,14.71815007,72.87591292,73.60340431,49.94024758,43.8804661,29.43624951,23.05258329,35.84963271,50.54611902,40.31537566,29.37430684,27.47949468,47.85999661,33.43588663,70.5170613,1
13.22198475,59.5343339,6.404308752,12.02457284,54.61443723,14.91470049,83.04699659,96.73735112,30.02179944,63.16490724,38.93808764,47.64864473,50.10740548,68.30138081,57.67940683,44.51435712,36.81901692,30.41074174,73.37994631,82.38312208,1
61.95332183,56.62888024,61.55223824,65.60948568,32.5387043,60.00722468,95.58047069,24.84988944,51.25755277,39.81278035,58.37430205,61.89876485,91.29367741,7.220944954,33.14085636,29.35877358,23.97593925,57.10007586,66.17083769,57.04629244,1
67.56368274,24.77770328,91.27099379,66.69391331,2.914828666,61.16504633,50.70550004,31.85176981,92.30461468,10.01798822,60.8880222,50.34537314,96.15508601,50.52607911,22.06146806,33.06931962,41.9931234,93.69365069,47.67274148,29.33375425,1
70.0225484,40.14560644,71.02046747,54.06580498,56.33937152,63.12919716,2.355574292,71.42268297,113.9269302,26.45597827,39.63931983,31.39838523,74.05217738,83.99245612,48.72877841,61.54269212,54.94477346,138.9628941,24.16253509,11.10123564,0
67.02908776,14.89338838,54.20395384,61.91179037,14.7259127,55.95678181,64.76041729,35.53942384,70.87825392,24.99095582,40.65487347,56.13438024,87.14633498,36.55479256,3.724261683,12.01570731,25.25564131,58.21513883,54.81413505,43.05939732,1
41.31477694,28.47955612,43.27498018,42.9209728,41.90879594,32.35013875,27.84475902,93.86943965,68.90452998,33.98347271,6.12004696,0.752487427,35.10183941,88.15198153,53.70208329,37.11692034,48.13729173,99.95715788,8.278890918,29.86049633,1
27.8075076,28.37304693,27.92655974,24.03169216,43.03836739,19.13392324,51.93904874,83.87585087,43.25566733,54.05860845,21.94736371,23.19410249,41.08818649,61.60437079,28.58556743,25.66821674,23.81913538,71.40368167,24.76852519,49.0806756,1
32.92331114,65.64429467,36.49922231,36.90635865,62.00310792,36.99671259,83.55468171,122.6871903,74.86228203,65.77562878,28.26752212,28.59562883,6.883968489,94.14476143,82.80224648,49.42824341,52.74627817,79.6749819,52.38950767,63.30782128,0
11.84555894,76.8801564,6.949015088,15.21817666,79.87358978,17.99745663,75.56089475,107.8591566,38.85309333,84.80535475,57.05433032,46.28123552,56.54141715,56.1103122,78.95919876,60.93280072,35.19697256,50.57000914,51.74721711,71.62448664,0
104.1651639,59.67533837,114.5795973,100.4522234,41.39862929,97.03434817,18.55716443,67.30810784,92.2070942,37.58626706,65.1232172,57.20508294,97.72012507,82.71424829,78.46762538,57.5988764,96.09411997,149.7638108,52.57694776,26.2888148,0
78.26358871,34.16738268,93.75511008,55.66341467,17.88994688,78.68479034,50.44219778,28.56260007,85.60059174,22.27457711,64.76969092,79.50653863,96.36430882,48.1819201,29.42952798,41.48118583,43.46495809,94.11418118,60.23659727,56.84790059,0
11.64474639,64.89553952,6.482877452,11.97386555,61.06322956,13.20732038,70.07995982,67.85876061,35.30534013,84.70441114,34.34424,39.69667559,43.55368926,52.32963911,66.35534017,33.94844678,26.57186979,31.63634674,65.5487021,95.72619672,1
78.38523885,63.23777568,79.82176222,69.12759756,38.27603886,61.24037658,90.81109176,33.37717019,41.02159664,42.69587346,64.80384165,79.2031713,111.6907433,4.210645856,33.42649964,38.19588144,27.74791371,51.63808037,60.50893594,80.23587851,1
14.81842121,43.92550176,22.82663476,15.59800113,65.83965973,15.60765068,72.36146574,110.4296277,62.0721666,71.02637846,18.71696971,28.92116841,22.1166806,97.27129868,61.54023307,37.51017039,37.69055998,67.14870821,37.15101218,70.07435214,0
47.51668865,72.05162532,44.727472,32.70330107,59.65812402,46.55444607,90.62786964,50.50795566,8.113840606,74.80456597,54.15654985,59.98742621,96.0719934,42.65997422,60.13390803,38.77077089,26.18483242,17.75443698,61.26645931,98.31616819,0
64.67817285,34.31495619,99.23759067,58.56122675,14.64904528,67.17063391,45.96554628,41.50130443,91.2856776,10.38093725,63.82250443,48.75161583,90.68693784,55.81844315,31.0204172,30.62887555,55.22746688,103.8556324,54.99415762,30.04407494,1
21.27076378,46.81921874,22.02394061,7.91798609,51.86556294,9.682817517,69.12885959,74.8175322,39.12751317,50.82261869,46.3752833,45.13879208,51.83852451,39.96112608,33.54375798,35.05788825,25.17139015,35.65304064,46.44430942,81.99985388,1
89.20204535,57.82489387,78.29108148,99.89573031,32.74104154,67.42022101,91.43794676,13.5283641,67.93300113,44.16050112,99.11922885,67.14558824,114.4485885,36.42376004,41.7659968,43.29113792,56.23551315,83.25126043,100.7202975,64.25807222,0
10.86815144,54.10400976,16.63467025,13.49642456,66.31960279,9.970589563,52.77077775,90.12500956,59.00461614,74.26119373,29.12721383,35.94655158,30.78381008,69.17121405,59.38885495,45.83538217,34.78479686,46.70764354,35.12328594,55.50138403,1
50.46514775,70.48388234,53.50057343,43.9419568,66.39887247,57.25770106,140.9802446,103.9599315,13.57760941,92.72052441,89.08442204,71.64272342,109.1020015,51.35362151,57.25550626,56.5812434,40.117675,5.270556541,102.9140223,135.2494296,0
102.5069109,36.92859548,106.4586211,64.65356851,51.62441093,59.45615714,10.81195927,72.81388073,106.143014,25.72994557,55.62322653,39.05493745,79.90262874,103.4478016,60.10779067,52.94124213,84.89630016,137.1288207,31.39693836,10.81253029,0
67.86267738,35.49139284,84.52432977,55.36634879,37.74079486,69.92087487,62.14149539,21.72735226,47.80324674,34.97559969,64.02014319,73.83720727,72.49300281,16.85255991,28.91878781,31.75872711,37.13950869,75.95541321,58.93733254,60.54244388,0
25.7519426,22.21805733,33.9045372,17.47102956,38.79148391,20.47646874,37.92961711,92.06493494,61.10674302,45.1090106,16.69133811,20.64020427,29.8614813,59.17906078,41.94012413,28.078058,37.71581537,54.99002535,22.85590392,48.5989081,1
70.68127465,28.19823292,75.72653101,84.57227721,31.96806088,77.61097583,21.69501429,54.37294325,119.7754219,20.33663028,41.62446639,51.70399708,64.92856585,84.50349198,34.71740388,39.82502598,53.96639339,118.8784827,43.58541434,13.90044258,0
88.97068025,60.47809895,79.46398102,85.67885971,34.76069878,86.24461636,82.18265471,16.70440524,84.27469487,50.05855586,110.0553671,75.76633082,103.0969745,37.2040778,40.2509346,48.18763524,68.84676085,103.2054371,81.81469095,70.87959367,0
25.70512446,32.40318776,34.75975795,24.85913163,40.32167414,22.81319489,67.02996174,68.25290207,30.89125664,48.0246654,41.2337466,61.04637087,73.44792496,30.40672345,39.3077236,21.80603294,7.629737141,32.66147053,66.05330824,70.87615348,1
37.75736376,15.40291176,47.69359467,33.2475028,23.20174059,30.27019728,49.89718857,54.16828347,53.72898928,38.30490446,31.03572169,30.07778786,52.64275235,32.73547496,15.0952514,5.485318828,22.35901751,74.07416808,32.99243912,47.63939849,1
44.24603025,90.26681219,45.37383162,36.96891064,78.51565244,53.7532482,134.7513588,81.98035266,8.490849834,108.1409515,88.67441254,100.1216361,110.878391,44.42938749,80.05280077,59.99739379,42.48278285,1.384722675,84.05336968,119.7109266,0
114.1313325,49.32763273,84.34151296,101.7763515,31.80486101,97.95117463,70.81014245,11.83931739,82.07606432,52.42337114,75.8723949,82.64691584,122.4574769,39.15130454,30.59395997,46.94926409,65.51059586,103.4115733,102.3704344,57.94960323,0
45.1273421,55.59569477,62.68440338,39.12963757,40.05318165,47.70222083,79.12382506,44.54414818,30.83211416,55.38978254,80.28911336,73.17851787,95.08227412,16.50351251,40.86799161,33.13784716,16.79323551,44.00064662,76.51080193,73.23133229,1
53.93325794,38.8283831,59.64676026,56.27081031,35.56978959,64.48919909,79.20412814,35.22877991,38.04505416,54.81705352,58.73402803,68.34525421,84.43260315,9.441845736,35.71727304,29.35932952,28.29940783,57.26626141,82.40826457,61.39259141,1
62.2376505,14.83362831,65.46241935,44.53389933,43.29007723,38.19769698,28.50115518,75.91003548,102.9404651,29.06819993,18.94573273,21.78754371,41.35683341,67.08628014,30.04388928,30.56392995,40.95283565,83.56938383,16.23690513,16.40773928,1
25.04179961,19.65267547,38.98840345,22.97966228,44.64693891,29.78745244,46.34526842,62.62672941,55.14642488,34.39690371,27.98870202,40.53600966,56.8530804,51.5459815,24.35747516,12.7539314,15.45052501,59.64241343,44.45401801,48.15104174,1
74.57389508,17.80696186,66.39011644,51.16030718,16.20330478,71.33777486,23.91602912,62.38243509,77.65576413,8.32919286,60.26479491,55.21063986,77.07362659,55.98891986,26.59162709,41.22891521,66.89433959,117.6040624,42.51150433,14.66041054,1
60.31290488,70.25901159,43.72038395,65.96927628,99.15010869,61.35057215,95.19778015,96.0107309,10.58591511,118.3387156,103.5851314,108.1117076,90.95937648,53.51586818,87.97452869,70.51908573,48.48595746,8.384574646,111.1115672,86.739247,0
63.50302689,35.31284866,69.9546484,45.19874123,35.37317305,41.06655231,80.33537713,37.67837769,49.83341183,43.35368028,59.10635855,50.55824562,71.84302226,18.2111414,18.59176693,16.81771622,18.5532477,40.61761306,76.96574532,74.45972035,1
107.8605344,44.55999089,93.00961636,96.77145427,23.5661588,65.98909373,53.72233571,35.93034706,93.13098349,23.14531383,56.67190053,59.32030732,109.4228093,54.18353817,37.46460412,50.31043225,47.95570845,111.453079,62.24942705,55.87539161,0
92.12053527,36.01430989,100.9057117,75.01242139,15.83486736,64.40068615,71.89397097,26.80348168,68.17689342,32.70953304,82.75908378,60.06824502,117.0015932,42.19491668,25.46785303,31.26272561,47.55111735,89.31301553,78.27985264,59.24183566,0
80.92070601,15.29509046,74.7153423,48.43375305,2.787688878,53.83187998,48.30201,40.86056862,67.96364377,13.85015682,62.62824603,42.17191676,100.9948533,42.92927961,15.45771529,26.17173622,47.56641729,101.6864583,54.37188605,28.18876806,1
35.01395118,42.30357627,65.18670405,42.24671916,53.81177473,51.89120164,27.63785467,76.37091218,91.10543304,59.40146988,11.61436766,9.277274969,25.57099193,69.85646798,39.42146437,42.84597322,57.64467029,110.6431166,8.195404347,42.52648009,1
55.17054818,17.27746586,76.51981467,48.84112089,24.58524894,49.06733032,27.46101878,67.22632303,76.54922356,10.91696787,42.06841808,37.05117257,80.78807261,60.75394617,28.94529917,30.65394683,45.76183026,90.35526844,36.65237676,13.71812805,1
81.19585186,38.27922258,90.12593661,78.3209026,26.61611117,71.85516975,80.68282314,15.45563862,86.33504629,37.07383464,71.68902287,61.37996411,80.83167196,34.71281057,25.46040292,32.75792779,59.66458306,77.70465613,55.53529006,67.81830116,0
44.57096124,43.68628039,41.65524852,34.17775145,47.10582564,30.03761267,63.22344989,40.59917742,32.57448458,51.03974308,65.16055881,64.05073407,59.72206946,23.09524962,24.54013224,15.83177337,6.654183717,38.9099152,57.08350613,81.34419333,1
53.94392501,30.73069817,63.51083433,42.58174453,51.0444111,60.55141696,22.36673769,92.13973926,92.0247255,39.75060624,20.83739007,16.48580108,43.6422472,88.58291615,51.48073511,49.87866265,75.84904431,108.7871429,5.751794314,19.7561363,1
45.21656273,17.72685597,46.72352401,52.22849948,29.47198274,49.15527276,22.24174734,78.44251843,77.8136164,25.94952081,26.98723006,16.47172098,57.3242134,80.68467351,29.27966659,29.1676843,40.58717093,62.83437133,13.51176645,27.92892344,1
2.158003379,54.72010879,10.69070578,9.132096234,79.15214429,5.551118991,84.76636505,108.6542766,45.49698013,74.93114465,30.40882381,38.7772383,30.52050713,54.68478408,53.38467906,37.59389674,31.01796961,63.33318103,55.512121,79.70833547,1
33.27129704,46.07250962,43.03741179,25.95048139,55.28413938,47.15106163,86.22620447,57.45595597,19.80087044,77.69319796,62.45105007,81.16667704,73.2904961,41.99094258,46.30742041,42.45676239,13.20277797,19.67554124,69.02406705,67.31004124,0
23.75021688,26.29723315,29.6973277,23.86765462,33.54027346,18.98129024,54.18911062,69.62508378,39.82967135,50.38759704,32.71534024,34.09086478,42.19529001,46.23251784,23.71352017,17.34353416,14.83464679,54.3253555,39.42641482,58.58752502,1
83.41711735,39.72076106,83.98669464,65.14451971,27.23605862,72.71422464,55.76030167,21.45111062,41.14004589,33.5282684,62.04115583,79.73211,96.81763988,11.60768537,23.39785975,24.29932865,28.04159851,76.35216573,86.43717483,75.39364486,1
65.34513211,44.16405156,86.00087979,56.99993922,45.64909346,84.60052285,89.9101603,7.87827014,62.12594333,63.43180847,103.2889504,66.12419935,119.0017379,24.29619863,48.27610548,45.24986596,39.99016515,86.89121268,86.63092125,82.80146739,0
22.92377272,58.0909343,25.40524418,21.22355919,69.84769746,23.26142418,87.02922903,85.58499948,26.11724305,75.23340631,61.82445071,50.60064795,65.28819794,43.26660415,44.53152632,39.7926627,25.06738351,20.08620749,78.83941817,85.63356347,1
86.03288106,35.78379767,100.147719,93.05673661,17.82095225,93.01454892,52.43401531,40.01989351,96.21201881,13.11146985,74.87899044,59.6043104,101.0545065,56.45133045,29.51421124,37.18152608,58.54884006,109.844714,57.33152989,33.00571851,1
16.317744,65.65028602,16.33844837,16.50334829,82.55391352,20.7107372,89.7913735,73.51332674,27.27941227,81.40979052,41.28112459,62.52227265,61.90002242,64.51292731,55.90040283,49.3510319,26.97342259,39.98877695,48.61525099,77.86066662,1
24.26563536,47.3074269,33.24727745,46.96944018,79.6524204,28.8322376,81.5130792,85.60350889,62.24455643,75.60205752,33.87926101,44.56272407,7.691669686,94.72680597,87.64943872,51.4543449,53.39053671,81.55612392,48.94648244,72.45171727,0
35.43666944,43.03814379,27.54364767,24.58490922,74.71991752,34.20231399,81.61200137,62.52093002,20.50608387,69.23832039,53.88410608,58.06235006,83.41999868,51.21500603,39.18054474,39.51798617,27.40463617,23.64185405,86.60529995,92.63473114,0
78.33243953,17.21064842,85.9939505,74.28970246,4.607023371,77.33738347,40.20397903,46.99852261,99.09199801,7.168873302,56.07434935,49.38778944,101.0735878,42.29732932,21.41474766,25.62271157,44.79797193,111.2005409,48.23425193,40.34297008,1
59.32508612,58.62778166,54.87835855,50.15672401,70.02023406,50.48456556,72.79216709,54.39945281,20.67509969,80.54791464,51.11764345,58.26579329,64.0405535,22.6718261,51.32632079,36.43213329,23.45342665,30.075819,81.88354116,101.444825,0
89.50153647,51.74875053,109.3417692,95.86278595,34.97161496,80.43360581,90.78631089,6.903469652,60.06135361,38.56984636,68.30489832,88.80712195,117.0144071,39.18720588,31.07960619,54.77647898,68.33972844,77.8949602,85.59961804,68.26060056,0
31.72459217,41.53567923,45.43143707,36.24433973,53.53552547,37.7684267,41.18363244,71.86139673,64.47934094,57.60076842,8.043164284,4.891256984,25.22697616,90.04791457,52.47338304,41.62713712,45.51575995,92.67448054,11.74720664,46.40057745,1
99.29562334,35.75329068,106.5747348,93.37721868,43.78640288,90.51808937,12.84650521,80.11253127,128.7788325,27.97843142,40.24896339,52.21298878,60.65381357,87.31504602,47.51149588,51.84642762,83.12420836,114.7774557,37.8921932,9.215439691,0
66.40438504,36.59336936,49.67831716,33.92729691,39.40069628,38.69611757,76.71783169,47.36333323,36.39865167,52.7421448,61.44422507,72.31324442,104.8759743,15.4170795,25.25154017,20.08542386,16.32115165,52.12391434,53.38325907,82.72999262,1
65.71460414,40.67807961,79.39459239,81.11822031,60.1124721,88.69323126,9.523394064,73.00164143,138.6951132,32.5916807,45.23073918,50.32787335,82.52544158,103.224245,62.41404139,71.86966097,96.78458648,131.6221305,45.61426976,15.42276746,0
67.91009423,26.86630831,84.49202855,80.69187011,12.60170311,68.29698849,54.41493726,30.60158164,100.9566356,15.55889947,59.54753352,70.1811113,101.3148125,39.16246038,24.46534936,42.7530879,61.02089675,83.55868509,54.93577506,34.96399741,0
23.80705109,47.69300513,20.13334803,15.08555478,55.16379643,18.15754422,58.58743944,80.18502034,34.01240554,47.2338551,38.75831103,36.77265226,67.18221263,40.62272281,34.41119846,25.87443616,16.63368133,41.01333654,47.56653967,86.81877426,1
23.66985173,64.76816301,32.50267101,35.9928758,99.27903144,31.57226101,68.71065634,126.4262314,76.64281271,79.05475388,43.57140555,41.18302526,13.28056701,78.63436346,59.48654113,60.89363225,76.30319937,60.74567784,59.86721579,80.77140297,0
58.5705455,39.52690809,68.71143505,47.31386744,40.36699253,62.82653133,99.72756986,47.05864312,34.32541257,59.57895031,63.59246004,58.18502864,83.34733027,15.35038728,38.10251905,35.79271219,28.30084652,32.28298835,83.86049152,64.03144479,1
55.57187097,28.95514203,53.27108767,48.38783877,52.16948157,34.15717495,31.42739674,78.72270837,85.04481023,41.20759555,14.83117791,9.689668919,45.71721444,66.68228256,42.62179716,33.02992276,52.19428656,96.37244432,3.681578825,28.37216121,1
109.6987208,43.63008844,70.41301156,71.83360726,20.09921967,73.99393966,62.843378,18.55836091,83.02649794,27.59242628,82.38048912,78.72561617,113.7807855,29.68461508,27.57341784,52.78170152,61.12728223,99.48754786,57.45108893,51.69950281,0
19.26912558,63.90249121,14.67868517,25.90633584,66.21524662,26.79576441,87.65538152,85.30629799,39.25019408,90.43828681,59.37380463,62.60563634,56.67117259,83.53001981,64.71326775,59.62972483,43.79580209,38.83524503,54.34352088,70.14324166,0
45.13845757,17.44327327,64.20917594,58.91643109,37.64136533,61.78381338,18.35116231,78.31287973,89.05005614,19.86864952,22.776521,19.95529511,66.96826183,73.79963046,28.16954954,32.63395914,67.54207781,73.87067237,18.47662152,10.64686815,1
59.5959358,54.39892262,60.25918751,47.65722798,42.52979072,55.22133766,59.88356377,25.12413447,55.34129163,37.00914415,64.34938471,79.84219712,84.03799054,8.713521597,22.42628208,30.55487562,30.31345463,66.2884871,82.51015485,65.62453012,1
38.39579163,23.5706774,45.06558428,24.18276634,38.77518521,30.02868525,46.59767792,42.86441082,56.18167039,47.73258788,38.75671513,47.06155199,45.7748951,39.78265152,18.50136404,12.59341526,15.78044828,43.16957735,52.96160738,59.03337471,1
38.56150298,13.58881416,60.1202316,39.82110128,43.09676151,31.35288808,31.78051448,59.68624284,82.73464975,39.06246471,16.32931079,13.96932154,46.92324467,54.13455656,27.94272272,29.78357346,53.28915339,96.0682638,12.30188405,28.46051601,1
77.67811227,36.15471127,86.14211426,63.96108364,33.24882998,68.48392818,6.383018967,68.63022815,95.65425191,26.31036098,48.07613414,34.95285363,60.12931479,93.24854478,40.19240992,40.85144749,82.0994741,89.12679548,19.01169295,8.752109314,0
5.959927554,47.50721681,9.806817564,5.117345288,78.65411907,1.298274066,66.94837949,80.65265396,56.41769543,55.65125301,23.50960707,32.75785559,37.70081027,76.72814518,51.13005797,30.50533027,29.04782797,54.2380579,39.69943245,52.76042084,1
64.2027937,37.68812521,68.0818932,62.14091618,43.49154863,59.87942992,4.808572189,100.5192873,126.8786921,39.08471064,32.86481557,38.56784765,74.70288768,67.58466295,49.52633076,52.08175065,88.3954745,118.9812065,30.32570955,12.38841811,0
15.98164177,63.41398656,20.07847375,27.11903186,75.2644322,17.12641466,88.59340453,100.0235099,72.20002871,96.62351621,39.60371188,45.6430683,29.47766586,85.41301672,75.22032632,50.54033518,55.53424818,59.27986009,57.14948998,69.88924593,0
77.56483708,51.28770165,75.89871826,49.67890052,46.79440341,63.93913461,72.85143459,25.13386854,43.37454233,60.32141941,67.43905455,72.11294429,111.3859801,1.800093282,41.48760491,34.78095211,36.37811067,45.47291931,86.891303,90.7474717,1
65.51807208,33.23126306,69.03244023,66.31838268,46.40837099,41.16851587,22.70430883,68.41431205,77.36785395,30.66311857,19.2035207,20.36176351,45.93219833,81.39758037,44.06554422,39.49594575,53.5976063,104.2275543,9.445548671,18.99524008,0
16.84430907,36.98046809,16.53458494,11.94839066,75.09593351,13.78265502,78.99221913,70.21976774,30.24753807,52.30943594,51.99769427,56.00200995,63.51150123,58.17882528,56.71197375,35.98499492,28.25792487,35.00806218,52.71732491,59.2814132,1
85.1141396,34.24243504,74.50447442,73.12686608,12.43493548,54.39471323,59.22827577,29.48761616,76.65269861,20.27010043,80.24995289,63.0231268,112.5530965,33.08243881,27.2508607,29.07697283,44.56700019,77.6327062,74.02885885,45.36718775,1
80.26707622,28.14280485,67.54910116,71.02857381,8.739935425,54.10535819,53.90317906,20.63299161,67.74888492,23.55639163,47.07749786,46.59172468,88.1310453,34.82050591,17.26847073,27.54896092,36.17353678,94.81084228,71.35861233,46.32745844,1
53.31903964,49.94135805,58.32441871,59.07904296,37.67736305,47.71539037,100.6345218,47.04395112,33.7127585,60.01247649,78.54906184,80.6040093,109.1097208,12.26961882,45.22448145,39.15961772,19.13365611,48.41079399,98.64429543,80.42490334,1
74.67158841,46.15794239,66.87418568,65.6952649,39.62527266,76.42695514,71.16436056,17.81612861,48.79918518,41.77586126,82.67295568,79.50497077,97.89836562,9.688318352,33.52325004,26.09258962,29.23220173,56.9936771,86.5798874,69.98196469,0
41.66776196,34.0220686,72.86436337,53.90068279,49.31943829,58.54200571,35.96107602,96.24972224,114.9141321,48.39804537,16.15862456,14.2073169,42.45086672,91.65880608,49.22219206,64.34506907,78.6465459,74.68562931,8.837928162,39.21398429,1
43.24389292,35.01805464,45.35353489,33.57237424,44.33851303,31.01624262,84.79110406,64.52450929,24.07444315,62.59667884,46.33937566,62.28339119,74.03554907,29.1482767,40.27027918,19.33051524,3.626088068,34.72011524,52.168455,83.88548981,1
89.72877025,37.74018225,79.24198084,91.5085858,17.11696754,78.17640194,36.70606657,35.04118253,82.15910801,14.16686306,67.64992289,47.4734797,92.68749249,65.76275937,36.62760067,33.88068238,54.35684726,87.17508322,68.98042534,32.42144721,1
78.63015563,35.21210047,98.52357557,71.9241243,30.27941822,87.96540178,16.73939969,57.99121277,100.0797614,24.9851533,59.64894801,42.880862,83.78318245,91.15454372,51.76268984,48.42511787,68.67905895,86.053066,34.0966867,12.46311021,0
23.95548912,45.24114737,23.76802704,34.00151278,73.5380609,33.85000873,84.61996326,97.57227984,69.34587933,69.32782382,33.73076451,37.6529733,11.33347395,90.50989878,82.56489738,65.95085027,59.85317945,60.69700538,44.60448511,60.49166856,0
78.0090118,44.26593676,102.7291623,72.00057818,30.29874581,61.86127532,14.97061866,76.19498332,98.12625118,30.02248383,55.1207349,57.24406353,91.55234707,72.87807075,39.10102741,53.62853567,57.63044029,140.8668983,52.29947603,16.56271972,0
71.72015985,36.63104223,83.45724138,63.71810835,16.5355535,52.0627606,77.49534281,18.79722329,85.11765542,35.27391381,74.96397944,64.39175683,96.84064042,26.63921444,18.89941897,24.79344191,41.4746298,89.32815719,79.21715521,51.99592223,0
91.17280836,37.54125505,62.32585137,64.07396178,39.70506711,73.82728028,3.823362401,82.05890807,119.2102204,45.03982806,50.51656536,44.0566261,68.840468,99.70080054,59.7893312,65.51534024,74.41873053,107.352658,27.93289765,12.22019289,0
13.98016312,37.54614693,21.11848762,5.878639576,53.67519418,9.298819804,68.34909605,87.94990135,41.44616518,68.06779084,22.52819467,35.90630006,37.40257146,44.46858949,44.83635871,35.143085,23.7331864,44.9760857,52.40532933,50.07442356,1
11.79530108,33.03804257,22.66888748,15.82665866,56.32611691,10.50816391,67.26176892,101.3764064,72.09186079,55.70976731,14.53381218,26.72713406,34.91887424,79.50819442,52.20979812,44.50576206,48.50923656,62.29677946,37.99181421,58.47965411,1
34.98246942,28.06756818,53.9549997,36.47769583,55.54711775,45.4573316,32.22908875,83.33537618,67.03281513,51.56249334,11.7903814,6.137968128,38.67495647,96.87590704,60.83864256,38.21082461,43.8056749,108.097039,8.821265892,45.15132867,1
74.39700338,47.50280837,103.7983372,76.97435138,47.792916,87.7090214,10.53904373,83.68621486,89.34678535,46.68819461,49.22604724,39.84147246,56.76307361,104.4207268,52.84893542,69.99508197,99.8719807,142.6616688,36.25716384,17.45089472,0
25.34672189,61.79416009,25.15321341,24.28324067,85.8571465,36.45878125,119.9782304,77.82952212,19.20872542,64.33807966,72.03192427,63.4687991,77.64061535,50.59711297,48.71194023,58.90425219,33.17282453,20.94429943,84.01964924,96.22711204,0
68.28158583,42.92433702,73.24810057,94.34309415,42.97234854,65.84134761,16.13784929,61.37509159,117.424864,28.70114854,64.67864894,45.83040476,58.28393016,90.19167861,41.34221702,60.51244182,81.60048106,117.4637874,47.06915771,9.151261126,0
9.068312441,50.02508582,4.399414321,8.463905751,70.62951034,8.865878864,94.1662413,69.84282101,46.33090878,70.64517765,36.75530746,52.80387136,56.09359279,58.70087116,60.72420713,47.92069283,42.90625167,42.25047192,50.54587629,61.01912156,1
69.79352167,28.41001354,85.72134245,72.70366394,18.57985164,51.76095089,78.77811838,22.70393302,61.01447939,31.44401855,82.80271435,56.07864334,112.0577004,24.31608384,19.13900194,27.73278364,32.50713014,73.36244587,58.34982904,69.01751557,1
37.60680207,35.57828055,61.96388691,46.12265556,53.29844743,46.15167074,31.64294257,90.56833212,104.5640311,41.74884454,10.04220852,6.374868599,28.93541,73.92556653,60.89341581,45.92256995,63.05946397,92.64947531,10.65933047,33.00272303,1
40.98767678,52.00941234,29.6758123,24.7145425,54.32807657,38.10817829,85.20396196,63.27945898,19.6475919,73.22571571,68.77669583,65.23709244,76.744363,41.22634128,54.97648878,35.80516295,15.75219277,27.58485054,82.10525475,84.54688513,0
58.00793912,22.34886301,61.52099074,41.46239237,31.63358742,41.4392377,47.95342744,40.41138757,50.83633421,39.81499501,47.66799349,42.21848089,88.56713746,26.53688228,8.183965649,4.501983576,17.97459398,60.30152417,63.75141468,46.49821858,1
5.781265447,49.42194987,10.41405061,12.44510149,79.88090148,9.129286462,84.47169793,73.83673545,60.03934032,62.98198252,30.85465438,36.53009054,26.35780852,68.30941216,62.26121746,40.59343616,40.58655185,67.06018817,53.96898061,59.03171673,0
67.69280216,17.83596261,67.5539998,58.90012114,38.53000058,57.88424352,18.81472407,71.24110942,94.67062381,21.77611894,24.27311185,18.53820748,60.61250334,65.3966978,41.30778411,39.27275736,47.42343143,89.3299204,16.44916629,10.76017157,1
67.22901168,66.25554403,62.40939321,64.64714064,67.66511171,65.67717952,109.1701106,36.57031559,36.92027746,67.30089821,67.46769034,101.1242502,120.6000238,16.79212631,47.01029952,47.11705447,37.97656178,44.91460687,87.77056981,86.88501528,0
78.13652533,38.25718026,93.24437437,90.33273416,33.58780862,81.17991664,24.17357171,74.46012373,94.02539901,13.74869041,42.90666717,60.43059156,84.66919575,58.44019634,47.36626458,50.18070055,66.994833,108.0711353,49.59950473,16.94935447,0
91.52485312,27.04045598,78.65003779,52.38913566,8.668748583,55.67175191,40.63854794,33.72195559,77.12244991,12.45272156,62.42546544,52.09546977,74.29652215,40.91953858,20.18916163,30.58377359,42.02445172,101.290456,47.41415752,35.7615904,1
35.17343232,62.5766252,42.50734627,53.35601069,85.54865361,29.45598606,75.06866991,85.94831151,84.15963193,96.36619378,28.69091028,43.22253381,4.199476867,109.9644139,90.3084277,76.97870875,74.31662177,84.8937108,33.84869175,75.69453188,0
5.468929325,67.64511152,13.96554578,16.03065986,80.07223614,16.14675989,74.76166141,117.5743599,63.19832988,71.85965603,27.81915922,38.95830309,29.95322168,64.45381263,68.26099285,60.61088334,51.9618955,51.55041136,50.43348951,65.45476291,0
91.26416401,69.75042518,108.7525577,83.42039355,48.26166059,76.40265259,75.320647,10.53326362,66.52895944,60.52451972,77.03871241,72.20305618,123.5400117,22.40331943,48.31387707,46.22396818,43.0797541,89.92310415,97.21225589,87.81714627,0
29.35183422,44.1630102,53.99549697,40.27571718,67.58193887,27.74964112,57.97789877,111.0019184,85.26080213,56.19951976,22.64491069,24.19104346,11.59413215,106.7973249,71.96187461,59.97962792,63.16738387,96.82153141,34.1557398,55.39913893,0
86.02345155,27.86284904,91.28564474,70.66260434,31.62861498,73.16774231,24.61044163,64.14308424,97.05771114,24.53817049,58.3842958,57.19435393,81.62484565,57.97327706,51.62990319,44.4507529,77.01614895,128.9031479,32.13807553,10.77013593,0
28.61523033,42.98557627,41.19940522,40.95301765,60.36399968,31.16080795,55.40910439,109.1687273,65.51380714,87.15679415,26.86423421,31.78308329,9.026831603,81.45209264,72.53344004,53.91109985,72.8311469,97.81174247,42.93598755,78.0881192,0
67.12956455,39.4671759,71.73111555,46.3805831,43.07726131,45.18808087,75.48164449,29.08214851,40.51952165,47.44462321,54.44327451,64.9281028,73.78915636,10.28227592,21.45123617,20.20458107,21.94137862,58.71276097,66.70970514,65.74166362,1
39.45971106,32.22494289,49.13533114,39.24644574,62.52618286,43.60277573,38.7905432,90.32831645,71.01006356,55.94508174,18.38730959,12.10950685,38.29913937,97.17222954,57.05260621,41.64018388,52.66021715,88.76317293,4.387507247,32.28168955,1
55.71654319,19.73536817,69.91321063,39.82265962,8.102533291,63.37577806,46.29779839,32.410664,52.18057763,21.82198892,44.33881447,46.91964135,61.67612936,42.87441459,5.301171831,15.65775699,33.37321519,81.31832686,49.4119593,33.93860833,1
68.7034686,53.29959228,69.05802062,85.75568742,43.70373984,66.50260651,90.01312349,19.93754035,54.02966612,71.53494081,88.84621424,74.97921877,127.2802125,11.37279149,50.88552412,45.86796122,37.78698849,65.78418801,95.88034812,100.9743795,0
30.0493163,43.88954699,31.35746792,40.43307632,59.50887961,35.12769669,52.32255213,84.34594571,77.55717841,63.83954029,21.19201992,28.48392244,14.61623551,70.73621301,54.49415028,70.91819795,61.56773968,75.81963673,37.85317953,70.84477082,0
0.501818223,62.58487737,9.262469297,12.43911416,72.52673517,8.871051912,62.81148601,97.81049568,59.33857723,58.16468231,27.2463694,32.34530808,34.17539207,79.22480462,48.86185063,39.96209805,40.39009639,43.44877783,57.61012608,60.62151188,0
49.54189459,29.43055113,52.54096167,43.75683975,36.10431429,40.22637357,64.60064511,55.7555284,41.49227105,48.47165626,46.38831467,54.4794353,78.07792426,26.54618412,22.09524253,21.86072567,9.323913311,40.11299038,46.69562975,74.54221644,1
37.81877324,58.89933474,34.75758816,33.25629988,45.69072594,42.26615334,86.13903648,46.05954392,15.96608842,71.36807464,76.66235943,65.04613823,70.34397111,29.49208354,40.43896461,34.26995558,17.96957531,31.003182,87.94550121,76.01228131,0
49.17966911,9.870033818,61.51408764,48.18905368,14.63535448,64.8439391,36.17062412,59.61278257,66.97758124,8.112764894,34.04010635,28.35920109,71.96309058,62.97652345,17.81814421,28.48889383,54.96807084,82.02444254,42.06202735,23.76483899,1
33.95337757,68.96876374,33.33650681,44.66485801,88.41497402,43.23002359,95.13531662,58.78665275,8.420322893,89.95436343,64.3923647,80.4602137,89.73656884,42.0549,50.50438801,47.22712741,30.40146499,6.84348994,100.7688032,89.77181798,0
25.74539788,69.27695884,36.60130582,33.78897984,75.80078727,32.67350014,79.62481683,123.7964139,90.74808985,60.64614345,21.68361313,37.60924105,11.12825503,95.01354239,65.19657101,48.92366758,57.93644458,59.7665246,32.32936292,77.50179626,0
40.1857886,28.62661788,44.4715083,31.76485027,28.64191391,46.59514736,50.12743296,34.7379147,36.7901249,43.00788894,36.6170312,47.41386536,68.97014437,24.45715595,16.95158179,4.451942103,17.64814829,56.43477887,48.84103931,43.31431112,1
56.97269071,18.8166337,52.05079819,39.07489463,21.37919205,57.3263375,50.64690205,26.48326034,71.2686635,25.51559033,43.91322434,51.28144205,81.29059472,36.2078981,7.483715663,12.74002934,31.07451231,57.95716998,55.63899749,46.92864883,1
42.88942404,55.8586343,42.81745246,30.14641625,52.0017023,36.11458807,67.86567519,59.38047561,25.14079431,65.41768673,55.71118259,53.11914788,60.97842298,29.65399243,44.35093879,29.09325107,10.65505985,29.82224033,72.26627175,65.71705391,1
60.96964284,32.57178859,44.96650259,54.99057019,48.07609177,38.59106759,28.04132241,115.880865,106.7078774,45.94588548,20.02321063,15.85470582,29.43437894,75.67016153,50.6189755,61.79049501,60.49390252,108.2604593,6.986258593,44.94186296,1
72.80606163,69.35591078,86.98027667,84.9641158,48.39494252,96.41112327,68.4061443,14.81622322,45.81796465,56.10665269,87.98248624,85.22280316,128.8238285,12.42469501,45.81023713,43.26358468,39.17251388,61.45800762,86.57109236,68.83398804,0
65.54412397,30.62127732,69.53390191,51.47951733,24.69560413,74.40251256,15.98294606,56.80234099,73.43476971,18.47764669,38.93093244,50.72616996,58.08495825,83.77659675,35.01889698,48.0691747,76.53527824,104.0690931,29.74668565,11.8040895,0
10.69072634,48.47842379,18.64807768,18.75367111,54.03190783,13.07175232,71.28420675,83.95090832,58.29492606,55.42636383,22.72245579,40.30513862,19.32596581,68.03688513,55.87196874,45.9656782,53.15265196,68.89896069,37.82498016,84.96381228,0
89.11037575,38.77474903,92.69904384,78.7368242,50.98772928,90.92325093,16.98535556,65.59363273,88.47428086,35.67330502,69.32196304,39.91994931,64.29531096,69.19602914,45.0377199,55.70156266,94.9791607,105.5584893,51.97410588,19.33047234,0
25.92906581,29.28098746,29.37016639,15.63580974,42.44612286,12.13023938,72.88798842,60.98105167,62.64315919,49.39932382,27.55733667,31.40100209,38.79375971,61.77015839,37.41209933,26.09937968,18.97555669,58.0988107,43.87808501,49.69892613,1
83.55995855,25.15559028,55.0168136,60.03687414,13.74758983,65.17995191,48.07198684,31.7285607,54.2292951,18.48322184,59.58291695,66.10185506,80.26230766,27.5750422,12.10421673,23.4505687,45.87681619,60.23205814,72.79211113,58.59805446,1
74.17952838,46.89047766,66.56882273,75.83303558,53.65178945,62.34304611,102.1453299,31.50093275,33.44041087,51.04795027,90.44278965,82.46145883,90.81323376,8.62737602,53.91051383,47.23733943,38.36054242,58.63566976,93.87776151,65.67947542,0
74.93733822,42.55319528,80.54719302,64.28895924,24.84375024,71.66024706,68.90036983,10.95008551,78.67782947,33.81227348,60.21000314,84.25393294,113.8552391,24.38371776,29.25680858,33.43777777,39.62044822,63.43016627,68.8460005,69.30859076,0
16.27797034,62.75380806,11.52604977,18.03783039,70.5860917,18.09696633,76.44369278,80.73578698,35.64863044,67.62678422,54.37068402,66.22821158,50.38348629,58.47734214,70.35066859,49.66191608,35.90123602,32.24043289,52.06169769,89.87173541,1
34.69886587,72.51694126,29.58056035,34.77329331,73.24731669,46.57393947,85.34126889,71.61730245,13.14489764,83.09395387,79.84549354,87.09244408,61.25608847,45.04764916,70.52106411,56.77196674,36.26038614,11.9991313,66.71450446,114.8707757,0
78.20479519,40.57148511,54.22217664,43.03482023,53.58204865,53.60148325,86.40529119,38.15005908,37.50337554,67.71754996,85.82446041,83.28944627,77.43252101,8.380602415,38.63085669,37.84497998,20.72459755,52.52874777,91.66842038,77.87667734,1
54.52843158,7.652696368,48.14635274,57.87172687,15.33001347,60.19561854,31.89692701,48.31002417,75.99833429,15.03367864,42.63512583,26.17317642,51.71843437,47.57951892,14.98433553,18.31751599,45.60935406,65.08075854,39.41215888,25.03094655,1
14.24672836,49.68981325,13.93862049,18.03487846,69.60136455,18.71717387,57.78905107,83.70460227,50.22687746,83.45861361,26.72416327,34.7410908,20.69824808,90.81944625,54.1692376,46.00519625,52.41608687,62.69754614,55.37627513,71.21856568,0
42.60287454,20.25057175,34.15645946,21.43876914,28.81622868,29.34624268,49.41465801,76.90546216,62.68454406,32.47515536,19.81985079,22.92740699,55.33531088,67.62318181,22.43046194,22.59369168,32.92656911,72.10951156,34.93406809,38.95296072,1
79.2149664,41.64007157,83.17092113,68.08573427,44.88424169,63.76590787,13.63287598,80.76182164,83.44623023,41.43747373,35.96593224,31.35372681,52.50015481,103.4997674,62.63022716,41.89367267,81.58889541,115.3698109,12.50403938,20.58819112,0
81.1647586,49.29732271,75.47603343,75.40622716,29.30451599,55.31139083,81.49278382,18.32929169,45.68289842,34.34809475,72.35181394,75.43277646,106.23068,17.03158484,22.90019313,27.42418565,44.4016179,75.71400287,68.27273261,50.27690405,0
68.28239465,52.14201478,46.21550729,52.75868444,46.22350558,61.50312817,84.40758108,46.22604193,31.57619834,71.09993512,59.98917945,99.47607598,77.73656705,19.82684609,44.63979069,50.4114709,24.80512043,44.3821963,74.35412989,96.57168845,0
58.8772782,58.5272868,57.63221342,53.9787692,74.69212782,69.47553886,136.6930097,91.87386383,5.691833701,89.42584255,99.61982938,72.97146643,85.80139207,49.50711689,56.97837466,48.09130236,42.88576432,12.84211153,96.44593102,94.73507312,0
29.8036201,26.4406286,33.86283806,21.25544727,33.2505013,21.28296026,52.59918468,57.87813194,51.79206087,50.27860183,45.0318568,36.28424384,66.89940231,40.24050466,26.80359622,17.58508926,13.36296964,54.92700123,46.12502922,59.22194331,1
59.21450122,44.32684517,89.34292261,71.17733588,32.38837704,71.42751871,59.33988455,21.81048226,67.77007047,49.3922356,88.59750023,80.95387797,81.51813664,14.20921914,31.61436473,23.4652693,36.72378925,62.88314919,84.2944441,73.75267332,0
75.78214698,25.59888132,93.14062863,77.88223918,10.68633175,82.12846254,38.79738244,34.92963503,75.71993469,7.550820632,49.66799309,40.99440929,98.48399858,57.41934603,18.84630078,33.85490835,49.80540602,82.56571772,39.86281634,37.58018787,1
12.5665074,42.73392711,18.73674706,7.150744372,48.29604274,5.798561988,57.50392325,72.33946122,50.75845237,61.29962804,25.83382675,30.63970045,52.53925653,62.36096103,36.90272947,39.3479897,23.34497803,57.31282055,39.62623132,69.25521457,1
21.60133454,46.23579742,21.27631099,12.95973601,39.30805477,23.2788997,59.22995672,52.45026954,34.08109723,49.33378269,38.13406573,48.37428525,57.35604399,54.55381443,37.94245483,23.65562835,14.32860218,46.77047672,65.46637638,74.36036836,1
29.46533239,54.86778749,47.74460608,34.22228318,67.85172851,38.69447166,63.81751641,132.5953542,70.73028891,59.66885284,25.77900534,34.68469843,4.397947806,93.2380053,80.44237834,59.24222493,71.83984994,73.60858669,39.79227066,48.63814992,0
39.07602971,46.19229723,38.28087302,37.49079014,68.89334805,31.65737995,76.27689291,53.50529949,11.34331792,76.15664102,74.23346271,74.35726671,69.50837969,31.13137269,57.87377701,46.80637731,21.79416277,15.72128486,60.6307032,87.71842804,0
50.34616842,69.0531715,41.33052833,32.1969357,57.46032948,48.39364138,124.5010388,64.75334251,10.39363053,97.92162756,59.59272694,56.93080018,81.75153094,41.01912649,59.67367804,47.33904907,23.65076104,9.885818034,93.18262419,91.79403281,0
45.66042092,9.671810166,64.99232332,40.48023391,22.29483455,42.11169416,43.39317966,39.76158013,75.05973918,23.65768878,36.08937935,39.58785347,68.782134,45.25895083,5.135617751,6.350088119,29.17690772,54.54908631,41.65461569,35.82873876,1
108.354553,37.96619794,74.41643094,94.82863645,25.26674867,95.97644812,75.82934262,14.57437133,85.36965152,42.37588237,85.57522206,76.44139829,124.1215466,40.30153128,35.92648954,34.70781193,65.50139822,82.08459481,67.78506722,50.99756021,0
72.64378984,49.86171288,68.91517996,58.94321152,47.29733721,60.15712649,84.34782726,44.82476559,24.67193079,69.49884185,66.84044071,55.52576325,96.02941782,15.62522294,35.39446286,31.41504977,26.29503504,44.58444793,75.34135095,92.26805804,0
97.20887152,38.12232343,109.7940382,98.80955901,24.56513717,67.39175958,88.17547284,17.64385356,64.49747717,30.25620268,74.56800605,89.3320157,99.24070405,34.51107309,44.21485274,37.0656621,61.92895889,105.765522,72.81370665,51.6181779,0
12.60833268,51.35076994,13.50073509,7.496333451,48.23153038,12.8725171,69.25471437,66.40367804,36.23805784,76.53996955,47.031371,54.81100449,57.2972572,66.79590837,38.56617447,35.15578311,21.24764494,36.34667872,62.68107405,88.62416253,1
23.49012035,64.08888349,18.30350274,23.55379167,69.77355326,19.3548625,102.0287791,73.45922108,30.40705884,62.03776259,51.33112933,72.96837988,57.92847265,71.19108958,60.44323281,39.41021303,36.5362956,22.47969667,85.83086595,101.7179069,0
30.38390444,35.53999956,21.8107215,17.12876232,47.73000907,24.3440786,74.10929053,67.00661313,34.30623285,43.98064598,53.85104443,40.33001682,45.61933259,43.66993133,43.59123451,21.13050296,13.58278052,31.39824462,46.66734264,67.25696388,1
24.32374313,29.43170487,32.54909157,19.40654095,55.13344318,26.34556725,53.38503974,67.20064431,26.68588391,54.36264932,52.65256465,40.87635115,63.44221185,45.60680978,32.24526845,23.60731053,5.674037307,47.86660132,63.4825956,65.57116715,1
20.09910398,65.12424256,19.31653018,22.6827017,59.32556607,29.96980174,84.31624332,64.46586658,22.3787783,64.85418412,65.7805011,67.07274584,61.46233904,48.84489271,66.66449145,41.94845144,29.22155822,20.00541547,76.07512977,105.698751,0
75.79653232,31.2696807,76.87620758,56.09916095,56.62271953,57.32781621,12.25157693,80.52583315,90.09534031,48.56067629,47.59513389,28.68908844,67.97371424,76.96842688,59.59880162,73.79733633,65.0471515,126.2031666,26.35651044,21.46383831,0
51.6751185,19.85865081,52.02258007,37.56967911,27.4141966,33.05605881,51.0925337,51.90652751,41.91629822,25.65132906,47.03531676,39.35106085,62.76988549,29.26679941,14.50249409,1.901786984,21.1319105,47.32403493,35.10276484,36.53337494,1
55.00639713,55.89657342,56.50451579,38.63002469,41.45486742,46.14382469,90.33987109,57.69089559,20.8625128,47.68400715,53.58991339,74.34144251,94.8702443,25.19587364,35.21614866,26.25143259,10.32684643,28.28521412,69.71013024,64.31919756,1
50.49659606,15.12720736,53.08180443,35.25810107,24.62610249,48.0304923,54.95279617,44.5506354,44.40475974,28.92467044,39.73065043,29.16389441,78.94106766,36.67499128,8.381711917,5.790230146,28.09754382,57.18408759,44.86281362,44.24351139,1
65.81648964,33.04933211,91.59484381,69.48760645,38.71910732,78.11929041,24.55868982,59.68770164,92.35058352,18.95878325,67.34968328,49.91904711,99.39200786,76.9432666,37.81034081,59.95870784,75.95361785,106.5164086,51.73381,16.05533094,0
44.5848246,30.4127558,56.16332761,41.23423393,49.29084193,51.7875603,19.57447663,63.25879787,73.93140378,33.01675769,26.01500792,13.26019428,54.73694467,94.41091993,54.09791606,36.56538231,68.41997877,88.71599076,3.764167235,28.19505632,1
49.33377654,50.77714186,56.43382241,55.94288615,53.82949312,63.95214805,73.84015379,38.99336819,17.80058671,83.58317069,80.81602644,72.38833039,95.01575778,19.45935393,38.58090973,40.78272408,25.18647791,35.65674406,72.6225874,80.61037871,0
69.27356779,16.62961994,78.4490317,51.71710679,7.409404751,51.30540711,31.95776757,40.3841819,67.83659097,2.823074395,50.03359408,37.51631941,95.87176811,40.81468258,26.47781905,34.44679099,59.73013662,74.72292173,42.77397342,23.54820185,1
43.14526814,20.46682056,41.133085,54.987221,55.7329846,42.58546505,35.16688287,63.36409497,82.23097649,44.57711274,13.37493962,6.849262959,40.82877625,66.47009009,36.84361361,39.82430518,59.79643043,109.4390835,5.377147641,31.60184389,1
46.98963106,31.75206921,55.77374602,40.38969919,47.16720752,32.63385078,39.73442475,89.75992031,66.21538239,50.77338236,4.343466853,5.166970573,27.25171982,98.35001072,39.02933278,46.8844777,42.40524731,88.5646565,15.55473716,36.64487811,1
74.12757901,33.80564582,84.41506086,74.81316187,45.77833522,99.50076241,20.64709934,85.63732016,105.2206021,32.25360978,59.89827983,58.98382498,91.2874815,103.8024086,63.80261631,74.71588891,83.24595109,109.1849357,49.47780022,19.20228194,0
55.30435913,2.438279983,66.74375796,55.87354301,14.20264098,38.18964416,32.72718607,42.6373623,68.87376697,19.74082708,34.17551515,32.15395695,70.54943153,53.63784754,12.46892658,21.75396367,46.49369993,66.62508451,32.68668393,26.24332223,1
32.61893208,48.9314852,25.5605957,25.96655686,61.46979833,22.41389645,76.00010203,50.42997599,23.45514804,69.90166143,42.91041091,45.97585847,73.12982382,35.96254674,41.27815439,24.04868981,8.125184598,39.20196241,48.58289027,62.80924853,1
43.98484483,89.78586254,54.88447198,45.56885504,85.14737408,63.8369396,128.0454219,92.57159374,7.754841916,96.73217528,75.75814927,81.49303008,105.9723644,48.37557043,77.40571512,56.33324885,31.68420262,7.917364161,83.74991118,88.07295704,0
48.20356517,14.38768615,48.72763018,35.17856998,27.18293115,41.1382918,36.04637152,68.1754679,55.02147545,27.82902042,14.0682082,16.19891799,49.66798927,53.18205064,34.02581568,30.9792374,41.27831232,87.82920759,16.38209931,26.97419422,1
76.35693292,47.79400405,75.50418057,85.25296139,29.41321167,71.40837824,103.0760515,4.911051486,89.64904952,38.61243881,106.5615324,106.7801519,94.00515098,31.83285454,43.32765606,55.22613853,46.73405018,87.18565453,82.6020353,62.32559116,0
104.45637,58.60019175,81.65937277,89.38264001,42.37785538,99.91255695,98.34828643,10.4241662,102.5218836,57.93179377,118.9285376,94.89675221,129.4023598,44.81400544,61.08498608,58.00252966,75.94510926,86.25637265,83.48338617,72.05377953,0
8.909701557,40.1230958,8.778716685,2.364513502,48.30321919,3.071375044,66.01646832,83.14881075,41.72957318,53.48376293,34.61069721,46.08017497,45.56084054,64.39911106,51.34879447,29.89965315,23.62986395,50.72939171,55.56164536,70.73647723,1
29.11018139,16.62793004,35.35193053,29.73451652,32.84387188,36.36742223,40.25614341,61.29278056,68.23178538,37.15414348,12.50285032,13.86715841,43.63725869,57.92254655,23.66150397,31.94271687,41.89114958,57.03591176,23.07411102,38.38719744,1
32.05949236,55.65132895,29.65577245,42.95285788,71.24340962,33.18719828,66.76496787,113.2210192,63.77893747,79.49217484,29.71192668,35.68081564,10.4788898,84.54227201,53.75117654,46.58768215,53.91217336,98.79615433,33.40271753,81.56936715,0
40.50719517,35.83646045,40.75345162,43.27304513,26.87121244,34.67156076,69.32937803,53.39520575,47.62380672,47.43743819,45.69005013,42.4979247,80.86590511,26.32250381,18.40941789,9.674583481,11.4920795,50.12478028,52.25444387,71.27163199,1
37.52438891,31.47308365,38.80947568,16.58642819,49.84898126,31.60188195,66.17769422,60.0658277,30.60381283,46.87108043,52.0862632,56.94971167,75.59324652,35.17222751,31.25327094,23.53025324,6.956635481,34.64849958,62.30936386,60.32475155,1
50.16056197,26.58737003,79.30512867,46.8076798,44.22739461,53.90042216,11.31716659,93.38881564,78.43922984,28.50938134,26.19860556,23.45569894,52.25544064,91.54627784,37.28852026,50.90046305,63.68770614,99.33123151,15.9207542,13.1212074,0
11.31812104,49.12351305,9.803580216,11.90195969,63.49988055,14.48720878,98.80410614,79.34577627,32.02260367,55.2478272,45.49666053,42.87884137,52.44190069,58.8969386,62.2583782,35.98349691,35.81880185,39.11438412,53.75565623,85.64276848,1
65.98076509,55.10053304,58.27895666,61.82210072,34.09003282,63.07864185,99.87010017,34.52278301,36.1723829,41.66731749,69.27291995,77.35162231,90.69275105,1.585430794,35.62507941,31.37244944,29.78934369,65.53109015,100.010302,63.19583867,1
106.4906325,43.90222918,82.93738735,76.08588966,34.64177486,86.25986118,101.3153368,1.13779227,87.7172701,58.04207208,80.05665068,83.79852685,121.9287983,23.63153625,42.26130078,52.14877282,55.61513787,65.27559556,95.89000371,73.44311794,0
33.40761446,54.33829834,18.98916147,29.45193967,90.34069177,27.32197917,119.1697698,64.43599132,23.95166063,72.58047617,70.2189327,72.1803964,71.97350508,61.13282127,62.54742805,59.12123905,24.21146675,16.59142606,85.13683651,109.6654497,0
39.54934122,13.67511712,50.1153959,32.22511443,30.81247452,35.53500033,31.31796675,66.66330995,52.58137256,42.49834939,16.86727211,18.58224127,54.98444973,46.74521933,25.75379363,27.46636289,30.27040493,75.283024,25.57261032,37.62002099,1
26.13196235,40.81663388,36.10899015,25.81268774,60.24347754,18.73452174,41.8584081,97.44891379,53.33325169,40.43555733,8.386689314,17.49900546,33.36140618,59.75052409,51.6921568,47.16937322,51.42754034,67.5923845,26.56216702,46.31917913,1
59.40324327,27.98096977,72.20027781,53.4003438,15.56983385,53.6523835,63.81918452,26.81852715,79.59864942,26.81574865,58.37202524,56.26080379,81.2634386,25.24421815,16.2040998,19.22057144,36.09687003,69.88658408,51.91659656,52.31744025,1
35.72409452,14.85305908,44.28679368,39.91728011,19.18770059,31.8770307,41.80621492,41.35772084,60.98035278,22.97651271,32.58662497,34.26474668,54.25517834,45.62182856,7.673910342,1.721146153,15.97017162,75.89376352,46.81440199,47.92158689,1
15.5850321,55.02290867,11.46125043,9.548126984,58.05244663,15.84072142,87.20533041,63.56910416,43.64979825,84.06151251,42.52836447,54.21267597,41.38889322,48.38193008,62.93426664,43.22817588,22.35278267,45.86821409,49.99693494,82.22455301,1
63.97744388,15.6954729,50.90946175,50.01309692,20.31167244,40.8988873,42.45018092,33.50347715,60.60418871,22.24191474,45.49902531,47.43134146,77.35029356,42.25421904,3.38211723,10.4865844,22.88145633,62.05587196,51.96476818,36.22654418,1
13.6235111,44.95610596,15.04252863,12.70162655,64.14089571,7.174012191,57.43182589,69.06436109,60.84049145,59.80059877,22.78209816,30.94694132,42.39803437,60.66521089,39.41235286,27.67881824,37.40901427,46.35835211,30.78243057,73.18187037,1
86.20899943,43.64953427,77.75312192,56.43347485,12.59710076,75.27241951,47.65797555,28.48238607,83.35642668,22.20001398,53.16639815,73.65199513,104.7876081,38.79961548,25.33018066,34.16752944,54.094424,91.16975626,77.20968356,45.63402225,0
63.87431407,19.32826409,88.27615083,69.05698043,23.47173316,56.9444708,31.82529651,42.40024194,73.79845445,5.66576354,56.66420019,40.74573496,86.54271374,50.82958942,27.28361591,30.93076042,69.82060635,82.3865422,32.33997345,16.16966403,1
63.73003284,52.39195607,67.87373148,49.96782639,36.58447836,58.87461221,88.08517729,28.14536042,48.34707039,67.35379812,91.86039762,83.33139776,125.3422529,1.107091492,42.23203603,31.92849041,25.03273457,62.40852305,65.89072483,95.23558743,0
55.67284084,56.60744204,38.83948997,51.14806537,46.60789649,43.40496829,75.16782892,47.71764418,15.33818113,79.65744076,77.09362544,55.69855138,88.47988579,28.48189649,45.58663613,31.99871638,19.99272024,24.72198905,68.2874519,67.29074165,0
47.23814233,83.2570003,29.09583351,43.01306997,91.93338084,37.85622743,80.90484212,96.95427491,16.90109539,71.21477529,75.27365144,67.98790296,66.18207421,60.63146135,70.37391965,65.47364563,30.71934639,12.94242592,92.64638515,94.93400379,0
14.96949001,57.98207078,15.90668351,21.48992296,65.3918182,20.79844245,100.1848742,89.71569186,67.00527063,82.84806021,34.74665253,38.02384332,35.8139534,93.87577642,72.61538791,52.78451323,43.64649166,49.85363432,43.06812313,99.8746176,0
29.22542345,64.5889865,22.85832113,23.47050001,80.25368001,34.2838655,82.74773683,80.36541303,23.79206454,93.36221637,46.15969384,52.71568064,69.65296813,69.78981354,47.95388438,48.19954594,35.47136938,18.56924445,86.4807854,69.23229176,0
65.35136528,26.88274715,61.2232471,54.63379677,14.25913638,60.2204577,50.91602753,23.62742753,58.11532541,31.26339459,67.17443762,71.6230005,80.08739041,29.6576976,18.9428304,30.83627451,37.96688853,84.19078977,73.4311069,55.35622876,1
37.93795457,74.63120494,40.74370355,38.2231063,68.68903807,31.18349767,81.63349899,129.3048282,105.5509236,65.24965647,24.86035702,37.29348656,4.421402017,110.6615615,83.65895336,62.05105069,62.92847801,100.4805568,43.03310556,79.41526888,0
36.72955319,59.34652752,33.03667046,40.44030675,69.96487723,29.13376761,60.59707329,99.90235227,79.01459776,99.80772915,39.92383206,32.01969207,10.72443413,81.67617807,69.32258097,81.40023646,82.64469668,75.16176057,56.09449493,89.21773216,0
45.60339933,41.95690748,65.96057457,43.62045952,48.82541563,51.38147493,28.3413695,81.0946381,109.2476017,56.01132313,12.64466827,7.622548557,34.10612967,74.59617303,61.25852244,51.96727447,60.20744149,80.90816262,8.127029558,39.31151457,1
33.16819707,36.39076117,31.96290659,20.35587097,46.98625329,26.09502375,72.53834728,65.21707767,45.50379181,60.36464028,40.1401513,45.4223685,64.25661478,33.02271001,27.20059551,21.53089636,12.57011923,52.1268973,56.47990313,46.83691532,1
73.3779154,39.26979024,67.59150748,60.86442379,48.68713209,48.5808904,66.47187998,35.84122548,34.8342658,45.24691506,66.63176336,88.11768637,94.68664352,6.375200407,33.37499636,38.13897252,23.90374855,38.67926081,78.03387384,57.48489877,1
94.5142035,54.50672343,91.44567303,68.75214615,46.5930063,97.29546073,12.28711024,112.5860874,138.5621482,37.6533952,55.57075254,48.43747017,61.28552036,108.7116038,65.81623563,66.15656147,89.11331703,130.6914509,30.97704922,13.79673713,0
100.0920965,45.24511676,67.46685257,68.16876588,42.88698365,64.3760711,7.793883662,84.80928039,103.6078249,33.83039008,43.68826038,45.65493873,84.13652427,97.9646717,57.50036645,54.02535055,70.27024958,121.640673,26.59050914,16.30543171,0
33.81830823,42.64368769,25.81900942,20.16504929,69.21516236,25.09880932,90.81637734,60.83761486,24.20679191,64.83351237,43.21968346,47.52697086,85.31960349,30.98570185,51.71530119,40.45188627,12.02027075,28.94174481,74.77143101,69.73973761,1
55.74836283,65.59449442,56.76909959,40.67605606,83.96617109,43.35240717,119.6499212,62.70235588,9.142433049,104.86517,70.6521681,101.3026002,104.1504231,51.5973531,68.16848573,50.77691545,32.80982455,12.82188452,119.5059766,106.0854842,0
54.05266797,22.84259921,44.14928595,35.48581843,38.79067997,33.59393756,68.63819343,34.33648801,35.18545919,33.25359503,55.95980183,59.63715499,74.30968249,27.80080023,15.89114086,15.27140291,13.86640172,44.79028908,56.16998942,46.80248288,1
48.58991966,27.51442686,67.37357506,59.96350074,41.29472384,55.19869984,19.90089426,69.41773054,86.21803236,37.67701604,28.35836368,21.50380879,41.42048052,65.47835827,44.84924401,47.87953128,75.91031951,109.7053988,7.7507481,30.0670855,0
50.04020569,60.4282678,50.43849323,40.15011195,83.53096814,48.99579528,42.77115715,117.8812022,105.8752013,79.4846995,13.98359193,17.86786643,18.3135518,89.68107862,69.68207063,52.63669024,61.0226045,99.80795402,29.67478535,64.27124725,0
31.85688901,46.33721929,25.72342341,32.46259669,80.74327517,28.59151286,106.2381137,88.11266463,13.44459909,74.39287809,52.00604434,73.12878874,61.72611029,59.18871007,59.98970779,45.56281929,28.18678442,19.77063803,75.49867502,68.2190394,0
21.4497325,27.04351215,20.0253085,15.32931035,36.36428625,20.02094111,72.76965917,75.47263632,53.00148829,54.3025526,29.25699026,42.92754596,40.02329504,56.91823184,26.77628112,23.14040373,22.30148086,51.36454046,52.90125597,68.43152814,1
59.69271611,37.80257523,85.37746291,63.73404049,44.41793735,73.47399082,8.065969794,105.3621458,80.46892299,39.09097729,34.04902993,37.14906363,54.04499276,112.6946127,53.99879932,48.44042303,66.26163518,118.1214044,25.64965171,14.53844971,0
41.84430088,47.97143966,51.33373882,42.85765852,68.23100267,40.44384287,40.65983195,99.88391815,75.87806392,46.57988731,7.266760359,11.40225128,23.82345494,95.17968718,60.82557305,40.98712288,63.43862507,85.15078154,14.24247644,53.18945028,0
64.65834018,26.33472682,74.69147944,55.48971829,56.72815205,47.62268439,24.56479934,75.06715665,111.5816354,42.74993426,23.41146322,14.91517634,53.89411096,76.83514775,54.24830452,50.24863792,65.40440357,76.08903427,5.376496618,26.88580768,0
71.19856652,61.68382326,112.8448921,94.56327699,31.84942093,62.60124059,64.04824456,3.332398622,78.6752433,42.46942374,105.5330652,99.77853161,126.2910707,23.74332297,41.56769989,52.54466408,64.24323229,96.33345062,80.08398302,73.22968375,0
77.17188832,34.00172692,62.88907592,58.37522083,31.73189857,83.23630632,13.00419308,81.00091474,83.10493326,17.73002957,39.09770503,41.12339351,67.93674994,63.32430073,36.40663815,41.97438674,53.6409183,113.9434264,38.65901733,9.532349059,0
35.49685061,12.7388268,31.12103424,32.48296316,40.91682233,27.18821554,51.81939393,64.8868997,70.47317873,30.74046019,23.59635909,24.34292779,40.77976359,59.93309299,24.69286268,13.18742396,20.96545681,51.39806254,30.51270607,51.52668424,1
73.10037453,19.83314861,56.63815899,72.45615735,2.816026212,56.71285451,36.76837475,35.5093625,74.57917849,8.898346362,46.47785578,53.32569391,61.41268014,41.89225666,16.83811446,30.2682135,56.69434226,103.5346302,44.50379416,24.00380027,1
30.15202274,36.12446525,32.68554701,28.86589173,57.58343806,26.79569846,34.06643576,96.2262896,86.33778066,40.57756551,1.137423945,6.766264205,33.73144527,79.78636574,54.41019383,40.81570656,45.63253996,89.91196461,14.53468302,32.93854099,1
49.37062399,2.709273695,45.07710691,39.87557559,16.22749443,44.41138304,31.71387927,44.6518382,53.56272374,15.57709632,29.7602528,34.80640672,59.78260566,42.41041303,16.99613208,18.3347159,29.41901989,82.55128999,36.983433,31.02336663,1
35.41399327,16.09470363,28.00246052,24.13874204,43.00274176,19.20545781,55.38300491,67.18807718,46.93950377,32.51758976,21.771723,24.93416891,54.93582554,67.05785586,31.98203767,21.09303851,21.8638518,69.88634489,29.50807421,50.48300781,1
52.32374835,64.61048605,52.89193291,49.35128076,63.78991504,67.66128301,92.52505881,60.5170429,19.14159127,84.84459385,93.84490238,74.54177908,88.62653375,24.90970286,57.92904584,39.34451466,30.70310451,25.49203171,108.8095564,76.06466123,0
59.79081216,12.39467112,56.17787756,43.81077085,14.14284785,39.92217916,56.04576877,48.95836505,60.44296625,14.54579262,51.31503069,33.4371893,57.2027835,41.76284554,2.880053236,16.05583433,29.61151173,84.06293021,49.13680315,29.55040112,1
6.810160105,53.30184894,9.555479836,5.977042192,52.11382422,2.61693412,76.40776575,96.95002251,42.68451102,66.2630144,36.65423376,42.56313872,31.47001583,56.35528074,60.05115319,30.20672911,28.42391215,42.48799779,46.58192782,64.42743084,1
93.81382014,36.59190285,73.88326751,76.07305046,28.23647063,76.60441457,60.56646914,12.95371267,57.37624442,39.3960821,79.91899218,69.064198,108.8053495,33.46727063,26.25876988,43.24020345,39.53020871,75.77866057,75.81224164,58.94270507,0
81.50256689,32.19883049,84.27257223,72.83393578,30.90824875,69.80202096,8.64340642,67.85081169,118.2385352,28.91949748,38.72447614,25.18500704,68.31876327,64.86982917,49.12173585,54.21848131,78.42516019,123.5788263,25.25596885,6.839030132,0
71.92031444,35.50098489,98.57549571,94.09497386,30.8589607,94.56048319,26.24324668,81.20272435,126.7353053,23.8809975,59.18810228,40.91873018,67.9787933,72.22435193,40.72147024,60.61173158,89.06022556,124.4656784,42.14695281,17.87957367,0
72.14624448,37.42403201,105.0419868,69.15571935,57.64612063,75.25300821,5.374494323,102.8453314,95.83073238,45.18121068,40.68599904,40.12163493,64.90643352,104.1647378,51.95162322,65.31119222,87.84016835,112.6690946,34.53910393,15.28389696,0
93.25662347,44.14247361,108.1788676,84.86273569,17.55237583,73.43398853,67.75694931,17.43181016,92.91877977,25.75577655,77.76905281,69.53767935,93.3796226,41.63146897,34.66516864,44.17547572,53.10116034,109.3758113,87.78531123,46.74869728,0
73.295542,65.42672046,44.31657632,59.05470644,47.73919897,43.49303043,78.7969145,38.0016207,26.37340528,58.20133083,87.11987889,82.19655329,114.840939,18.64220997,41.72657034,39.45200535,22.32742158,30.51558993,83.31888023,61.56243893,1
40.11966439,62.69727048,36.20444779,50.63107614,89.01440786,38.57581645,83.05078267,85.74245048,1.847976567,87.78316724,86.47981343,98.47759616,84.16497884,39.7376409,58.8728741,46.6998941,41.74696209,10.88588735,72.09691688,101.364844,0
29.52230922,23.0737943,36.48136242,27.03983256,30.72240022,25.60874374,43.6558256,56.49655037,47.12065891,32.26822958,27.72934858,26.82733183,35.65957908,41.12071185,31.26071982,21.50132495,29.92936912,74.56020263,30.06307825,39.05066596,1
22.62689963,20.41248607,33.07885312,16.69025848,42.44978779,19.18933777,38.94510695,58.28861065,43.8356964,48.64227002,17.28321713,23.35820327,40.05162151,44.69381878,22.22639907,16.26466571,33.05513617,73.71632901,34.34069445,44.71887893,1
53.93873943,12.46351074,39.78930038,31.54731388,32.15413453,42.08354388,36.39359039,68.7628103,65.42202629,22.62654665,16.37267519,16.53919308,41.32629242,66.43663997,26.05324298,31.28312678,49.54324278,90.65835057,16.97364547,29.37293438,1
29.93757412,15.10136955,47.2887831,27.48787388,32.26941716,24.06491515,51.04512127,66.90460472,66.43703322,36.0160464,19.99098945,21.77180331,38.93730508,60.21097862,29.46705099,14.95219795,33.7507454,52.25760094,27.06786065,46.87691855,1
48.93700857,32.16000503,34.79126691,28.34237387,32.71587745,31.77851143,63.96945932,39.48677585,45.74021662,44.57827047,44.67463311,37.64252565,82.10783181,37.11150232,13.29912749,6.946719827,13.15357767,40.84199683,66.19418826,55.36131879,1
58.71494381,21.80803877,88.22657578,54.36372054,24.27975903,69.33507437,16.0017141,55.16398507,103.9217513,17.57410138,54.60820752,33.63353861,58.87788487,79.40093261,34.35842377,47.67435517,69.72987914,99.15978545,35.40721166,10.17190238,0
29.4920946,25.80959903,43.70864792,31.59252324,45.1615488,32.86206207,56.00124632,42.22147262,44.50543701,36.55280019,33.17195648,31.14756224,50.90444277,35.99349918,24.31304854,11.76913249,12.24519557,54.96128533,50.05668984,48.43984178,1
34.2940747,35.71164884,30.15912971,36.89425231,50.82953949,29.86253429,48.70923826,72.06511685,79.49116496,36.27323823,4.863637372,10.9654665,33.47398707,84.2533942,47.32711696,36.82415622,48.97152489,60.12849674,19.47804747,37.1974932,1
58.62448371,26.01438084,73.74220406,63.61193441,34.25123277,59.69621282,12.93041178,64.16039042,108.9444328,13.10592409,54.3660175,45.72398069,53.87840791,67.6908989,27.01048219,33.00865669,67.55019327,76.50795175,37.72138074,6.726391586,0
45.89873236,47.88084204,67.1270529,45.91086655,57.7542218,46.50539043,26.91350307,73.76764795,91.98546605,35.79233884,20.55779468,18.54203051,34.2690996,102.5506142,54.99340694,56.55887506,53.10678818,110.309271,10.88567721,31.82270152,0
20.89733917,45.90224,20.86511457,15.54590619,54.5095486,23.29636115,95.17106275,64.02094942,31.71022508,61.10536073,51.92363902,42.00583623,76.53056715,52.21290514,38.21802246,34.7674119,12.97451985,37.09615569,71.81124827,58.76275886,1
75.4529743,13.68241024,67.89046638,50.35255793,10.3229482,41.42514999,44.34342807,39.84079685,55.85229913,8.632762453,45.02575582,48.35121708,81.41949706,55.54658179,10.36152614,24.77117258,40.62790295,95.99703885,45.74061301,28.45144129,1
74.86737559,50.3843267,67.39419814,64.85700736,40.11760238,62.59218267,86.46925819,33.6761256,46.07249887,50.01682211,75.7672365,76.2357668,99.21721487,3.189690594,37.59059071,45.92494558,33.04736134,39.65210247,101.3984732,88.88079127,1
41.74296169,56.87128367,36.97765823,37.74471758,62.50123785,43.6919696,91.83428134,37.92734072,23.47477121,70.94836664,70.36999049,71.14815376,66.63896823,26.75701959,35.31872342,31.06883415,11.34686546,40.70127016,83.37447086,61.32552238,1
53.47209,24.92559235,45.78719377,42.45539347,25.15800221,50.89192889,63.66995018,35.90452564,68.6859692,27.94861231,40.01975339,43.91114669,61.3986969,24.67381639,6.152791566,10.79793284,27.66831723,69.66815478,45.64406716,50.02809198,1
11.63306707,41.93318728,6.688209864,12.72686106,80.54471716,10.57732466,80.60865696,106.4270793,42.39067561,70.12096955,46.78456215,56.40374669,42.58269947,60.99327142,61.82897964,54.13737195,26.72722407,39.70475021,73.18084591,70.01914714,1
35.03183459,36.58592701,35.04508551,23.42272522,43.73119995,30.34933789,74.41257689,48.27206677,35.94113497,62.51729546,37.36571555,46.73163246,57.39166292,49.55605062,37.5456934,26.46284961,7.779463042,36.46120017,55.76448889,79.12752172,1
13.30036566,48.8812038,14.98841369,11.02032967,68.09594746,16.13707214,94.9200668,75.98978327,27.23730511,63.99473605,44.14424584,45.99448884,63.03741445,56.36290127,44.75831419,27.9537578,28.50424277,37.71977574,54.20577587,72.59599634,1
61.91327529,14.53848928,77.49618389,67.6690855,17.29679556,62.32648405,26.49596739,65.16082533,75.36361918,5.122403082,45.60550131,45.88753079,73.87436535,55.06367108,18.20634047,32.76390723,39.26165029,75.96600855,38.5716727,14.66319741,1
30.87119849,59.6845105,43.91639079,34.29070018,78.67489065,45.42760528,68.81972983,102.8981937,72.55568984,98.50595449,39.58897789,44.66025083,13.95662556,120.1004213,67.88186703,70.24326547,64.00794598,75.89303862,46.44884127,82.87280967,0
80.42224603,41.88825023,100.5074971,86.31654355,30.72249793,94.02232622,88.59877833,6.317693342,91.24920224,40.16371019,80.52409539,75.34126703,100.0137463,31.94461744,41.55533106,35.4372924,64.64510173,102.6835777,78.45365566,63.58217533,0
62.71670516,30.66576677,55.59492002,41.31863358,52.89352949,58.00055525,21.71643269,91.68585798,84.50610631,38.28586152,23.37778516,10.08633098,54.66942226,84.82576331,40.14541551,36.08100215,56.8051667,114.2555985,5.581893946,23.51574464,1
78.22210083,20.03105718,65.45923947,52.53830106,18.29506786,75.68841154,31.59009284,41.92118384,68.68747444,3.505563368,53.73164322,44.84577755,85.21082642,62.50214516,21.74608854,25.62682162,45.51639724,92.31275574,36.55967361,23.81157381,1
39.64438662,27.10528085,39.48560966,41.68922468,44.84273872,35.35239692,35.91201058,91.5618641,86.02262461,30.47028685,9.455599236,7.546872653,49.86877299,62.35562767,36.41306745,37.33699085,44.33502418,97.11397674,17.83560296,36.05806328,1
27.13916378,21.90245057,29.0723743,14.70321231,40.26743704,17.9724059,47.26837453,64.76309653,49.00778998,38.83465432,29.52176791,38.04805666,48.37124026,59.75124644,25.47725669,22.01388954,22.35266285,56.37734223,42.04846693,67.2373831,1
30.48626198,46.53743835,33.01815645,31.94230104,66.12922638,24.3929943,59.27898967,72.04532818,66.96581819,45.32003755,5.906387164,11.56448216,24.55271356,63.4328614,56.95678937,52.53770981,42.7413437,75.62663446,24.15289446,50.54407411,1
74.31593522,63.97509294,74.33084897,89.54164273,40.32522438,89.99244446,102.8007294,5.94553635,63.8473366,59.8445233,82.10052648,72.73892059,130.8840502,32.31773192,35.62747417,53.60776485,64.52513868,96.44697471,81.1570817,86.27681766,0
56.9535878,40.73644854,68.93212806,48.2652745,48.52967417,34.70559827,27.34192321,75.45931802,86.02223195,49.86043339,15.50282383,10.9720366,36.84993793,95.0998575,59.10409744,36.69780786,66.07203843,86.81016434,2.065957092,37.94285783,1
35.26650965,44.3141423,30.2625196,26.34295986,34.83747287,27.35149882,70.98897088,61.22064475,37.1153577,38.59564774,64.02109289,51.30569978,68.17833604,32.83529735,28.65291329,15.40559864,2.389489247,41.63400292,75.26749449,58.50833565,1
41.67566075,43.7574685,39.0645467,31.25302761,44.29558307,27.93959619,77.66834579,67.15721732,21.09875985,66.64373196,64.85229827,42.4809769,70.40229494,38.61489698,33.83716944,23.54444367,7.110597526,34.50048656,49.54760858,89.9676707,1
61.49954506,29.31436785,75.87157724,49.61951368,12.27550605,53.67532177,71.86449616,19.73520404,56.8789712,21.04320731,65.97727752,74.53214106,93.13677417,33.39913168,18.19658461,32.28361513,33.36800039,59.78090537,55.82936026,44.92007452,1
27.98403835,49.54969905,35.80931866,22.69042938,70.68653539,31.77871831,87.34850636,65.92927737,21.22593902,82.0226965,45.8170315,65.31269634,87.39321745,44.27657818,53.30986457,34.0100521,15.29349455,24.21342073,64.62708804,98.48026656,1
44.6814292,18.58357225,66.35369277,48.70009845,36.1592248,53.80079535,15.98422802,57.22936969,104.5330191,23.54739118,28.68315359,29.07057598,44.33492702,54.99061065,28.78428464,26.81214668,57.10229652,99.0896435,25.10073838,14.76780003,1
63.6429325,7.964700622,49.67467298,56.73810976,21.11516932,57.02170941,23.52984887,57.83981312,87.00549841,11.36212496,33.96971039,37.50190161,60.19144824,68.39188053,26.74416397,32.52746728,53.47923738,74.26912542,30.97758364,24.21525232,1
47.52382257,26.67355738,74.15684691,63.06737317,37.76709303,39.67141304,19.67771914,83.80194508,70.89520988,31.80449547,25.84064292,15.92011099,44.28823536,85.46174732,46.77618726,37.51373195,56.54280853,93.93457834,11.67954247,18.09563837,1
34.72570254,22.11743551,36.48900221,28.54319971,33.22537034,29.18342767,39.9762299,62.9157549,77.89297566,45.05232559,15.76863843,13.94021206,43.72384071,56.63462056,26.81769929,22.3078755,39.76119103,55.95854343,21.78298693,42.24061194,1
24.50535165,41.05238643,25.35844238,13.31081657,62.19580871,17.03061107,61.70747963,51.80207593,46.64475943,43.35955441,34.1699956,50.14928279,55.13926424,36.86585941,36.64942827,24.04462031,13.41915615,46.10733413,60.83564173,74.06731729,1
47.98432171,99.60552306,48.83356249,52.32328307,101.7590565,68.42203849,143.8119981,103.6729338,16.98502627,110.6466362,87.12505766,70.03314509,114.2353596,65.87301106,62.65006821,54.84537635,47.98324361,8.535401954,90.02393494,101.6422677,0
59.82491775,22.67824831,79.62671769,58.73129047,9.215084035,64.47527016,57.44495555,34.22848368,67.05643291,22.28842519,62.62628148,39.88816385,60.62189441,31.07789831,7.49036651,20.27781253,44.20578266,72.13022638,48.44063645,32.54234986,1
29.89730557,82.66980646,50.2393026,44.32474484,68.31580742,38.71472092,89.91754268,126.2342548,104.6352599,86.51678062,36.63192051,34.81869635,8.488346411,125.5683568,93.61094401,63.59174881,57.51224196,64.44184597,55.45279611,58.67136938,0
26.46902525,23.16834806,29.76647247,22.52746047,45.29541898,18.06564165,43.30874102,71.21122185,69.14316301,41.46833777,21.4517409,23.40067956,37.56540219,59.12880683,28.18057007,26.29148103,27.64946907,50.6239856,27.11359752,43.87641983,1
70.89347896,14.0619601,79.75913043,63.75717712,10.82883759,49.23492691,37.92927981,53.1189555,98.8193979,2.045113905,42.48706041,35.87013303,80.07206041,54.48144926,18.14115113,24.09739343,39.74810893,68.06678117,30.83069489,20.83684456,1
38.95316468,38.84163229,40.15483677,26.42117819,35.39435743,34.96251307,70.65519897,57.5995953,26.74528724,40.71990886,59.63783769,42.20612318,77.03475212,26.33847855,29.11573616,14.33515795,3.495629186,33.07356901,63.77315136,76.15492607,1
3.803136087,52.23462433,11.15659271,11.56855633,76.24463768,8.512258745,74.69608204,104.1294426,67.31163418,51.13911513,29.83050899,33.23863316,32.76214451,63.35970028,67.9137424,42.68466683,40.19971848,58.70594133,48.4480261,81.517977,0
37.80313205,9.153594325,47.16820196,35.38117739,32.20835671,50.83323291,31.62573296,64.21243542,86.11123874,27.19221452,22.96473188,25.75669611,45.71378382,54.97695631,23.61935866,30.59635165,31.72800368,98.08302014,23.16965945,21.52056211,1
38.02798726,35.92091687,27.80427316,19.24268728,37.02173048,30.98459445,67.26173857,52.17741215,32.88145833,49.05168101,40.25302782,49.18659762,62.56942957,38.48038072,26.41342879,13.73892493,5.65065655,44.02259572,51.17132279,51.7157518,1
11.30146646,61.57854444,4.639132318,14.13683192,90.210836,15.29266507,88.76441303,73.62778258,35.01735024,65.28730877,47.77235438,56.46457783,42.36898795,78.8878248,68.88185947,59.10811475,37.70561653,47.4053452,52.35271581,96.39637871,1
68.58954219,30.65531153,74.42442246,56.5993417,35.11124217,63.74786102,21.59974862,64.1470318,113.6471816,37.36023157,29.13222875,19.24003043,55.28892572,74.65509163,47.45859071,43.09606804,50.43130684,107.9924522,7.032300527,16.70366939,0
82.94880194,23.87769527,74.55997883,59.62900528,5.364336281,61.50925249,40.2303318,45.37554253,95.25617795,4.665032164,59.04274862,37.82853394,76.63935892,38.87677778,19.44250217,33.47998832,56.66463478,79.93539894,51.32350482,23.41187588,1
77.51960175,37.17742758,68.64410474,73.2289473,51.35223345,77.72981761,5.817374616,77.74662812,101.1544177,38.30172143,40.68614588,36.9513755,69.19847871,88.76473342,59.8813601,63.8201915,61.05636983,103.5760929,30.99682931,11.82492513,0
88.7640075,33.28042747,101.3105601,71.81325323,27.37332465,69.07368312,23.73313008,75.16739943,90.0506186,19.14533225,51.68216934,49.18294105,80.51640967,77.92670137,41.1342804,39.9556208,64.5499698,92.75582214,42.30078655,11.61374043,0
37.90652285,39.39241518,31.24421209,38.18403154,74.03430872,26.63262856,38.08296979,96.70472263,96.82720256,66.21021866,6.815902822,14.61489848,17.46607579,76.06193971,52.11064798,42.85572173,69.35138949,91.9229935,24.75109709,42.82361741,0
47.34120024,34.38286281,65.37651159,54.90759833,52.41435538,49.91454286,30.83844009,87.9948946,82.8781707,42.19155421,15.1780203,6.054737669,31.40340718,68.71057047,35.54884436,51.11556751,54.64990354,67.55366601,4.102754073,35.08956195,1
61.78529056,30.05049772,67.63182481,53.83154875,41.36402483,57.29272698,12.40020167,82.36742678,108.9749328,40.05307617,41.42069574,30.61953668,42.66542939,68.25823984,55.07377713,52.95231044,77.07546335,120.0057695,16.96534759,11.50032491,0
56.26958714,40.69358292,61.16708109,59.65082461,68.97780484,49.1485362,33.07802726,76.88790177,80.3578716,49.82151245,15.73462914,11.55435279,25.24741806,89.93919174,60.47866148,59.69303743,62.66802417,111.3429049,8.55917005,37.76065336,1
60.40701628,20.00131548,45.28071009,45.30825935,34.53418471,38.34944379,26.93887682,69.46799945,101.4284331,40.57392485,19.93994757,10.45560387,40.27494978,74.40797547,28.24591328,27.69577393,40.16096407,82.16536491,9.419283841,30.34477554,1
52.40672672,48.09789877,66.5992117,58.41064177,39.94142351,65.29200791,81.37206127,32.88878521,52.82324611,50.27529998,55.81714756,82.87957818,73.6217426,8.513814842,34.51010049,28.67223355,29.6012874,40.17004671,84.24815121,72.13467809,1
46.31000318,91.46676047,53.15840111,42.90826035,109.1003946,46.38695886,93.9909476,147.2132176,108.1166668,73.38913389,36.63932286,49.39935116,19.91933874,117.8266787,64.39817922,73.24626985,90.87050536,85.58663877,62.12783451,76.6278432,0
32.120723,57.96211793,24.73135102,32.85334811,71.126935,36.69623584,117.1699363,88.60095002,19.17761127,85.93891091,56.04790004,60.8691416,64.67940476,52.69981153,75.07936888,66.71176457,30.2713027,14.94565478,71.19619981,104.4457091,0
73.41678901,18.91230311,82.88151828,60.25777575,19.11013087,48.38844725,25.43638229,53.96075885,68.80295546,4.883545239,56.54278977,34.96110805,86.61678345,67.85757062,23.27116186,37.86718707,50.42975036,70.84555475,42.9456598,23.00928208,1
79.04459443,45.70327986,83.45237814,63.96440326,54.06296628,95.6442639,7.55713212,81.33060411,129.9288944,32.12914033,51.3093512,52.52220794,79.72844159,77.97613757,59.61213697,48.87523833,79.91294961,98.14591529,40.92561005,13.76417988,0
9.278013168,46.22091779,10.64020496,20.39145712,71.13112066,12.8783698,92.0762023,101.8557977,63.87192273,81.70626945,36.80428374,56.4756299,34.63375524,94.92448216,52.46917716,46.02148512,44.43962198,43.67380722,49.03624203,90.10568611,0
61.74590098,26.26011963,84.51234927,87.65412101,13.94733399,82.88611687,36.55129176,47.70841703,75.54279475,10.25960219,54.00847713,45.06931548,75.42775376,58.49673345,28.36438005,33.35394382,44.65567234,116.4728335,64.45468961,27.94255163,1
23.20604185,35.67486015,36.60245161,34.63676857,71.12809024,28.07076781,59.20990183,98.98382976,62.79454219,65.92859117,4.506670909,10.63921047,29.57077052,96.54729383,44.50224608,36.29405937,61.93008715,75.78124305,19.44422453,53.41655606,1
4.606777846,50.86633705,9.434921342,11.46546258,61.92752394,8.364221491,92.99941995,75.99978012,68.36083653,84.39530787,36.06903388,43.9868805,34.99269561,77.51870174,69.64482347,38.56186049,39.47215284,44.65613658,50.55123937,57.01226334,0
32.4485469,70.37212711,39.91479359,24.93225749,68.85505695,40.45493672,104.7532854,68.82096289,12.9115501,80.58891591,62.67435539,75.58473641,60.32058325,44.79402697,51.96048295,39.25480464,19.33041398,20.51795323,94.24632775,97.29238927,0
46.3951397,49.24100298,45.29536769,55.38850184,63.83853924,64.03715629,76.38237371,42.37858099,23.15532025,67.37064157,55.76626354,70.25559792,90.20712181,30.52508109,42.62826087,34.17889551,21.64036339,28.08394556,68.51370413,101.5062304,0
56.35376977,67.57801295,34.8834481,47.37722207,79.95036971,45.26784072,115.542405,56.51635114,2.470340663,103.5198804,77.25156416,79.14933029,73.97641597,41.47137592,52.79522349,63.7964918,40.01735448,8.967078747,95.5422205,122.6557358,0
81.39968683,44.16913456,66.80664018,45.40688841,41.47806574,72.37222717,84.59550665,24.94389322,57.94305725,40.64735807,81.55905896,82.65275767,91.62759743,10.30080667,24.86306825,22.94898787,20.72574526,61.5070301,79.43839516,85.85105411,1
66.5610324,29.75265911,67.87617146,60.06794069,34.30600133,53.20301825,18.18083782,85.35763951,74.36736883,35.62794987,22.95632725,23.82651207,38.81932847,66.04699863,33.18727737,35.99816267,58.24790934,106.6452243,12.21613515,17.388389,0
59.75867562,10.88273517,63.2615881,40.56624866,12.59453716,53.67337169,48.64875505,40.49228971,56.35038231,18.05532097,47.56181992,33.944005,61.0663576,39.72868586,4.862053683,13.52144515,37.55757771,89.4935135,42.33927461,30.64771032,1
8.699506294,46.96597284,3.372414836,16.91186017,61.09152444,19.99299765,99.54285481,110.8833908,44.35796241,91.50299137,49.36347724,52.27718678,49.65475608,60.62209865,68.30466495,56.28816629,51.02706683,32.58900566,48.25387523,94.87955927,0
68.63562008,16.1083502,78.3787702,56.6603769,22.38689256,60.48794972,19.51731262,56.7084993,104.1817204,18.00550293,26.46537406,27.0017092,72.29303879,82.02997626,33.23297985,41.49887302,55.13075067,90.28451026,19.24950886,15.98592012,1
48.25385868,29.31191426,58.68821936,59.20632741,40.05975675,58.33637931,54.08850656,36.59047126,53.2488571,38.55270318,69.08867218,56.93220937,73.14577253,12.92746161,17.39682377,22.7863921,17.96777712,67.46300446,77.61189064,54.54794835,1
44.85839523,16.9924169,74.72918812,64.28397538,29.43102631,44.10011473,19.43314911,86.53183187,71.55609858,18.9872964,35.77131898,27.60935052,60.82695414,63.63068015,38.96703146,27.12645383,48.41033543,78.30826542,15.97258194,18.69914699,1
47.13097751,48.67427908,32.6649088,32.68254477,50.13863149,35.17160722,76.03637112,53.03195572,15.12859631,80.65878414,70.40353676,56.9182102,60.21398552,42.51775468,41.39013956,39.29200006,14.66320992,31.7998524,64.03955507,86.02949112,0
61.69086066,47.53178528,75.36103761,64.97134609,56.87130986,70.80067009,84.19552041,37.40208897,34.69038751,81.01241616,100.3137501,68.82241949,83.93027994,14.67326825,55.55395788,46.16583694,29.37423421,56.30390501,97.26722839,89.4495707,0
54.31644845,41.44503424,64.40210302,60.91785737,20.70909577,51.65707297,56.34211439,20.15007571,66.74992017,42.25727796,66.60602066,62.36858236,116.724591,26.27817974,22.61902973,22.33808671,38.25757973,80.38061389,65.62928492,49.7802405,1
102.3783793,51.63058433,66.05476857,58.60527965,31.69884587,68.838274,73.33175345,7.669057482,54.73444938,35.17353844,90.99248167,81.58348341,121.3860529,19.63093276,30.92898385,32.81716367,35.26760216,72.74878794,66.43826593,54.48752048,0
80.7618954,37.13815836,71.85078421,86.14465898,18.00952848,63.1585463,45.81707138,33.2550987,96.95830053,24.91545966,58.19219966,59.4164769,121.9912833,58.71413917,33.96318437,41.97951972,44.95606868,94.21468934,71.05699535,33.40518683,0
15.03110806,64.457295,20.17544981,26.32068654,90.79104275,23.96664191,87.87014689,87.98247484,71.80852054,92.42081903,30.97693529,48.80925489,32.36359883,85.13006006,69.21732,52.40024657,47.89757572,55.42289679,65.57370676,80.36740896,0
56.78432185,46.3722276,81.32399253,73.29339609,32.75015095,62.79550468,94.81490024,26.31823374,43.89238888,56.2567269,62.90813032,75.12016973,95.67138977,11.08772813,31.00555326,29.83792104,27.57103206,60.19656997,59.58254218,65.34514675,1
35.23984996,42.50406026,36.69746084,27.96337542,75.90031039,27.2253471,90.2247343,71.79198552,18.66915809,55.61387687,66.86527244,60.08502895,84.59452273,41.71625387,57.53462835,40.49255695,17.83738305,21.12141528,60.75433332,92.18074652,0
28.83342143,31.32336599,42.3279629,27.67436361,43.11506433,29.54084576,40.94239015,75.61844385,60.21542605,47.53625105,6.868835751,14.01199601,25.58238652,62.3927684,53.34570806,29.73093424,52.90366077,64.37532958,23.42351169,51.14748967,1
59.69519286,40.35649911,48.80092326,30.54921406,38.52423705,33.90101437,77.07929951,40.88779962,30.04125378,64.16731554,60.85083678,59.06167558,80.70236864,21.48971364,37.00561222,28.40923524,10.68898459,35.37013741,79.92487758,61.8919638,1
40.55759761,4.84329437,42.61873054,36.13268417,19.88052789,40.34445323,38.09370877,61.65130562,61.21711083,18.41079008,37.78738712,21.1162991,47.66734238,52.42378075,21.84861421,22.04831677,38.88004678,65.39889229,22.41799576,20.19489427,1
86.84286152,33.79327498,84.12916837,89.80932887,40.85388324,79.26792595,15.1675291,61.25499822,125.0344484,28.06178982,64.13118932,54.45470243,91.68246805,80.94329048,59.36306925,75.0405597,74.4579995,123.1658704,50.3352418,15.91908355,0
59.14815818,28.70705373,55.98767579,65.72027954,16.44113169,72.94989403,70.912364,21.4885665,58.84455219,21.27558073,59.57789763,50.18694184,104.0687169,37.42753323,15.98274394,23.47646238,35.97920282,87.34836077,72.98203309,59.55517349,1
11.42023186,53.7536549,20.63810748,21.55142625,77.9584097,11.56481606,59.14139641,69.90055629,60.58295849,70.46661244,22.35426026,33.52479435,23.34328841,82.64629649,58.89766104,55.11957042,53.85297888,52.62102155,32.26206887,78.7055079,0
59.3078078,25.21804975,49.1941327,40.87949693,44.41098841,47.4008201,21.30792739,82.06744856,107.3737801,34.94520921,28.49895646,13.6394518,38.34614787,92.01410069,45.53100104,48.97756566,59.82927602,77.48137663,10.07823712,20.33306107,1
90.86603489,59.41004023,91.36833741,98.85858009,27.8633551,80.25691035,83.75853917,15.4955126,63.60645028,39.29155188,79.83045523,95.18844781,85.10773067,43.18962488,38.73840391,42.90748168,58.49477322,80.57933214,75.99174007,62.65306483,0
59.4276384,19.24329909,57.29385284,45.56631924,34.4976985,39.6528996,18.64288994,73.25372511,95.40428111,22.88233486,31.9072585,19.05945243,48.19183176,56.08072162,31.21791139,28.72045039,44.22168915,88.32087446,15.08558607,20.96209444,1
71.15923831,36.62783604,93.84931337,53.71690555,29.53035702,63.06883247,11.44256274,88.17237899,82.60904649,22.60981037,55.75014208,39.21232442,66.17028034,63.08340765,36.47023915,37.03501892,50.8560187,112.9645043,35.03114834,3.733657616,0
55.59507841,40.9688019,77.23551983,75.23123782,15.44050677,69.70740158,49.19625018,23.02815537,69.16137443,26.85119265,55.96309202,51.16346761,70.7617341,29.16452237,22.96075182,26.3008472,34.5403475,93.17796912,74.6691369,65.65133911,1
37.22313704,37.24897059,52.91362947,36.11494852,43.10382733,32.30731774,32.5624706,74.29150155,72.08218763,52.53620015,1.29893877,6.130443725,23.40363546,84.74723695,53.97900204,43.6738263,46.66280015,65.68233752,16.62682107,49.07558611,1
8.799483895,48.94629267,7.371400546,7.823183132,77.29056705,9.432399878,71.00424631,86.86946171,33.46294775,59.28614292,46.50899655,36.18427174,47.68300823,75.28023823,56.70436755,50.48296286,31.87476891,44.6490339,61.33078954,71.41394227,1
47.14543641,52.87140022,28.33637266,33.20977792,84.58027022,46.44095537,109.2275273,79.0044412,12.00048149,72.37788328,78.09698833,71.9049101,88.25700899,43.44331807,54.5941334,38.4892059,36.62536298,9.504487102,85.05616936,111.2164632,0
40.84469945,57.71907468,41.37463371,28.77257755,64.43424875,53.81055235,90.98298962,46.86732436,24.87744402,75.15475952,72.45092156,62.94981802,93.73261483,20.43118432,32.59143046,35.06064789,13.93601158,32.90593018,84.11014741,91.77611512,1
84.78502643,44.26944367,56.42770504,58.1052753,53.63172217,72.4244167,110.8044917,27.63961938,47.87203599,57.77455201,98.15155425,85.52848572,85.50701069,3.594084819,39.49466259,38.72254055,38.20518731,56.37741543,84.14020923,71.12407922,0
32.90711363,16.24061694,41.43978151,24.79512633,37.71295348,28.49035818,37.84495979,72.43795199,45.32877725,42.87958991,24.54705393,27.48262505,42.71479971,67.60145926,21.05536981,18.39134728,30.2565901,59.16105253,30.27378262,40.14788353,1
34.9413985,46.29656402,59.19526562,56.11823579,57.98665846,34.26282097,48.79478779,88.25159461,102.8310317,59.11650423,12.62885053,21.42169983,17.0905851,95.46160916,56.93378548,67.60473233,79.45680903,110.4668376,24.56456953,59.0559824,0
79.83414745,54.98440994,77.17234106,44.88399995,66.47031096,63.47035576,82.59081476,54.72748137,33.29586461,53.30453132,74.12799123,66.24820422,96.57044807,17.4370119,41.90675254,40.23706627,32.13319618,44.36219052,104.3949788,85.98201179,0
55.85662117,33.12241439,73.88460307,65.41222468,31.24026811,62.13345432,62.50232843,22.69108994,39.59794462,45.03304018,68.27862494,59.43162679,109.9944831,12.99316271,28.01938982,21.28858504,36.27562875,60.19896946,59.59073502,55.82693835,1
29.16487147,32.74409587,30.55363532,25.74171144,35.78615955,26.06880864,65.61265356,49.57604248,43.33147643,35.05571297,47.24494351,36.24980949,69.35196326,30.53950755,24.67481449,12.51040749,11.0437036,59.43011186,59.88284124,67.41896962,1
83.81965873,16.04916593,92.31816124,66.47195298,1.302529645,48.5982602,37.47755711,34.95207572,86.68120771,12.49213682,54.86862923,52.64770199,63.29519255,56.05061071,19.96431703,24.70602914,34.42537257,84.59690889,61.17989844,32.40710944,1
82.75905066,28.24669321,62.02927575,63.4648825,39.34014356,50.2627184,7.157595978,87.43808286,113.6297903,45.95270895,41.37219352,23.64943749,49.31194292,108.6244068,50.75922257,42.19765388,77.53735873,123.4178497,23.57559038,13.37512459,0
12.23423322,61.75685358,4.716595804,21.97717297,97.68638699,16.89777423,89.24898497,93.74465224,57.58524396,80.03349154,53.11938783,59.43557872,42.50867377,91.30971824,67.66738045,45.77810707,49.83366407,36.65986069,61.03395718,100.6504386,0
45.97573552,29.7310095,48.80392506,37.93129292,30.79957909,30.72302324,67.13666033,36.58564442,34.34890886,39.6450577,49.60805558,45.75345405,62.31524951,34.66694581,22.01540076,8.21694786,12.26588348,46.27474467,55.80016379,46.70753915,1
36.58783996,37.12772653,26.38286244,17.73533768,60.54639946,21.17561928,90.31856376,70.76583484,30.38680596,60.80841508,59.04040998,44.36633162,58.22249224,44.94109652,43.81447483,29.42256961,20.35052626,31.81271306,78.62252862,68.80786287,1
66.63556374,56.89430276,47.78672574,45.21260433,70.23283906,50.49535174,96.22464819,50.86749228,24.31421986,58.87872285,59.13903463,92.33405013,85.12053208,25.92146701,44.33827035,44.88145145,23.07455755,31.00675875,95.47562587,86.1076575,0
71.31433901,68.18828391,85.67995722,65.9634306,46.53641987,75.70555041,75.23240779,28.9608498,38.65394414,75.9485903,80.35628554,72.07502362,123.3027728,4.837943035,41.20465807,44.29529909,31.19470048,64.32093279,74.08399637,104.359002,0
48.57949263,7.084260715,63.8313361,54.58489111,11.14739175,57.59496214,36.28757639,53.62375132,73.53996342,8.959367958,38.40379552,43.64694887,70.34694309,44.08943971,18.28375171,27.04740231,46.5261195,90.88003338,38.50163296,32.21286254,1
16.08472278,32.4643727,18.42650286,10.59032079,54.90845282,14.28711218,81.13960902,58.04158944,41.11977314,64.0541789,45.73285803,44.61204058,47.26066734,55.18746253,31.25497263,30.04771599,18.5272393,39.09351659,55.37091045,50.35495862,1
9.683982382,31.88626439,15.45828771,8.434010626,47.36836541,3.646174301,52.7744491,62.95449073,38.42358681,65.26206275,28.66812174,29.11166583,33.17116459,62.50583882,36.05105764,37.5266708,31.77743115,41.89260298,54.1817489,69.90698853,1
72.75197928,40.75396307,110.098432,95.47348783,30.28918384,82.37636615,62.93041423,15.90373654,85.71499021,33.72655886,71.51488787,77.29593786,121.8857246,44.54772876,26.38784906,54.34552301,52.43054751,91.19595392,73.34548256,69.51811444,0
31.85449132,60.97942187,25.056445,44.6557432,102.9969464,34.11518501,91.71226954,90.34454727,90.64898392,64.63970402,29.61661681,29.87670008,13.92544078,92.31238346,88.94752125,60.5806843,53.52438447,71.96071178,40.54875718,63.49191442,0
61.68023184,8.98281863,46.70390715,50.11347355,30.46758664,47.00651188,35.35628217,48.53718886,59.78993097,22.10198241,25.29336518,26.22090211,54.93699993,66.13889088,28.85151197,20.49206323,36.86663554,95.91166818,29.45133312,23.15334981,1
55.07050075,70.81746701,46.69466105,36.60949731,92.26736712,41.3659315,93.43624043,80.65119928,8.220803945,90.60404431,70.8065803,68.17264126,100.0494413,48.9414003,70.08291177,43.23291107,38.16147994,6.472252017,100.8588561,120.0577466,0
79.90381038,33.90144077,61.74479379,66.10949962,30.38807981,49.40263639,77.47079912,20.75134614,62.18924064,44.21736643,65.91542255,74.60630834,74.35082279,14.84921132,16.79628849,20.92307279,33.86115565,56.96800362,71.2369279,74.69796367,1
39.06893484,30.09890146,40.16227562,31.90217859,60.84726031,29.61974263,44.06261312,70.99097658,66.9275333,45.62389703,6.512837717,5.355260915,31.24695154,69.58200201,55.36521931,40.33608519,54.53195594,104.4227227,9.020858673,40.08816742,1
104.127338,34.8750859,114.4903131,68.77942994,21.26719612,79.90641003,38.85363974,62.42069052,90.03917471,18.17526085,66.75445189,44.27250683,90.39179616,74.4637681,34.2841173,43.73274634,56.94529815,91.18165698,61.71402197,22.69235207,0
50.45957713,61.60220085,72.9030125,59.20313591,56.69808307,62.19177435,102.4713313,36.24449282,22.60046362,64.27075536,72.52629338,61.82442299,77.0239253,19.70222296,46.12426698,47.51260268,24.30606657,35.60324894,68.04731586,88.8323732,0
32.47847189,20.14493684,55.861423,43.06344181,38.05848529,28.1379686,27.74334287,75.21132145,58.32833983,37.33051786,18.8825819,13.60508411,45.67468692,63.43939368,27.30604865,33.51774172,51.07691184,84.60992346,14.56633674,36.95466349,1
45.67263451,14.22079274,47.15127691,27.07563834,34.01821836,37.87313076,47.2929024,61.39624685,55.11466189,31.53095662,18.77521529,14.53309668,54.70309237,61.18072099,28.02307801,24.46864225,30.94730534,76.53947256,31.42611127,39.72919999,1
54.33566828,81.03212291,54.39694731,37.20790003,82.46360629,58.45951573,124.5478285,74.48727909,5.927616386,104.2957382,62.35827733,66.66190249,93.97813337,53.11323735,83.14695205,64.88102655,33.39900084,7.264328841,94.60803012,121.6628699,0
34.09831319,6.059397077,39.51046368,33.05390097,20.36183784,33.71348916,45.67085344,58.00721483,72.94935841,24.55829462,33.54435316,30.0504947,66.65480598,41.75649192,18.69557234,10.41304562,28.1575729,73.73761679,34.01649115,35.10388057,1
90.6392731,50.93763893,118.4255357,79.98195429,47.29480132,110.7701801,67.5302382,11.94421804,69.23658181,55.24685945,81.83569165,108.252578,143.5281565,45.43690423,53.94003565,71.51014788,75.93804239,83.59721922,95.04592632,94.25538211,0
67.83541421,58.04901849,66.51720349,51.0597253,50.6536611,52.50664849,85.60584802,41.69753053,24.30045377,61.46269474,49.84581867,64.9193285,87.7158169,18.55280755,38.10342309,32.83087832,15.0783139,48.46257545,63.48828829,70.11436355,1
42.3179233,36.52466002,42.85986337,42.50280145,47.52571676,41.83551141,86.55646681,38.14354402,29.79018784,51.70719192,43.59729878,65.36956023,65.08833057,30.30352228,20.31325282,12.25323753,6.566836049,45.47336397,63.39475857,68.75102835,1
58.63635697,9.558622344,62.10334272,49.8356598,30.14744718,40.88319153,27.30013694,61.44523705,84.01178012,26.06856838,31.78142666,18.49546939,55.34146621,47.62012607,28.09826594,24.32284659,39.00507879,83.00715272,23.14065097,29.56119476,1
83.2159396,29.85812727,75.72063329,71.71156057,15.69168195,87.45650194,54.61547616,17.45136152,69.25699351,34.03194731,72.540147,72.11220723,99.89916058,39.58155466,29.78691268,27.77027847,51.09599934,82.39724535,65.83885795,54.96941592,0
63.43317675,57.71315572,64.50129917,66.02527544,46.94447421,63.02437714,73.02542405,13.59695814,65.00033689,42.71812076,86.57031231,77.69733258,102.0262765,14.13668624,43.8550005,30.5350989,38.92222016,63.35090337,81.57000107,59.33145958,0
